ticket_id,created_date,resolved_date,channel,category,priority,agent,resolution_time_hours,satisfaction_score,status
TCK-01909,2025-01-01,2025-01-01 02:29:24.000000000,Email,Product Question,Medium,Agent_06,2.49,5.0,Closed
TCK-01448,2025-01-01,2025-01-01 03:08:24.000000000,Email,Technical Issue,Medium,Agent_10,3.14,4.0,Resolved
TCK-01369,2025-01-01,2025-01-01 10:21:00.000000000,Chat,Product Question,Medium,Agent_15,10.35,3.0,Resolved
TCK-01956,2025-01-01,2025-01-01 06:17:23.999999999,Phone,Refund Request,High,Agent_13,6.29,,Resolved
TCK-01442,2025-01-01,2025-01-01 13:52:48.000000000,Email,Technical Issue,Low,Agent_09,13.88,,Resolved
TCK-04651,2025-01-01,2025-01-01 06:29:24.000000000,Phone,Account Access,Medium,Agent_16,6.49,3.0,Closed
TCK-02219,2025-01-01,2025-01-01 04:57:00.000000000,Email,Account Access,Low,Agent_12,4.95,,Reopened
TCK-03634,2025-01-01,2025-01-01 05:25:12.000000000,Email,Product Question,Medium,Agent_16,5.42,4.0,Resolved
TCK-02276,2025-01-01,2025-01-01 05:31:48.000000000,Email,Account Access,Medium,Agent_02,5.53,4.0,Resolved
TCK-02402,2025-01-01,2025-01-01 01:28:48.000000000,Email,Account Access,High,Agent_19,1.48,4.0,Resolved
TCK-04071,2025-01-02,2025-01-02 02:04:12.000000000,Email,Technical Issue,High,Agent_09,2.07,,Resolved
TCK-02749,2025-01-02,2025-01-02 07:27:36.000000000,Chat,Product Question,Low,Agent_03,7.46,,Reopened
TCK-03151,2025-01-02,2025-01-02 02:20:24.000000000,Phone,Billing,High,Agent_02,2.34,,Resolved
TCK-02606,2025-01-02,2025-01-02 07:55:48.000000000,Email,Technical Issue,Medium,Agent_17,7.93,4.0,Resolved
TCK-01510,2025-01-02,2025-01-02 00:39:00.000000000,Chat,Billing,High,Agent_05,0.65,5.0,Resolved
TCK-01699,2025-01-02,2025-01-02 05:16:48.000000000,Social Media,Product Question,Medium,Agent_08,5.28,4.0,Resolved
TCK-03194,2025-01-02,2025-01-02 04:07:48.000000000,Phone,Billing,Medium,Agent_14,4.13,4.0,Resolved
TCK-04558,2025-01-02,2025-01-02 04:35:24.000000000,Social Media,Refund Request,High,Agent_13,4.59,4.0,Closed
TCK-01197,2025-01-02,2025-01-02 06:15:36.000000000,Phone,Billing,Medium,Agent_06,6.26,3.0,Resolved
TCK-00341,2025-01-02,2025-01-02 04:32:24.000000000,Email,Account Access,Medium,Agent_05,4.54,4.0,Resolved
TCK-01582,2025-01-02,2025-01-02 04:51:00.000000000,Phone,Account Access,Low,Agent_06,4.85,,Resolved
TCK-00861,2025-01-02,2025-01-02 09:30:36.000000000,Email,Technical Issue,Low,Agent_11,9.51,,Resolved
TCK-04587,2025-01-02,2025-01-02 01:18:00.000000000,Phone,Product Question,High,Agent_15,1.3,4.0,Resolved
TCK-00733,2025-01-02,2025-01-02 03:33:36.000000000,Email,Product Question,Medium,Agent_10,3.56,,Resolved
TCK-03177,2025-01-02,2025-01-02 01:00:00.000000000,Email,Technical Issue,Urgent,Agent_09,1.0,,Reopened
TCK-01873,2025-01-02,2025-01-02 09:00:00.000000000,Phone,Account Access,Medium,Agent_20,9.0,5.0,Closed
TCK-01254,2025-01-02,2025-01-02 02:33:36.000000000,Chat,Product Question,Medium,Agent_17,2.56,5.0,Resolved
TCK-00805,2025-01-02,2025-01-02 05:48:36.000000000,Phone,Complaint,Medium,Agent_16,5.81,5.0,Resolved
TCK-00806,2025-01-02,2025-01-02 05:22:12.000000000,Chat,Technical Issue,Medium,Agent_19,5.37,4.0,Resolved
TCK-02588,2025-01-02,2025-01-02 02:18:00.000000000,Email,Refund Request,Low,Agent_02,2.3,5.0,Resolved
TCK-04845,2025-01-03,2025-01-03 01:16:12.000000000,Email,Refund Request,High,Agent_20,1.27,4.0,Resolved
TCK-03359,2025-01-03,2025-01-03 01:16:48.000000000,Phone,Technical Issue,Medium,Agent_18,1.28,,Resolved
TCK-00535,2025-01-03,2025-01-03 04:08:24.000000000,Phone,Refund Request,Low,Agent_15,4.14,,Resolved
TCK-00064,2025-01-03,2025-01-03 04:11:24.000000000,Email,Product Question,High,Agent_03,4.19,,Resolved
TCK-00667,2025-01-03,2025-01-03 07:15:00.000000000,Phone,Technical Issue,Low,Agent_15,7.25,3.0,Resolved
TCK-01239,2025-01-03,2025-01-03 05:19:48.000000000,Chat,Technical Issue,Low,Agent_09,5.33,,Resolved
TCK-02361,2025-01-03,2025-01-03 07:22:12.000000000,Email,Technical Issue,Low,Agent_07,7.37,4.0,Resolved
TCK-00425,2025-01-03,2025-01-03 04:40:48.000000000,Email,Account Access,Medium,Agent_01,4.68,,Resolved
TCK-04321,2025-01-03,2025-01-03 03:13:48.000000000,Phone,Complaint,Low,Agent_10,3.23,5.0,Resolved
TCK-04015,2025-01-03,2025-01-03 05:06:00.000000000,Email,Billing,Low,Agent_13,5.1,,Resolved
TCK-04649,2025-01-03,2025-01-03 03:25:12.000000000,Phone,Technical Issue,Medium,Agent_03,3.42,,Resolved
TCK-02162,2025-01-03,2025-01-03 01:42:00.000000000,Email,Billing,High,Agent_19,1.7,5.0,Resolved
TCK-01150,2025-01-03,2025-01-03 02:55:48.000000000,Phone,Complaint,Medium,Agent_09,2.93,4.0,Resolved
TCK-04728,2025-01-04,2025-01-04 07:31:12.000000000,Email,Product Question,Low,Agent_10,7.52,3.0,Resolved
TCK-01135,2025-01-04,2025-01-04 02:03:36.000000000,Email,Technical Issue,Low,Agent_07,2.06,3.0,Resolved
TCK-00263,2025-01-04,2025-01-04 04:33:36.000000000,Phone,Account Access,Medium,Agent_16,4.56,5.0,Resolved
TCK-01030,2025-01-04,2025-01-04 01:45:36.000000000,Chat,Product Question,Low,Agent_09,1.76,,Reopened
TCK-04748,2025-01-04,2025-01-04 09:08:24.000000000,Phone,Billing,Low,Agent_10,9.14,2.0,Resolved
TCK-04091,2025-01-04,2025-01-04 04:38:24.000000000,Phone,Billing,Medium,Agent_07,4.64,5.0,Reopened
TCK-01767,2025-01-04,2025-01-04 05:02:24.000000000,Chat,Complaint,Medium,Agent_20,5.04,5.0,Reopened
TCK-02403,2025-01-04,2025-01-04 04:09:36.000000000,Email,Account Access,Medium,Agent_08,4.16,3.0,Resolved
TCK-01723,2025-01-04,2025-01-04 02:24:00.000000000,Phone,Billing,High,Agent_03,2.4,5.0,Resolved
TCK-01492,2025-01-04,2025-01-04 06:32:24.000000000,Email,Product Question,Medium,Agent_15,6.54,,Resolved
TCK-03759,2025-01-04,2025-01-04 01:51:00.000000000,Phone,Technical Issue,Medium,Agent_07,1.85,4.0,Resolved
TCK-03685,2025-01-04,2025-01-04 06:37:12.000000000,Email,Billing,Medium,Agent_03,6.62,,Resolved
TCK-00750,2025-01-05,2025-01-05 00:57:00.000000000,Email,Technical Issue,High,Agent_04,0.95,,Resolved
TCK-01642,2025-01-05,2025-01-05 03:43:48.000000000,Email,Complaint,Medium,Agent_08,3.73,4.0,Resolved
TCK-03782,2025-01-05,2025-01-05 03:00:00.000000000,Phone,Refund Request,Medium,Agent_17,3.0,4.0,Resolved
TCK-03864,2025-01-05,2025-01-05 09:18:36.000000000,Chat,Account Access,Low,Agent_02,9.31,4.0,Closed
TCK-00761,2025-01-05,2025-01-05 04:43:12.000000000,Phone,Technical Issue,Low,Agent_17,4.72,2.0,Resolved
TCK-04353,2025-01-05,2025-01-05 03:49:48.000000000,Email,Product Question,Medium,Agent_10,3.83,3.0,Resolved
TCK-04064,2025-01-06,2025-01-06 03:45:36.000000000,Email,Technical Issue,High,Agent_02,3.76,4.0,Resolved
TCK-04006,2025-01-06,2025-01-06 04:59:24.000000000,Social Media,Product Question,Medium,Agent_01,4.99,4.0,Closed
TCK-03063,2025-01-06,2025-01-06 02:34:11.999999999,Email,Account Access,Medium,Agent_16,2.57,,Resolved
TCK-03096,2025-01-06,2025-01-06 01:32:24.000000000,Email,Technical Issue,High,Agent_16,1.54,4.0,Resolved
TCK-04190,2025-01-06,2025-01-06 05:05:24.000000000,Email,Product Question,Medium,Agent_07,5.09,,Resolved
TCK-04891,2025-01-06,2025-01-06 03:09:00.000000000,Chat,Product Question,Medium,Agent_11,3.15,5.0,Resolved
TCK-00799,2025-01-06,2025-01-06 01:10:12.000000000,Email,Technical Issue,High,Agent_01,1.17,,Resolved
TCK-01081,2025-01-06,2025-01-06 07:13:12.000000000,Email,Account Access,Medium,Agent_04,7.22,4.0,Closed
TCK-00998,2025-01-06,2025-01-06 06:25:48.000000000,Email,Billing,Low,Agent_14,6.43,,Resolved
TCK-00849,2025-01-06,2025-01-06 04:24:36.000000000,Email,Technical Issue,Medium,Agent_05,4.41,3.0,Closed
TCK-00370,2025-01-06,2025-01-06 12:43:48.000000000,Email,Product Question,Medium,Agent_17,12.73,,Resolved
TCK-02935,2025-01-07,2025-01-07 02:45:36.000000000,Chat,Technical Issue,Low,Agent_17,2.76,5.0,Resolved
TCK-04465,2025-01-07,2025-01-07 03:12:00.000000000,Email,Billing,Medium,Agent_01,3.2,4.0,Resolved
TCK-04487,2025-01-07,2025-01-07 02:58:48.000000000,Chat,Technical Issue,High,Agent_01,2.98,,Closed
TCK-03858,2025-01-07,2025-01-07 05:12:36.000000000,Chat,Technical Issue,Low,Agent_19,5.21,3.0,Resolved
TCK-04077,2025-01-07,2025-01-07 08:59:24.000000000,Email,Technical Issue,Low,Agent_07,8.99,3.0,Resolved
TCK-00438,2025-01-07,2025-01-07 15:41:24.000000000,Email,Technical Issue,Medium,Agent_10,15.69,2.0,Closed
TCK-03465,2025-01-07,2025-01-07 10:27:36.000000000,Phone,Product Question,Low,Agent_03,10.46,3.0,Resolved
TCK-01612,2025-01-07,2025-01-07 03:03:36.000000000,Phone,Product Question,Urgent,Agent_14,3.06,,Resolved
TCK-01326,2025-01-07,2025-01-07 12:43:12.000000000,Phone,Account Access,Low,Agent_11,12.72,,Closed
TCK-00375,2025-01-07,2025-01-07 07:24:00.000000000,Social Media,Technical Issue,Medium,Agent_03,7.4,4.0,Resolved
TCK-03818,2025-01-07,2025-01-07 07:13:48.000000000,Email,Technical Issue,High,Agent_08,7.23,3.0,Closed
TCK-01584,2025-01-07,2025-01-07 01:55:12.000000000,Email,Product Question,Urgent,Agent_07,1.92,,Resolved
TCK-01554,2025-01-07,2025-01-07 04:36:00.000000000,Email,Product Question,Medium,Agent_06,4.6,3.0,Closed
TCK-04523,2025-01-08,2025-01-08 04:02:24.000000000,Email,Refund Request,Low,Agent_09,4.04,4.0,Resolved
TCK-02050,2025-01-08,2025-01-08 02:57:00.000000000,Phone,Account Access,Urgent,Agent_17,2.95,3.0,Resolved
TCK-02131,2025-01-08,2025-01-08 04:22:12.000000000,Chat,Complaint,Medium,Agent_09,4.37,3.0,Resolved
TCK-00500,2025-01-08,2025-01-08 11:22:12.000000000,Email,Account Access,Low,Agent_12,11.37,4.0,Resolved
TCK-00260,2025-01-08,2025-01-08 04:16:48.000000000,Email,Product Question,High,Agent_16,4.28,,Resolved
TCK-00193,2025-01-08,2025-01-08 08:13:48.000000000,Email,Technical Issue,Medium,Agent_02,8.23,,Resolved
TCK-01489,2025-01-08,2025-01-08 00:40:48.000000000,Email,Product Question,Urgent,Agent_06,0.68,4.0,Resolved
TCK-04022,2025-01-08,2025-01-08 02:55:48.000000000,Email,Billing,Medium,Agent_06,2.93,5.0,Closed
TCK-03764,2025-01-08,2025-01-08 06:28:48.000000000,Email,Billing,Medium,Agent_19,6.48,4.0,Closed
TCK-03748,2025-01-08,2025-01-08 08:09:36.000000000,Chat,Product Question,Low,Agent_10,8.16,,Resolved
TCK-04995,2025-01-08,2025-01-08 05:13:12.000000000,Phone,Account Access,Medium,Agent_10,5.22,3.0,Resolved
TCK-02672,2025-01-09,2025-01-09 02:34:11.999999999,Phone,Billing,Low,Agent_10,2.57,,Resolved
TCK-03765,2025-01-09,2025-01-09 01:32:24.000000000,Chat,Complaint,Medium,Agent_06,1.54,4.0,Closed
TCK-02221,2025-01-09,2025-01-09 06:34:11.999999999,Email,Account Access,Medium,Agent_18,6.57,,Resolved
TCK-01127,2025-01-09,2025-01-09 02:20:24.000000000,Email,Product Question,Medium,Agent_13,2.34,,Resolved
TCK-01743,2025-01-09,2025-01-09 04:42:36.000000000,Email,Product Question,Low,Agent_09,4.71,4.0,Resolved
TCK-02098,2025-01-09,2025-01-09 05:39:36.000000000,Phone,Billing,Medium,Agent_17,5.66,3.0,Closed
TCK-00232,2025-01-09,2025-01-09 10:41:24.000000000,Phone,Technical Issue,Low,Agent_14,10.69,2.0,Resolved
TCK-00329,2025-01-09,2025-01-09 07:11:24.000000000,Chat,Technical Issue,Low,Agent_13,7.19,3.0,Reopened
TCK-03079,2025-01-09,2025-01-09 03:04:12.000000000,Phone,Billing,Medium,Agent_18,3.07,4.0,Resolved
TCK-03269,2025-01-09,2025-01-09 03:58:48.000000000,Chat,Billing,Medium,Agent_20,3.98,,Resolved
TCK-00130,2025-01-09,2025-01-09 15:26:24.000000000,Chat,Product Question,Medium,Agent_04,15.44,3.0,Closed
TCK-00781,2025-01-09,2025-01-09 01:00:00.000000000,Chat,Product Question,Medium,Agent_08,1.0,5.0,Resolved
TCK-03402,2025-01-09,2025-01-09 03:21:36.000000000,Email,Product Question,Medium,Agent_05,3.36,5.0,Resolved
TCK-01704,2025-01-09,2025-01-09 01:20:24.000000000,Email,Product Question,Urgent,Agent_05,1.34,5.0,Closed
TCK-03907,2025-01-09,2025-01-09 12:19:12.000000000,Email,Complaint,Low,Agent_09,12.32,2.0,Resolved
TCK-04036,2025-01-09,2025-01-09 04:19:12.000000000,Email,Technical Issue,Low,Agent_06,4.32,5.0,Resolved
TCK-04660,2025-01-09,2025-01-09 02:40:48.000000000,Email,Technical Issue,Low,Agent_15,2.68,,Closed
TCK-02370,2025-01-10,2025-01-10 05:33:36.000000000,Social Media,Complaint,Medium,Agent_03,5.56,4.0,Resolved
TCK-03957,2025-01-10,2025-01-10 02:39:36.000000000,Chat,Billing,High,Agent_14,2.66,,Resolved
TCK-02429,2025-01-10,2025-01-10 04:19:48.000000000,Phone,Account Access,High,Agent_17,4.33,5.0,Closed
TCK-02596,2025-01-10,2025-01-10 01:44:24.000000000,Chat,Technical Issue,Medium,Agent_02,1.74,5.0,Closed
TCK-00389,2025-01-10,2025-01-10 11:31:12.000000000,Chat,Account Access,Low,Agent_06,11.52,,Closed
TCK-00414,2025-01-10,2025-01-10 02:30:36.000000000,Chat,Billing,Medium,Agent_05,2.51,3.0,Closed
TCK-02289,2025-01-10,2025-01-10 05:10:48.000000000,Email,Technical Issue,Medium,Agent_16,5.18,4.0,Closed
TCK-04873,2025-01-10,2025-01-10 04:18:00.000000000,Email,Product Question,Medium,Agent_11,4.3,,Resolved
TCK-04220,2025-01-10,2025-01-10 01:27:00.000000000,Email,Product Question,High,Agent_16,1.45,4.0,Resolved
TCK-01140,2025-01-10,2025-01-10 03:30:36.000000000,Email,Technical Issue,Low,Agent_08,3.51,4.0,Closed
TCK-02183,2025-01-10,2025-01-10 02:07:48.000000000,Email,Refund Request,Medium,Agent_06,2.13,4.0,Resolved
TCK-03446,2025-01-10,2025-01-10 08:36:00.000000000,Email,Billing,High,Agent_15,8.6,3.0,Resolved
TCK-01359,2025-01-10,2025-01-10 02:06:00.000000000,Email,Billing,High,Agent_19,2.1,,Reopened
TCK-04605,2025-01-10,2025-01-10 07:09:00.000000000,Email,Refund Request,Low,Agent_13,7.15,,Resolved
TCK-04675,2025-01-11,2025-01-11 05:51:36.000000000,Chat,Technical Issue,Low,Agent_15,5.86,4.0,Closed
TCK-03497,2025-01-11,2025-01-11 04:09:36.000000000,Email,Account Access,Low,Agent_07,4.16,,Resolved
TCK-00790,2025-01-11,2025-01-11 07:36:36.000000000,Email,Refund Request,Low,Agent_10,7.61,,Closed
TCK-01453,2025-01-11,2025-01-11 06:08:24.000000000,Phone,Complaint,Low,Agent_01,6.14,4.0,Resolved
TCK-01904,2025-01-11,2025-01-11 00:59:24.000000000,Email,Technical Issue,High,Agent_16,0.99,4.0,Resolved
TCK-04495,2025-01-11,2025-01-11 04:44:24.000000000,Email,Technical Issue,High,Agent_15,4.74,,Resolved
TCK-01260,2025-01-11,2025-01-11 03:15:36.000000000,Social Media,Technical Issue,Medium,Agent_18,3.26,,Resolved
TCK-01550,2025-01-11,2025-01-11 07:57:36.000000000,Email,Technical Issue,Medium,Agent_20,7.96,3.0,Resolved
TCK-02911,2025-01-12,2025-01-12 01:32:24.000000000,Email,Billing,High,Agent_01,1.54,4.0,Resolved
TCK-03642,2025-01-12,2025-01-12 18:18:00.000000000,Phone,Product Question,Low,Agent_14,18.3,1.0,Resolved
TCK-02223,2025-01-12,2025-01-12 02:24:36.000000000,Chat,Account Access,High,Agent_09,2.41,5.0,Resolved
TCK-04491,2025-01-12,2025-01-12 06:41:24.000000000,Email,Refund Request,Low,Agent_08,6.69,4.0,Reopened
TCK-01496,2025-01-12,2025-01-12 02:50:24.000000000,Phone,Complaint,Medium,Agent_09,2.84,4.0,Resolved
TCK-00747,2025-01-12,2025-01-12 03:44:24.000000000,Email,Refund Request,Medium,Agent_03,3.74,5.0,Resolved
TCK-02459,2025-01-12,2025-01-12 01:53:24.000000000,Chat,Billing,High,Agent_06,1.89,5.0,Resolved
TCK-04204,2025-01-12,2025-01-12 04:51:36.000000000,Email,Technical Issue,Low,Agent_15,4.86,4.0,Reopened
TCK-04120,2025-01-12,2025-01-12 02:22:48.000000000,Email,Refund Request,Medium,Agent_06,2.38,3.0,Closed
TCK-03418,2025-01-12,2025-01-12 02:36:00.000000000,Email,Account Access,Medium,Agent_15,2.6,3.0,Resolved
TCK-00098,2025-01-12,2025-01-12 08:25:48.000000000,Chat,Product Question,Medium,Agent_03,8.43,5.0,Resolved
TCK-02519,2025-01-12,2025-01-12 03:54:36.000000000,Chat,Account Access,Medium,Agent_14,3.91,,Closed
TCK-03996,2025-01-12,2025-01-12 06:44:24.000000000,Phone,Technical Issue,Medium,Agent_04,6.74,3.0,Resolved
TCK-01829,2025-01-12,2025-01-12 01:19:48.000000000,Phone,Product Question,Urgent,Agent_18,1.33,5.0,Closed
TCK-00345,2025-01-12,2025-01-12 02:46:12.000000000,Email,Product Question,Medium,Agent_03,2.77,5.0,Resolved
TCK-04602,2025-01-12,2025-01-12 09:36:36.000000000,Email,Product Question,Low,Agent_19,9.61,,Resolved
TCK-03963,2025-01-13,2025-01-13 08:58:12.000000000,Chat,Billing,Medium,Agent_03,8.97,3.0,Resolved
TCK-02282,2025-01-13,2025-01-13 03:21:36.000000000,Email,Account Access,Medium,Agent_12,3.36,5.0,Closed
TCK-02826,2025-01-13,2025-01-13 02:22:12.000000000,Email,Complaint,Urgent,Agent_12,2.37,5.0,Closed
TCK-03280,2025-01-13,2025-01-13 05:06:36.000000000,Email,Complaint,High,Agent_10,5.11,5.0,Resolved
TCK-04235,2025-01-13,2025-01-13 04:46:48.000000000,Email,Product Question,Medium,Agent_05,4.78,3.0,Resolved
TCK-00623,2025-01-13,2025-01-13 13:00:36.000000000,Social Media,Technical Issue,Low,Agent_02,13.01,,Resolved
TCK-00107,2025-01-13,2025-01-13 10:40:12.000000000,Phone,Refund Request,Medium,Agent_15,10.67,4.0,Resolved
TCK-01643,2025-01-13,2025-01-13 03:17:23.999999999,Chat,Product Question,High,Agent_01,3.29,,Resolved
TCK-04264,2025-01-13,2025-01-13 03:22:12.000000000,Email,Product Question,Low,Agent_06,3.37,,Resolved
TCK-04962,2025-01-13,2025-01-13 12:40:48.000000000,Chat,Account Access,Low,Agent_15,12.68,,Closed
TCK-04905,2025-01-14,2025-01-14 08:03:36.000000000,Phone,Technical Issue,High,Agent_09,8.06,2.0,Reopened
TCK-00804,2025-01-14,2025-01-14 01:28:12.000000000,Chat,Refund Request,Urgent,Agent_19,1.47,4.0,Resolved
TCK-01406,2025-01-14,2025-01-14 09:21:00.000000000,Phone,Technical Issue,Medium,Agent_03,9.35,,Resolved
TCK-03715,2025-01-14,2025-01-14 01:27:00.000000000,Email,Product Question,Urgent,Agent_20,1.45,4.0,Resolved
TCK-02724,2025-01-14,2025-01-14 04:07:48.000000000,Email,Technical Issue,Urgent,Agent_13,4.13,3.0,Resolved
TCK-04259,2025-01-14,2025-01-14 09:07:12.000000000,Email,Technical Issue,Medium,Agent_20,9.12,3.0,Resolved
TCK-01869,2025-01-14,2025-01-14 09:33:36.000000000,Phone,Technical Issue,Low,Agent_17,9.56,2.0,Closed
TCK-01226,2025-01-14,2025-01-14 01:56:24.000000000,Phone,Technical Issue,High,Agent_04,1.94,,Resolved
TCK-03505,2025-01-14,2025-01-14 02:50:24.000000000,Chat,Technical Issue,Urgent,Agent_07,2.84,3.0,Closed
TCK-00077,2025-01-14,2025-01-14 02:40:12.000000000,Email,Technical Issue,Urgent,Agent_14,2.67,4.0,Resolved
TCK-04929,2025-01-14,2025-01-14 03:40:48.000000000,Phone,Complaint,Medium,Agent_12,3.68,5.0,Resolved
TCK-04512,2025-01-14,2025-01-14 07:50:24.000000000,Email,Account Access,Low,Agent_04,7.84,5.0,Resolved
TCK-00288,2025-01-14,2025-01-14 03:47:24.000000000,Phone,Technical Issue,High,Agent_15,3.79,,Resolved
TCK-03593,2025-01-14,2025-01-14 01:03:36.000000000,Email,Billing,High,Agent_16,1.06,,Resolved
TCK-00930,2025-01-14,2025-01-14 05:16:48.000000000,Chat,Product Question,Low,Unknown,5.28,3.0,Resolved
TCK-04711,2025-01-15,2025-01-15 03:52:48.000000000,Email,Account Access,Low,Agent_06,3.88,3.0,Resolved
TCK-03200,2025-01-15,2025-01-15 01:28:48.000000000,Email,Account Access,Medium,Agent_06,1.48,5.0,Resolved
TCK-01200,2025-01-15,2025-01-15 11:46:48.000000000,Phone,Billing,Low,Agent_15,11.78,4.0,Resolved
TCK-01998,2025-01-15,2025-01-15 20:34:47.999999999,Email,Technical Issue,Low,Agent_14,20.58,,Resolved
TCK-04154,2025-01-15,2025-01-15 01:10:12.000000000,Email,Product Question,Medium,Agent_10,1.17,5.0,Resolved
TCK-02841,2025-01-15,2025-01-15 02:52:48.000000000,Phone,Complaint,High,Agent_06,2.88,4.0,Resolved
TCK-02590,2025-01-15,2025-01-15 03:30:00.000000000,Chat,Technical Issue,High,Agent_12,3.5,3.0,Closed
TCK-02163,2025-01-15,2025-01-15 03:01:48.000000000,Chat,Refund Request,High,Agent_10,3.03,5.0,Resolved
TCK-04196,2025-01-15,2025-01-15 07:09:36.000000000,Chat,Complaint,Low,Agent_09,7.16,3.0,Closed
TCK-02732,2025-01-15,2025-01-15 04:29:24.000000000,Email,Refund Request,Low,Agent_15,4.49,,Resolved
TCK-00830,2025-01-15,2025-01-15 01:48:00.000000000,Email,Billing,Medium,Agent_05,1.8,,Resolved
TCK-01412,2025-01-15,2025-01-15 01:29:24.000000000,Phone,Technical Issue,Medium,Agent_16,1.49,,Resolved
TCK-04418,2025-01-15,2025-01-15 14:58:48.000000000,Phone,Refund Request,Medium,Agent_01,14.98,,Resolved
TCK-04552,2025-01-15,2025-01-15 04:04:12.000000000,Email,Billing,Low,Agent_04,4.07,,Resolved
TCK-02688,2025-01-15,2025-01-15 04:13:12.000000000,Chat,Technical Issue,High,Agent_18,4.22,,Closed
TCK-04052,2025-01-16,2025-01-16 03:30:00.000000000,Phone,Refund Request,Medium,Agent_18,3.5,4.0,Resolved
TCK-04149,2025-01-16,2025-01-16 03:15:00.000000000,Email,Technical Issue,Medium,Agent_19,3.25,,Resolved
TCK-00210,2025-01-16,2025-01-16 09:03:36.000000000,Chat,Billing,Medium,Agent_20,9.06,3.0,Resolved
TCK-00016,2025-01-16,2025-01-16 00:33:00.000000000,Phone,Refund Request,Urgent,Agent_18,0.55,,Resolved
TCK-01831,2025-01-16,2025-01-16 10:09:00.000000000,Email,Product Question,Low,Agent_20,10.15,2.0,Closed
TCK-04280,2025-01-16,2025-01-16 04:57:36.000000000,Email,Technical Issue,Medium,Agent_03,4.96,,Resolved
TCK-00862,2025-01-16,2025-01-16 04:48:00.000000000,Chat,Account Access,Medium,Agent_20,4.8,,Resolved
TCK-02299,2025-01-16,2025-01-16 04:22:12.000000000,Phone,Technical Issue,Medium,Agent_01,4.37,4.0,Resolved
TCK-00777,2025-01-16,2025-01-16 02:30:00.000000000,Chat,Product Question,Medium,Agent_08,2.5,3.0,Resolved
TCK-00522,2025-01-16,2025-01-16 02:07:12.000000000,Chat,Technical Issue,Medium,Agent_05,2.12,4.0,Resolved
TCK-04556,2025-01-16,2025-01-16 07:24:36.000000000,Phone,Refund Request,Medium,Agent_04,7.41,4.0,Resolved
TCK-01059,2025-01-16,2025-01-16 01:59:24.000000000,Phone,Account Access,High,Agent_11,1.99,3.0,Resolved
TCK-00979,2025-01-16,2025-01-16 09:42:00.000000000,Email,Account Access,Low,Agent_13,9.7,,Resolved
TCK-03840,2025-01-16,2025-01-16 00:52:12.000000000,Phone,Billing,High,Agent_05,0.87,5.0,Closed
TCK-00771,2025-01-17,2025-01-17 01:24:36.000000000,Email,Product Question,High,Agent_17,1.41,,Resolved
TCK-02973,2025-01-17,2025-01-17 01:46:12.000000000,Email,Refund Request,High,Agent_11,1.77,4.0,Resolved
TCK-04229,2025-01-17,2025-01-17 05:00:36.000000000,Phone,Technical Issue,Medium,Agent_08,5.01,3.0,Resolved
TCK-01766,2025-01-17,2025-01-17 09:25:12.000000000,Email,Billing,Low,Agent_03,9.42,4.0,Resolved
TCK-04511,2025-01-17,2025-01-17 02:53:24.000000000,Email,Billing,Medium,Agent_10,2.89,,Resolved
TCK-04736,2025-01-17,2025-01-17 02:38:24.000000000,Email,Complaint,Medium,Agent_13,2.64,,Resolved
TCK-03831,2025-01-17,2025-01-17 05:29:24.000000000,Chat,Billing,Low,Agent_07,5.49,,Closed
TCK-01070,2025-01-17,2025-01-17 04:04:48.000000000,Email,Account Access,Medium,Agent_03,4.08,,Closed
TCK-02331,2025-01-17,2025-01-17 04:59:24.000000000,Email,Technical Issue,Medium,Agent_14,4.99,3.0,Resolved
TCK-04087,2025-01-17,2025-01-17 00:57:00.000000000,Chat,Account Access,Urgent,Agent_05,0.95,4.0,Closed
TCK-03323,2025-01-17,2025-01-17 04:25:48.000000000,Email,Technical Issue,Medium,Agent_17,4.43,,Closed
TCK-02740,2025-01-17,2025-01-17 08:34:47.999999999,Email,Complaint,Low,Agent_16,8.58,3.0,Resolved
TCK-02482,2025-01-17,2025-01-17 08:53:24.000000000,Phone,Product Question,Low,Agent_11,8.89,2.0,Resolved
TCK-03812,2025-01-17,2025-01-17 08:01:12.000000000,Social Media,Refund Request,Medium,Agent_02,8.02,,Resolved
TCK-00357,2025-01-17,2025-01-17 13:46:12.000000000,Email,Account Access,High,Agent_17,13.77,2.0,Closed
TCK-00312,2025-01-17,2025-01-17 02:46:12.000000000,Phone,Product Question,Medium,Agent_07,2.77,5.0,Resolved
TCK-01478,2025-01-18,2025-01-18 01:18:36.000000000,Phone,Technical Issue,Medium,Agent_07,1.31,,Resolved
TCK-04730,2025-01-18,2025-01-18 01:16:48.000000000,Phone,Technical Issue,High,Agent_07,1.28,4.0,Resolved
TCK-00534,2025-01-18,2025-01-18 04:16:48.000000000,Chat,Product Question,Medium,Agent_08,4.28,4.0,Resolved
TCK-01423,2025-01-18,2025-01-18 01:49:48.000000000,Email,Billing,Medium,Agent_04,1.83,5.0,Resolved
TCK-01486,2025-01-18,2025-01-18 02:48:00.000000000,Email,Product Question,High,Agent_13,2.8,,Resolved
TCK-04289,2025-01-18,2025-01-18 03:34:11.999999999,Email,Billing,Medium,Agent_10,3.57,4.0,Resolved
TCK-03982,2025-01-18,2025-01-18 05:05:24.000000000,Email,Account Access,Low,Agent_07,5.09,5.0,Resolved
TCK-01741,2025-01-18,2025-01-18 05:24:00.000000000,Social Media,Refund Request,Medium,Agent_02,5.4,4.0,Resolved
TCK-04854,2025-01-18,2025-01-18 08:05:24.000000000,Chat,Billing,Medium,Agent_14,8.09,3.0,Closed
TCK-01230,2025-01-18,2025-01-18 02:39:36.000000000,Email,Account Access,Medium,Unknown,2.66,,Resolved
TCK-02844,2025-01-18,2025-01-18 08:46:48.000000000,Chat,Product Question,High,Agent_03,8.78,3.0,Resolved
TCK-01246,2025-01-18,2025-01-18 03:00:36.000000000,Chat,Technical Issue,Medium,Agent_20,3.01,4.0,Reopened
TCK-00544,2025-01-19,2025-01-19 02:33:36.000000000,Chat,Product Question,Urgent,Agent_01,2.56,4.0,Resolved
TCK-04080,2025-01-19,2025-01-19 14:49:48.000000000,Email,Billing,Medium,Agent_01,14.83,,Resolved
TCK-01602,2025-01-19,2025-01-19 09:36:36.000000000,Chat,Refund Request,Low,Agent_18,9.61,,Closed
TCK-04684,2025-01-19,2025-01-19 15:43:48.000000000,Social Media,Complaint,Low,Agent_11,15.73,2.0,Resolved
TCK-04307,2025-01-19,2025-01-19 03:09:00.000000000,Email,Technical Issue,Medium,Agent_20,3.15,,Resolved
TCK-01424,2025-01-19,2025-01-19 05:24:00.000000000,Phone,Product Question,Low,Agent_07,5.4,3.0,Resolved
TCK-02238,2025-01-19,2025-01-19 01:55:12.000000000,Social Media,Account Access,High,Agent_12,1.92,5.0,Resolved
TCK-03298,2025-01-19,2025-01-19 02:41:24.000000000,Email,Product Question,Medium,Agent_17,2.69,4.0,Resolved
TCK-02465,2025-01-19,2025-01-19 01:54:00.000000000,Email,Account Access,High,Agent_08,1.9,,Resolved
TCK-01413,2025-01-19,2025-01-19 06:06:00.000000000,Phone,Billing,Medium,Agent_19,6.1,4.0,Resolved
TCK-04301,2025-01-19,2025-01-19 01:25:12.000000000,Phone,Product Question,Low,Agent_05,1.42,5.0,Resolved
TCK-03424,2025-01-19,2025-01-19 03:48:36.000000000,Chat,Technical Issue,Medium,Agent_16,3.81,,Closed
TCK-03577,2025-01-19,2025-01-19 03:47:24.000000000,Email,Billing,Medium,Agent_05,3.79,4.0,Resolved
TCK-01936,2025-01-19,2025-01-19 09:21:36.000000000,Email,Billing,Low,Agent_05,9.36,,Closed
TCK-04946,2025-01-19,2025-01-19 05:58:12.000000000,Email,Product Question,Medium,Agent_14,5.97,5.0,Resolved
TCK-02932,2025-01-19,2025-01-19 04:49:12.000000000,Phone,Complaint,Medium,Agent_10,4.82,3.0,Resolved
TCK-02372,2025-01-19,2025-01-19 02:56:24.000000000,Email,Account Access,Medium,Agent_09,2.94,4.0,Reopened
TCK-00808,2025-01-19,2025-01-19 06:12:00.000000000,Chat,Account Access,Low,Agent_10,6.2,3.0,Resolved
TCK-01613,2025-01-19,2025-01-19 00:43:12.000000000,Email,Technical Issue,High,Agent_17,0.72,4.0,Resolved
TCK-04912,2025-01-19,2025-01-19 07:37:12.000000000,Phone,Complaint,Low,Agent_08,7.62,,Closed
TCK-00659,2025-01-19,2025-01-19 06:01:48.000000000,Email,Account Access,Low,Agent_20,6.03,,Resolved
TCK-00847,2025-01-20,2025-01-20 08:29:24.000000000,Phone,Billing,Medium,Agent_12,8.49,,Closed
TCK-00506,2025-01-20,2025-01-20 11:09:36.000000000,Email,Technical Issue,Low,Agent_14,11.16,2.0,Resolved
TCK-02578,2025-01-20,2025-01-20 05:44:24.000000000,Phone,Refund Request,Medium,Agent_17,5.74,,Closed
TCK-04972,2025-01-20,2025-01-20 05:06:00.000000000,Social Media,Technical Issue,Medium,Agent_09,5.1,5.0,Resolved
TCK-02274,2025-01-20,2025-01-20 01:05:24.000000000,Social Media,Billing,High,Agent_17,1.09,2.0,Resolved
TCK-00858,2025-01-20,2025-01-20 02:46:12.000000000,Chat,Complaint,Medium,Agent_05,2.77,,Resolved
TCK-01943,2025-01-20,2025-01-20 03:39:36.000000000,Email,Technical Issue,Medium,Agent_11,3.66,,Resolved
TCK-02448,2025-01-21,2025-01-21 01:48:00.000000000,Email,Account Access,Medium,Agent_19,1.8,4.0,Resolved
TCK-04662,2025-01-21,2025-01-21 03:48:36.000000000,Email,Complaint,Low,Agent_13,3.81,,Resolved
TCK-04145,2025-01-21,2025-01-21 10:47:24.000000000,Email,Product Question,Medium,Agent_19,10.79,,Resolved
TCK-03317,2025-01-21,2025-01-21 05:01:12.000000000,Chat,Technical Issue,Low,Agent_17,5.02,,Resolved
TCK-00818,2025-01-21,2025-01-21 02:55:48.000000000,Chat,Billing,High,Agent_13,2.93,,Resolved
TCK-01939,2025-01-21,2025-01-21 02:22:48.000000000,Email,Account Access,Medium,Agent_02,2.38,3.0,Closed
TCK-00986,2025-01-21,2025-01-21 02:13:48.000000000,Phone,Technical Issue,Medium,Agent_10,2.23,,Resolved
TCK-03741,2025-01-21,2025-01-21 04:28:12.000000000,Chat,Account Access,Low,Agent_06,4.47,,Resolved
TCK-04815,2025-01-21,2025-01-21 04:40:12.000000000,Email,Billing,Low,Agent_09,4.67,4.0,Closed
TCK-01227,2025-01-21,2025-01-21 01:46:12.000000000,Email,Product Question,High,Agent_02,1.77,3.0,Resolved
TCK-04977,2025-01-21,2025-01-21 01:37:48.000000000,Email,Technical Issue,High,Agent_05,1.63,,Resolved
TCK-00981,2025-01-21,2025-01-21 02:02:24.000000000,Email,Billing,High,Agent_05,2.04,4.0,Resolved
TCK-03760,2025-01-21,2025-01-21 06:18:36.000000000,Email,Technical Issue,Low,Agent_09,6.31,4.0,Resolved
TCK-03412,2025-01-21,2025-01-21 05:10:12.000000000,Email,Product Question,Medium,Agent_12,5.17,3.0,Resolved
TCK-01761,2025-01-21,2025-01-21 02:46:48.000000000,Email,Refund Request,Medium,Agent_18,2.78,3.0,Closed
TCK-00502,2025-01-21,2025-01-21 04:25:12.000000000,Phone,Technical Issue,Medium,Agent_19,4.42,,Resolved
TCK-02420,2025-01-22,2025-01-22 02:22:48.000000000,Email,Product Question,Low,Agent_14,2.38,5.0,Closed
TCK-03469,2025-01-22,2025-01-22 03:10:48.000000000,Social Media,Technical Issue,Low,Agent_12,3.18,4.0,Resolved
TCK-03073,2025-01-22,2025-01-22 03:24:36.000000000,Phone,Account Access,Medium,Agent_13,3.41,5.0,Resolved
TCK-02748,2025-01-22,2025-01-22 02:55:12.000000000,Chat,Technical Issue,Low,Agent_03,2.92,4.0,Resolved
TCK-04478,2025-01-22,2025-01-22 00:18:36.000000000,Email,Technical Issue,High,Agent_15,0.31,5.0,Resolved
TCK-00110,2025-01-22,2025-01-22 04:10:48.000000000,Email,Complaint,Medium,Agent_12,4.18,,Resolved
TCK-03144,2025-01-22,2025-01-22 05:24:36.000000000,Email,Product Question,Medium,Agent_11,5.41,4.0,Resolved
TCK-02617,2025-01-22,2025-01-22 08:31:12.000000000,Email,Product Question,Low,Agent_04,8.52,5.0,Resolved
TCK-01096,2025-01-22,2025-01-22 02:13:48.000000000,Phone,Account Access,Low,Agent_11,2.23,,Resolved
TCK-03149,2025-01-22,2025-01-22 06:45:36.000000000,Phone,Billing,Low,Agent_03,6.76,,Resolved
TCK-04348,2025-01-22,2025-01-22 03:12:36.000000000,Email,Product Question,Medium,Agent_11,3.21,3.0,Resolved
TCK-01575,2025-01-22,2025-01-22 04:18:36.000000000,Email,Technical Issue,Low,Agent_05,4.31,4.0,Resolved
TCK-04821,2025-01-22,2025-01-22 03:06:00.000000000,Phone,Technical Issue,Medium,Agent_13,3.1,5.0,Closed
TCK-04833,2025-01-22,2025-01-22 04:42:00.000000000,Social Media,Technical Issue,Medium,Agent_04,4.7,,Resolved
TCK-04853,2025-01-22,2025-01-22 04:01:12.000000000,Phone,Billing,Medium,Agent_12,4.02,,Reopened
TCK-02333,2025-01-23,2025-01-23 04:42:36.000000000,Chat,Technical Issue,Medium,Agent_19,4.71,4.0,Resolved
TCK-04697,2025-01-23,2025-01-23 01:17:23.999999999,Phone,Technical Issue,Low,Agent_03,1.29,4.0,Closed
TCK-01962,2025-01-23,2025-01-23 03:00:36.000000000,Phone,Technical Issue,Medium,Agent_08,3.01,3.0,Resolved
TCK-03879,2025-01-23,2025-01-23 03:40:12.000000000,Phone,Billing,Medium,Agent_02,3.67,4.0,Resolved
TCK-03461,2025-01-23,2025-01-23 14:11:24.000000000,Phone,Technical Issue,Low,Agent_09,14.19,2.0,Closed
TCK-04444,2025-01-23,2025-01-23 03:55:48.000000000,Email,Technical Issue,High,Agent_17,3.93,4.0,Resolved
TCK-01371,2025-01-23,2025-01-23 05:42:36.000000000,Email,Product Question,High,Agent_19,5.71,4.0,Resolved
TCK-01311,2025-01-23,2025-01-23 04:31:48.000000000,Phone,Billing,Low,Agent_09,4.53,4.0,Resolved
TCK-01430,2025-01-23,2025-01-23 04:10:12.000000000,Email,Billing,Medium,Agent_13,4.17,4.0,Resolved
TCK-02485,2025-01-23,2025-01-23 02:49:12.000000000,Email,Technical Issue,Medium,Agent_10,2.82,,Resolved
TCK-03493,2025-01-23,2025-01-23 02:19:48.000000000,Email,Product Question,Medium,Agent_01,2.33,4.0,Closed
TCK-00579,2025-01-23,2025-01-23 02:34:47.999999999,Email,Technical Issue,High,Agent_14,2.58,4.0,Resolved
TCK-02942,2025-01-23,2025-01-23 01:24:00.000000000,Email,Product Question,Medium,Agent_11,1.4,4.0,Resolved
TCK-01849,2025-01-23,2025-01-23 03:15:00.000000000,Email,Product Question,High,Agent_11,3.25,4.0,Resolved
TCK-02764,2025-01-24,2025-01-24 02:54:00.000000000,Email,Refund Request,High,Agent_06,2.9,5.0,Resolved
TCK-01416,2025-01-24,2025-01-24 06:29:24.000000000,Email,Refund Request,Medium,Agent_08,6.49,4.0,Reopened
TCK-02089,2025-01-24,2025-01-24 10:02:24.000000000,Email,Refund Request,Medium,Agent_04,10.04,,Resolved
TCK-02291,2025-01-24,2025-01-24 02:24:00.000000000,Phone,Technical Issue,High,Agent_01,2.4,5.0,Closed
TCK-03758,2025-01-24,2025-01-24 01:10:48.000000000,Phone,Billing,High,Agent_18,1.18,5.0,Resolved
TCK-00239,2025-01-24,2025-01-24 04:24:36.000000000,Phone,Technical Issue,Medium,Agent_02,4.41,5.0,Resolved
TCK-02848,2025-01-24,2025-01-24 05:52:12.000000000,Chat,Technical Issue,Medium,Agent_12,5.87,4.0,Resolved
TCK-00005,2025-01-25,2025-01-25 12:54:00.000000000,Chat,Billing,Medium,Agent_16,12.9,1.0,Resolved
TCK-02924,2025-01-25,2025-01-25 10:32:24.000000000,Phone,Account Access,Low,Agent_12,10.54,3.0,Resolved
TCK-04416,2025-01-25,2025-01-25 04:54:36.000000000,Phone,Account Access,Medium,Agent_07,4.91,4.0,Closed
TCK-00995,2025-01-25,2025-01-25 06:33:00.000000000,Chat,Technical Issue,Low,Agent_08,6.55,3.0,Resolved
TCK-00347,2025-01-25,2025-01-25 02:55:48.000000000,Email,Billing,Low,Agent_18,2.93,4.0,Resolved
TCK-02671,2025-01-25,2025-01-25 10:55:12.000000000,Phone,Refund Request,Low,Agent_04,10.92,,Resolved
TCK-02272,2025-01-25,2025-01-25 02:58:12.000000000,Email,Billing,High,Agent_13,2.97,3.0,Closed
TCK-03521,2025-01-25,2025-01-25 01:52:12.000000000,Phone,Refund Request,Urgent,Agent_13,1.87,5.0,Closed
TCK-04652,2025-01-25,2025-01-25 03:34:11.999999999,Phone,Complaint,Medium,Agent_08,3.57,,Resolved
TCK-02400,2025-01-25,2025-01-25 04:07:12.000000000,Email,Complaint,Medium,Agent_04,4.12,4.0,Resolved
TCK-00478,2025-01-25,2025-01-25 05:43:12.000000000,Email,Technical Issue,Medium,Agent_05,5.72,3.0,Resolved
TCK-04354,2025-01-25,2025-01-25 01:13:48.000000000,Email,Billing,Urgent,Agent_14,1.23,5.0,Resolved
TCK-01729,2025-01-25,2025-01-25 03:54:36.000000000,Email,Account Access,Low,Agent_09,3.91,,Closed
TCK-04604,2025-01-25,2025-01-25 00:43:48.000000000,Chat,Refund Request,Urgent,Agent_04,0.73,,Closed
TCK-04251,2025-01-25,2025-01-25 00:59:24.000000000,Email,Technical Issue,Urgent,Agent_14,0.99,4.0,Closed
TCK-04237,2025-01-25,2025-01-25 04:52:12.000000000,Chat,Refund Request,Low,Agent_05,4.87,,Resolved
TCK-04798,2025-01-25,2025-01-25 04:49:48.000000000,Social Media,Account Access,Low,Agent_01,4.83,,Resolved
TCK-03877,2025-01-25,2025-01-25 04:05:24.000000000,Chat,Complaint,Medium,Agent_18,4.09,4.0,Closed
TCK-01322,2025-01-25,2025-01-25 05:00:00.000000000,Phone,Billing,Medium,Agent_09,5.0,3.0,Resolved
TCK-02192,2025-01-26,2025-01-26 02:15:00.000000000,Email,Technical Issue,Medium,Agent_07,2.25,5.0,Reopened
TCK-04644,2025-01-26,2025-01-26 08:16:48.000000000,Chat,Product Question,Low,Agent_20,8.28,,Closed
TCK-04814,2025-01-26,2025-01-26 09:33:00.000000000,Phone,Technical Issue,High,Agent_13,9.55,3.0,Resolved
TCK-03030,2025-01-26,2025-01-26 05:19:48.000000000,Phone,Account Access,Medium,Agent_20,5.33,,Resolved
TCK-04640,2025-01-26,2025-01-26 05:01:12.000000000,Email,Refund Request,Medium,Agent_07,5.02,4.0,Resolved
TCK-02755,2025-01-26,2025-01-26 06:02:24.000000000,Email,Billing,Medium,Agent_13,6.04,,Resolved
TCK-03115,2025-01-26,2025-01-26 01:13:48.000000000,Email,Account Access,High,Agent_10,1.23,5.0,Resolved
TCK-02551,2025-01-26,2025-01-26 05:25:12.000000000,Email,Account Access,Low,Agent_15,5.42,,Resolved
TCK-03371,2025-01-26,2025-01-26 07:40:48.000000000,Social Media,Technical Issue,Low,Agent_03,7.68,,Resolved
TCK-04359,2025-01-26,2025-01-26 03:14:24.000000000,Phone,Billing,Low,Agent_13,3.24,,Resolved
TCK-00859,2025-01-26,2025-01-26 06:34:47.999999999,Phone,Technical Issue,High,Agent_15,6.58,4.0,Resolved
TCK-02665,2025-01-26,2025-01-26 02:01:48.000000000,Email,Billing,Urgent,Agent_04,2.03,5.0,Resolved
TCK-04553,2025-01-27,2025-01-27 10:29:24.000000000,Email,Technical Issue,Low,Agent_04,10.49,,Resolved
TCK-03492,2025-01-27,2025-01-27 07:52:48.000000000,Phone,Complaint,Medium,Agent_19,7.88,3.0,Resolved
TCK-01794,2025-01-27,2025-01-27 06:18:00.000000000,Chat,Account Access,Medium,Agent_06,6.3,5.0,Resolved
TCK-04191,2025-01-27,2025-01-27 07:00:36.000000000,Email,Account Access,Low,Agent_08,7.01,3.0,Resolved
TCK-01913,2025-01-27,2025-01-27 01:43:12.000000000,Chat,Account Access,High,Agent_15,1.72,,Reopened
TCK-03237,2025-01-27,2025-01-27 02:18:00.000000000,Email,Complaint,Low,Unknown,2.3,4.0,Resolved
TCK-03948,2025-01-27,2025-01-27 00:45:00.000000000,Phone,Technical Issue,Urgent,Agent_07,0.75,,Resolved
TCK-00619,2025-01-27,2025-01-27 03:24:00.000000000,Chat,Product Question,Low,Agent_05,3.4,,Closed
TCK-03612,2025-01-27,2025-01-27 03:31:12.000000000,Phone,Technical Issue,High,Agent_01,3.52,,Closed
TCK-01985,2025-01-27,2025-01-27 04:46:12.000000000,Email,Account Access,Medium,Agent_02,4.77,5.0,Resolved
TCK-00982,2025-01-27,2025-01-27 05:25:48.000000000,Phone,Product Question,Low,Agent_16,5.43,,Resolved
TCK-04740,2025-01-27,2025-01-27 08:55:12.000000000,Email,Product Question,Medium,Agent_03,8.92,,Resolved
TCK-03776,2025-01-27,2025-01-27 08:15:36.000000000,Chat,Complaint,Medium,Agent_04,8.26,3.0,Closed
TCK-03295,2025-01-27,2025-01-27 06:55:12.000000000,Phone,Billing,Low,Agent_03,6.92,4.0,Resolved
TCK-01871,2025-01-28,2025-01-28 03:39:36.000000000,Email,Account Access,Medium,Agent_17,3.66,,Closed
TCK-00029,2025-01-28,2025-01-28 06:30:00.000000000,Email,Billing,Low,Agent_20,6.5,3.0,Resolved
TCK-01213,2025-01-28,2025-01-28 17:22:48.000000000,Phone,Technical Issue,Medium,Agent_11,17.38,,Resolved
TCK-01175,2025-01-28,2025-01-28 04:10:12.000000000,Chat,Product Question,Low,Unknown,4.17,4.0,Resolved
TCK-01015,2025-01-28,2025-01-28 02:45:36.000000000,Phone,Product Question,Medium,Agent_01,2.76,,Resolved
TCK-02629,2025-01-28,2025-01-28 03:07:12.000000000,Chat,Technical Issue,Low,Agent_02,3.12,4.0,Resolved
TCK-03574,2025-01-28,2025-01-28 01:46:12.000000000,Phone,Technical Issue,Low,Agent_05,1.77,5.0,Resolved
TCK-03892,2025-01-28,2025-01-28 02:09:36.000000000,Chat,Billing,High,Agent_20,2.16,4.0,Closed
TCK-03496,2025-01-28,2025-01-28 10:46:48.000000000,Email,Account Access,Low,Agent_09,10.78,2.0,Resolved
TCK-04657,2025-01-28,2025-01-28 00:58:48.000000000,Email,Technical Issue,Medium,Agent_06,0.98,4.0,Closed
TCK-02439,2025-01-29,2025-01-29 01:50:24.000000000,Email,Technical Issue,High,Agent_08,1.84,4.0,Resolved
TCK-02816,2025-01-29,2025-01-29 02:26:24.000000000,Chat,Refund Request,Low,Agent_13,2.44,,Closed
TCK-00087,2025-01-29,2025-01-29 04:43:12.000000000,Phone,Product Question,Medium,Agent_11,4.72,,Resolved
TCK-01531,2025-01-29,2025-01-29 03:06:00.000000000,Chat,Billing,Low,Agent_03,3.1,,Reopened
TCK-01548,2025-01-29,2025-01-29 01:55:48.000000000,Phone,Account Access,High,Agent_07,1.93,4.0,Resolved
TCK-04065,2025-01-29,2025-01-29 01:51:36.000000000,Phone,Complaint,Urgent,Agent_05,1.86,4.0,Resolved
TCK-00987,2025-01-29,2025-01-29 03:43:48.000000000,Phone,Account Access,Low,Agent_02,3.73,,Resolved
TCK-00177,2025-01-29,2025-01-29 03:29:24.000000000,Chat,Technical Issue,Medium,Agent_03,3.49,3.0,Resolved
TCK-03540,2025-01-29,2025-01-29 04:40:48.000000000,Chat,Billing,Medium,Agent_03,4.68,,Resolved
TCK-03876,2025-01-29,2025-01-29 05:46:12.000000000,Chat,Product Question,Low,Agent_19,5.77,3.0,Closed
TCK-04584,2025-01-29,2025-01-29 01:47:24.000000000,Email,Account Access,Urgent,Agent_20,1.79,3.0,Resolved
TCK-01811,2025-01-30,2025-01-30 02:16:48.000000000,Email,Account Access,Low,Agent_05,2.28,5.0,Closed
TCK-03094,2025-01-30,2025-01-30 11:58:48.000000000,Phone,Billing,Low,Agent_11,11.98,,Resolved
TCK-00399,2025-01-30,2025-01-30 07:03:00.000000000,Email,Refund Request,Low,Agent_20,7.05,,Resolved
TCK-04608,2025-01-30,2025-01-30 02:36:00.000000000,Phone,Product Question,Medium,Agent_17,2.6,5.0,Resolved
TCK-01056,2025-01-30,2025-01-30 04:06:00.000000000,Email,Account Access,High,Unknown,4.1,,Resolved
TCK-04497,2025-01-30,2025-01-30 03:22:12.000000000,Email,Refund Request,High,Agent_09,3.37,,Resolved
TCK-02712,2025-01-30,2025-01-30 07:12:00.000000000,Chat,Product Question,High,Agent_11,7.2,3.0,Resolved
TCK-03719,2025-01-30,2025-01-30 05:42:36.000000000,Chat,Product Question,Low,Agent_06,5.71,4.0,Resolved
TCK-01082,2025-01-31,2025-01-31 03:32:24.000000000,Email,Billing,Low,Agent_15,3.54,4.0,Resolved
TCK-00638,2025-01-31,2025-01-31 03:21:00.000000000,Email,Technical Issue,Medium,Agent_10,3.35,4.0,Closed
TCK-03599,2025-01-31,2025-01-31 03:27:00.000000000,Chat,Technical Issue,High,Agent_14,3.45,4.0,Resolved
TCK-00206,2025-01-31,2025-01-31 08:24:36.000000000,Phone,Technical Issue,Low,Agent_17,8.41,4.0,Resolved
TCK-01321,2025-01-31,2025-01-31 02:13:12.000000000,Phone,Billing,Low,Agent_05,2.22,5.0,Resolved
TCK-03847,2025-01-31,2025-01-31 05:02:24.000000000,Email,Billing,Medium,Agent_19,5.04,2.0,Resolved
TCK-01288,2025-01-31,2025-01-31 02:57:00.000000000,Phone,Product Question,Low,Agent_16,2.95,4.0,Resolved
TCK-01216,2025-01-31,2025-01-31 03:12:36.000000000,Social Media,Technical Issue,High,Agent_06,3.21,,Closed
TCK-04537,2025-01-31,2025-01-31 01:44:24.000000000,Chat,Technical Issue,High,Agent_17,1.74,,Resolved
TCK-00240,2025-01-31,2025-01-31 12:52:12.000000000,Phone,Account Access,Medium,Agent_18,12.87,2.0,Resolved
TCK-02595,2025-01-31,2025-01-31 04:20:24.000000000,Email,Billing,Low,Agent_04,4.34,,Resolved
TCK-00391,2025-01-31,2025-01-31 03:17:23.999999999,Phone,Refund Request,Medium,Agent_08,3.29,4.0,Closed
TCK-03580,2025-02-01,2025-02-01 01:16:48.000000000,Email,Technical Issue,Urgent,Agent_14,1.28,3.0,Resolved
TCK-03503,2025-02-01,2025-02-01 01:18:36.000000000,Email,Refund Request,High,Agent_13,1.31,,Resolved
TCK-02326,2025-02-01,2025-02-01 02:24:00.000000000,Email,Account Access,Low,Agent_01,2.4,5.0,Closed
TCK-00841,2025-02-01,2025-02-01 04:55:48.000000000,Email,Billing,Low,Agent_19,4.93,,Resolved
TCK-02825,2025-02-01,2025-02-01 09:58:12.000000000,Email,Technical Issue,Medium,Agent_03,9.97,3.0,Resolved
TCK-03281,2025-02-01,2025-02-01 06:45:36.000000000,Email,Billing,Medium,Agent_06,6.76,,Resolved
TCK-00713,2025-02-01,2025-02-01 01:51:36.000000000,Phone,Refund Request,Medium,Agent_03,1.86,4.0,Resolved
TCK-02489,2025-02-01,2025-02-01 05:17:23.999999999,Phone,Billing,Medium,Agent_20,5.29,4.0,Resolved
TCK-03241,2025-02-01,2025-02-01 02:37:48.000000000,Email,Billing,Low,Agent_05,2.63,4.0,Resolved
TCK-02277,2025-02-01,2025-02-01 08:34:11.999999999,Email,Billing,Medium,Agent_04,8.57,,Reopened
TCK-00156,2025-02-01,2025-02-01 11:38:24.000000000,Phone,Account Access,Low,Agent_19,11.64,3.0,Resolved
TCK-03488,2025-02-02,2025-02-02 12:10:12.000000000,Chat,Account Access,Low,Agent_07,12.17,2.0,Resolved
TCK-04886,2025-02-02,2025-02-02 04:30:00.000000000,Email,Product Question,Medium,Agent_20,4.5,5.0,Resolved
TCK-02814,2025-02-02,2025-02-02 02:33:36.000000000,Email,Billing,Medium,Agent_19,2.56,5.0,Closed
TCK-04658,2025-02-02,2025-02-02 03:34:47.999999999,Social Media,Complaint,Medium,Agent_15,3.58,5.0,Resolved
TCK-00655,2025-02-02,2025-02-02 08:33:36.000000000,Phone,Billing,Low,Agent_12,8.56,3.0,Resolved
TCK-00132,2025-02-02,2025-02-02 05:15:00.000000000,Email,Technical Issue,High,Agent_20,5.25,3.0,Resolved
TCK-01491,2025-02-02,2025-02-02 06:09:36.000000000,Email,Technical Issue,High,Agent_13,6.16,5.0,Resolved
TCK-03495,2025-02-02,2025-02-02 04:37:12.000000000,Email,Refund Request,Medium,Agent_18,4.62,,Resolved
TCK-04392,2025-02-02,2025-02-02 17:08:24.000000000,Phone,Complaint,Medium,Agent_06,17.14,2.0,Resolved
TCK-03208,2025-02-02,2025-02-02 09:39:36.000000000,Email,Account Access,Medium,Agent_01,9.66,,Resolved
TCK-01681,2025-02-02,2025-02-02 02:32:24.000000000,Email,Billing,Medium,Agent_08,2.54,4.0,Resolved
TCK-04218,2025-02-02,2025-02-02 01:17:23.999999999,Phone,Complaint,Urgent,Agent_07,1.29,4.0,Resolved
TCK-01769,2025-02-02,2025-02-02 15:05:24.000000000,Social Media,Technical Issue,Low,Agent_17,15.09,,Resolved
TCK-01891,2025-02-02,2025-02-02 10:27:00.000000000,Email,Technical Issue,Low,Agent_03,10.45,4.0,Resolved
TCK-03942,2025-02-02,2025-02-02 01:10:48.000000000,Phone,Technical Issue,High,Agent_10,1.18,,Reopened
TCK-01503,2025-02-02,2025-02-02 05:24:00.000000000,Email,Complaint,Medium,Agent_06,5.4,3.0,Resolved
TCK-00688,2025-02-02,2025-02-02 03:55:48.000000000,Email,Technical Issue,High,Agent_11,3.93,5.0,Closed
TCK-02872,2025-02-03,2025-02-03 04:48:36.000000000,Email,Refund Request,Low,Agent_16,4.81,5.0,Closed
TCK-04061,2025-02-03,2025-02-03 01:39:00.000000000,Chat,Technical Issue,High,Agent_18,1.65,4.0,Closed
TCK-00319,2025-02-03,2025-02-03 11:17:23.999999999,Email,Product Question,Medium,Agent_03,11.29,1.0,Resolved
TCK-02042,2025-02-03,2025-02-03 08:19:12.000000000,Email,Billing,High,Agent_15,8.32,3.0,Resolved
TCK-04088,2025-02-03,2025-02-03 09:07:48.000000000,Email,Technical Issue,Low,Agent_10,9.13,,Resolved
TCK-01993,2025-02-03,2025-02-03 00:52:48.000000000,Chat,Technical Issue,Medium,Agent_08,0.88,4.0,Resolved
TCK-00870,2025-02-03,2025-02-03 02:03:36.000000000,Email,Account Access,Urgent,Agent_20,2.06,4.0,Resolved
TCK-01593,2025-02-03,2025-02-03 03:18:36.000000000,Chat,Technical Issue,Medium,Agent_09,3.31,5.0,Resolved
TCK-04571,2025-02-03,2025-02-03 19:06:00.000000000,Phone,Account Access,Low,Agent_19,19.1,,Closed
TCK-04488,2025-02-03,2025-02-03 01:16:48.000000000,Email,Complaint,Medium,Agent_18,1.28,3.0,Closed
TCK-00786,2025-02-03,2025-02-03 02:59:24.000000000,Email,Billing,Low,Agent_06,2.99,4.0,Resolved
TCK-00093,2025-02-03,2025-02-03 04:33:36.000000000,Phone,Product Question,Low,Agent_16,4.56,4.0,Resolved
TCK-02300,2025-02-03,2025-02-03 02:28:48.000000000,Phone,Complaint,Medium,Agent_12,2.48,,Closed
TCK-00911,2025-02-04,2025-02-04 01:57:00.000000000,Phone,Billing,Urgent,Agent_13,1.95,4.0,Reopened
TCK-00541,2025-02-04,2025-02-04 07:49:48.000000000,Phone,Account Access,Low,Agent_17,7.83,,Resolved
TCK-04631,2025-02-04,2025-02-04 03:17:23.999999999,Phone,Billing,High,Agent_09,3.29,,Closed
TCK-00660,2025-02-04,2025-02-04 01:34:11.999999999,Phone,Technical Issue,Urgent,Agent_11,1.57,4.0,Resolved
TCK-03374,2025-02-04,2025-02-04 01:38:24.000000000,Chat,Technical Issue,Medium,Agent_01,1.64,,Resolved
TCK-02413,2025-02-04,2025-02-04 10:27:36.000000000,Chat,Technical Issue,High,Agent_14,10.46,3.0,Resolved
TCK-02554,2025-02-04,2025-02-04 02:12:36.000000000,Phone,Complaint,Medium,Agent_04,2.21,4.0,Resolved
TCK-00336,2025-02-04,2025-02-04 02:16:48.000000000,Chat,Product Question,Medium,Agent_05,2.28,5.0,Resolved
TCK-02776,2025-02-04,2025-02-04 06:15:36.000000000,Phone,Product Question,Low,Agent_05,6.26,3.0,Closed
TCK-03935,2025-02-04,2025-02-04 09:37:12.000000000,Phone,Product Question,Low,Agent_19,9.62,3.0,Resolved
TCK-00634,2025-02-04,2025-02-04 04:18:36.000000000,Email,Complaint,Medium,Agent_01,4.31,3.0,Reopened
TCK-00937,2025-02-04,2025-02-04 08:57:36.000000000,Chat,Refund Request,Low,Agent_14,8.96,3.0,Resolved
TCK-04532,2025-02-04,2025-02-04 04:28:48.000000000,Email,Billing,Low,Agent_07,4.48,2.0,Resolved
TCK-03632,2025-02-04,2025-02-04 04:30:36.000000000,Phone,Billing,Low,Agent_04,4.51,4.0,Resolved
TCK-04426,2025-02-04,2025-02-04 03:19:48.000000000,Chat,Account Access,High,Agent_07,3.33,4.0,Resolved
TCK-00203,2025-02-04,2025-02-04 03:43:12.000000000,Email,Billing,Low,Agent_15,3.72,3.0,Resolved
TCK-00751,2025-02-04,2025-02-04 04:06:00.000000000,Social Media,Technical Issue,Low,Agent_10,4.1,4.0,Resolved
TCK-04260,2025-02-04,2025-02-04 04:26:24.000000000,Phone,Refund Request,Low,Agent_01,4.44,5.0,Resolved
TCK-04254,2025-02-04,2025-02-04 05:14:24.000000000,Social Media,Account Access,Low,Agent_18,5.24,4.0,Resolved
TCK-02226,2025-02-04,2025-02-04 04:18:00.000000000,Email,Product Question,High,Agent_15,4.3,2.0,Resolved
TCK-01650,2025-02-04,2025-02-04 01:55:12.000000000,Phone,Technical Issue,High,Agent_15,1.92,5.0,Resolved
TCK-00047,2025-02-05,2025-02-05 02:27:36.000000000,Email,Billing,Medium,Agent_13,2.46,3.0,Resolved
TCK-00178,2025-02-05,2025-02-05 05:31:12.000000000,Email,Complaint,High,Agent_15,5.52,4.0,Resolved
TCK-04687,2025-02-05,2025-02-05 16:04:12.000000000,Phone,Technical Issue,High,Agent_12,16.07,,Resolved
TCK-04808,2025-02-05,2025-02-05 02:12:36.000000000,Email,Billing,Medium,Agent_12,2.21,5.0,Closed
TCK-04988,2025-02-05,2025-02-05 06:16:48.000000000,Chat,Account Access,Low,Agent_11,6.28,5.0,Reopened
TCK-03244,2025-02-05,2025-02-05 05:25:12.000000000,Chat,Complaint,Medium,Unknown,5.42,4.0,Resolved
TCK-04723,2025-02-05,2025-02-05 03:19:12.000000000,Phone,Account Access,Low,Agent_15,3.32,3.0,Resolved
TCK-02702,2025-02-05,2025-02-05 01:10:12.000000000,Phone,Product Question,Medium,Agent_09,1.17,4.0,Closed
TCK-02266,2025-02-05,2025-02-05 03:19:12.000000000,Chat,Account Access,Medium,Agent_17,3.32,4.0,Resolved
TCK-03919,2025-02-05,2025-02-05 03:51:36.000000000,Chat,Product Question,Medium,Agent_17,3.86,,Resolved
TCK-04274,2025-02-05,2025-02-05 06:06:00.000000000,Phone,Billing,Medium,Agent_15,6.1,4.0,Resolved
TCK-04803,2025-02-05,2025-02-05 03:27:36.000000000,Email,Billing,Urgent,Agent_01,3.46,3.0,Resolved
TCK-01802,2025-02-05,2025-02-05 01:07:12.000000000,Phone,Technical Issue,Medium,Agent_19,1.12,5.0,Resolved
TCK-03379,2025-02-05,2025-02-05 03:57:00.000000000,Phone,Billing,Low,Agent_11,3.95,3.0,Resolved
TCK-04031,2025-02-05,2025-02-05 01:57:36.000000000,Chat,Billing,Low,Agent_18,1.96,5.0,Resolved
TCK-01698,2025-02-06,2025-02-06 10:21:36.000000000,Email,Refund Request,Medium,Agent_01,10.36,3.0,Resolved
TCK-02995,2025-02-06,2025-02-06 10:09:00.000000000,Email,Complaint,Low,Agent_15,10.15,3.0,Resolved
TCK-01840,2025-02-06,2025-02-06 04:37:12.000000000,Phone,Billing,Medium,Agent_04,4.62,5.0,Reopened
TCK-02642,2025-02-06,2025-02-06 07:05:24.000000000,Chat,Account Access,Low,Agent_14,7.09,,Resolved
TCK-04143,2025-02-06,2025-02-06 07:39:00.000000000,Email,Technical Issue,Low,Agent_09,7.65,,Resolved
TCK-00548,2025-02-06,2025-02-06 03:00:00.000000000,Email,Technical Issue,High,Agent_03,3.0,,Resolved
TCK-04513,2025-02-06,2025-02-06 00:50:24.000000000,Email,Product Question,Medium,Agent_18,0.84,5.0,Resolved
TCK-01748,2025-02-06,2025-02-06 07:58:48.000000000,Chat,Complaint,High,Agent_19,7.98,3.0,Resolved
TCK-04595,2025-02-06,2025-02-06 06:37:48.000000000,Chat,Account Access,Low,Agent_03,6.63,4.0,Closed
TCK-02462,2025-02-06,2025-02-06 03:09:00.000000000,Email,Billing,Medium,Agent_07,3.15,3.0,Resolved
TCK-02281,2025-02-06,2025-02-06 07:47:24.000000000,Email,Billing,Low,Agent_03,7.79,3.0,Resolved
TCK-02917,2025-02-06,2025-02-06 15:21:00.000000000,Chat,Technical Issue,Low,Agent_16,15.35,1.0,Resolved
TCK-00851,2025-02-06,2025-02-06 14:21:00.000000000,Chat,Technical Issue,Low,Agent_07,14.35,2.0,Resolved
TCK-02432,2025-02-06,2025-02-06 04:06:00.000000000,Phone,Refund Request,Medium,Agent_01,4.1,3.0,Closed
TCK-04876,2025-02-06,2025-02-06 01:36:36.000000000,Chat,Technical Issue,High,Agent_05,1.61,4.0,Resolved
TCK-04030,2025-02-06,2025-02-06 02:55:48.000000000,Email,Product Question,Medium,Agent_19,2.93,,Closed
TCK-03303,2025-02-06,2025-02-06 02:37:12.000000000,Phone,Billing,Medium,Agent_05,2.62,4.0,Resolved
TCK-04067,2025-02-07,2025-02-07 05:08:24.000000000,Email,Product Question,Medium,Agent_12,5.14,3.0,Resolved
TCK-01396,2025-02-07,2025-02-07 05:07:48.000000000,Email,Technical Issue,Medium,Agent_04,5.13,4.0,Resolved
TCK-04421,2025-02-07,2025-02-07 02:13:12.000000000,Phone,Account Access,High,Agent_11,2.22,,Resolved
TCK-02383,2025-02-07,2025-02-07 10:10:12.000000000,Email,Product Question,Low,Agent_10,10.17,5.0,Closed
TCK-02475,2025-02-07,2025-02-07 05:29:24.000000000,Phone,Technical Issue,High,Agent_09,5.49,,Resolved
TCK-03767,2025-02-07,2025-02-07 02:52:12.000000000,Phone,Refund Request,Medium,Agent_17,2.87,4.0,Resolved
TCK-03457,2025-02-07,2025-02-07 03:15:36.000000000,Chat,Technical Issue,Medium,Agent_18,3.26,,Resolved
TCK-01319,2025-02-07,2025-02-07 06:01:48.000000000,Chat,Billing,Medium,Agent_01,6.03,3.0,Reopened
TCK-02583,2025-02-07,2025-02-07 02:45:36.000000000,Email,Refund Request,Medium,Agent_14,2.76,5.0,Resolved
TCK-00218,2025-02-07,2025-02-07 02:17:23.999999999,Phone,Technical Issue,High,Agent_20,2.29,3.0,Closed
TCK-01410,2025-02-07,2025-02-07 02:17:23.999999999,Chat,Technical Issue,Medium,Agent_10,2.29,5.0,Resolved
TCK-03832,2025-02-07,2025-02-07 04:54:36.000000000,Chat,Technical Issue,Medium,Agent_16,4.91,4.0,Resolved
TCK-00540,2025-02-07,2025-02-07 06:22:12.000000000,Email,Complaint,Medium,Agent_03,6.37,3.0,Resolved
TCK-01249,2025-02-07,2025-02-07 19:09:00.000000000,Phone,Account Access,Low,Agent_11,19.15,3.0,Resolved
TCK-02516,2025-02-07,2025-02-07 02:07:12.000000000,Email,Refund Request,Low,Agent_06,2.12,5.0,Resolved
TCK-04380,2025-02-08,2025-02-08 02:41:24.000000000,Chat,Refund Request,Medium,Agent_17,2.69,,Resolved
TCK-00420,2025-02-08,2025-02-08 02:41:24.000000000,Email,Account Access,Low,Agent_10,2.69,,Closed
TCK-02435,2025-02-08,2025-02-08 00:52:12.000000000,Email,Product Question,Medium,Agent_05,0.87,5.0,Reopened
TCK-00778,2025-02-08,2025-02-08 08:21:00.000000000,Phone,Technical Issue,Low,Agent_16,8.35,5.0,Resolved
TCK-03313,2025-02-08,2025-02-08 02:40:48.000000000,Email,Technical Issue,High,Agent_02,2.68,,Closed
TCK-03647,2025-02-08,2025-02-08 02:48:00.000000000,Phone,Billing,Medium,Agent_09,2.8,5.0,Resolved
TCK-00131,2025-02-08,2025-02-08 08:34:11.999999999,Social Media,Complaint,Low,Agent_14,8.57,3.0,Resolved
TCK-02225,2025-02-08,2025-02-08 03:04:48.000000000,Email,Complaint,High,Agent_01,3.08,4.0,Closed
TCK-03743,2025-02-08,2025-02-08 01:33:36.000000000,Email,Account Access,Urgent,Agent_10,1.56,,Closed
TCK-03813,2025-02-08,2025-02-08 01:07:12.000000000,Phone,Technical Issue,High,Agent_18,1.12,5.0,Resolved
TCK-00543,2025-02-08,2025-02-08 07:18:00.000000000,Email,Account Access,Medium,Agent_09,7.3,,Resolved
TCK-04739,2025-02-08,2025-02-08 03:37:48.000000000,Phone,Technical Issue,Low,Agent_04,3.63,4.0,Resolved
TCK-04813,2025-02-08,2025-02-08 03:12:00.000000000,Email,Product Question,Low,Agent_09,3.2,4.0,Resolved
TCK-01690,2025-02-08,2025-02-08 06:42:00.000000000,Email,Product Question,Low,Agent_03,6.7,4.0,Resolved
TCK-04926,2025-02-08,2025-02-08 07:33:36.000000000,Phone,Billing,Medium,Agent_14,7.56,,Resolved
TCK-00476,2025-02-08,2025-02-08 05:31:12.000000000,Phone,Technical Issue,Medium,Agent_18,5.52,3.0,Resolved
TCK-01787,2025-02-08,2025-02-08 05:56:24.000000000,Phone,Complaint,Low,Agent_03,5.94,4.0,Closed
TCK-04877,2025-02-08,2025-02-08 07:09:36.000000000,Email,Technical Issue,Low,Agent_02,7.16,4.0,Closed
TCK-01126,2025-02-08,2025-02-08 02:06:36.000000000,Chat,Technical Issue,High,Agent_20,2.11,,Resolved
TCK-02137,2025-02-08,2025-02-08 00:59:24.000000000,Chat,Technical Issue,Urgent,Agent_13,0.99,4.0,Resolved
TCK-02575,2025-02-08,2025-02-08 02:21:00.000000000,Social Media,Complaint,Medium,Agent_06,2.35,,Resolved
TCK-01815,2025-02-08,2025-02-08 04:36:36.000000000,Chat,Product Question,Low,Agent_13,4.61,,Resolved
TCK-04198,2025-02-09,2025-02-09 10:27:00.000000000,Chat,Product Question,Low,Agent_05,10.45,,Closed
TCK-03037,2025-02-09,2025-02-09 08:46:12.000000000,Email,Technical Issue,High,Agent_07,8.77,,Closed
TCK-02906,2025-02-09,2025-02-09 05:27:36.000000000,Phone,Technical Issue,Medium,Agent_02,5.46,4.0,Resolved
TCK-00440,2025-02-09,2025-02-09 02:07:12.000000000,Chat,Refund Request,High,Agent_11,2.12,5.0,Resolved
TCK-03687,2025-02-09,2025-02-09 01:07:48.000000000,Email,Account Access,Urgent,Agent_16,1.13,4.0,Closed
TCK-01187,2025-02-09,2025-02-09 01:06:36.000000000,Email,Billing,Low,Agent_20,1.11,,Resolved
TCK-03451,2025-02-09,2025-02-09 07:00:36.000000000,Email,Account Access,Low,Agent_06,7.01,,Resolved
TCK-04004,2025-02-09,2025-02-10 01:45:36.000000000,Email,Billing,Low,Agent_20,25.76,,Resolved
TCK-01232,2025-02-09,2025-02-09 08:40:12.000000000,Phone,Technical Issue,Medium,Agent_04,8.67,4.0,Resolved
TCK-02464,2025-02-09,2025-02-09 03:28:48.000000000,Email,Account Access,Medium,Agent_17,3.48,4.0,Resolved
TCK-00270,2025-02-09,2025-02-09 03:36:36.000000000,Email,Technical Issue,Low,Agent_05,3.61,3.0,Resolved
TCK-04792,2025-02-09,2025-02-09 08:13:12.000000000,Email,Technical Issue,Low,Agent_17,8.22,3.0,Resolved
TCK-00282,2025-02-09,2025-02-09 01:03:00.000000000,Phone,Complaint,Medium,Agent_08,1.05,4.0,Closed
TCK-03110,2025-02-09,2025-02-09 02:33:00.000000000,Email,Account Access,Low,Agent_04,2.55,3.0,Closed
TCK-04689,2025-02-10,2025-02-10 01:18:36.000000000,Email,Technical Issue,High,Agent_12,1.31,4.0,Resolved
TCK-01426,2025-02-10,2025-02-10 01:51:00.000000000,Chat,Product Question,High,Agent_16,1.85,,Resolved
TCK-04938,2025-02-10,2025-02-10 06:00:00.000000000,Chat,Technical Issue,Medium,Agent_12,6.0,,Resolved
TCK-02994,2025-02-10,2025-02-10 02:00:00.000000000,Email,Technical Issue,Medium,Agent_13,2.0,4.0,Resolved
TCK-01444,2025-02-10,2025-02-10 04:42:36.000000000,Email,Account Access,Medium,Agent_01,4.71,3.0,Closed
TCK-00768,2025-02-10,2025-02-10 01:46:12.000000000,Email,Complaint,Urgent,Agent_04,1.77,,Resolved
TCK-01449,2025-02-10,2025-02-10 02:10:12.000000000,Email,Complaint,Low,Agent_13,2.17,4.0,Resolved
TCK-01498,2025-02-10,2025-02-10 06:33:00.000000000,Phone,Technical Issue,Low,Agent_04,6.55,3.0,Resolved
TCK-03551,2025-02-10,2025-02-10 13:58:48.000000000,Chat,Refund Request,Low,Agent_17,13.98,,Closed
TCK-02871,2025-02-10,2025-02-10 08:15:36.000000000,Phone,Product Question,Medium,Agent_02,8.26,,Resolved
TCK-01776,2025-02-10,2025-02-10 03:34:47.999999999,Email,Technical Issue,High,Agent_10,3.58,,Resolved
TCK-03751,2025-02-10,2025-02-10 00:28:48.000000000,Phone,Technical Issue,Urgent,Agent_01,0.48,,Resolved
TCK-02204,2025-02-10,2025-02-10 05:11:24.000000000,Phone,Technical Issue,Medium,Agent_17,5.19,3.0,Reopened
TCK-04181,2025-02-10,2025-02-10 02:51:00.000000000,Email,Technical Issue,Medium,Agent_18,2.85,,Resolved
TCK-01827,2025-02-10,2025-02-10 02:55:48.000000000,Chat,Technical Issue,Low,Agent_12,2.93,,Resolved
TCK-02813,2025-02-11,2025-02-11 11:48:00.000000000,Email,Account Access,Low,Agent_14,11.8,,Resolved
TCK-01281,2025-02-11,2025-02-11 08:07:12.000000000,Email,Billing,Low,Agent_15,8.12,4.0,Closed
TCK-00461,2025-02-11,2025-02-11 02:55:12.000000000,Phone,Technical Issue,Low,Agent_06,2.92,,Resolved
TCK-04729,2025-02-11,2025-02-11 01:58:12.000000000,Chat,Account Access,Medium,Agent_04,1.97,3.0,Resolved
TCK-00080,2025-02-11,2025-02-11 06:34:47.999999999,Social Media,Account Access,Medium,Agent_13,6.58,,Resolved
TCK-01176,2025-02-11,2025-02-11 05:01:48.000000000,Email,Technical Issue,Low,Agent_09,5.03,,Closed
TCK-04394,2025-02-11,2025-02-11 03:10:12.000000000,Phone,Technical Issue,High,Agent_17,3.17,3.0,Resolved
TCK-01539,2025-02-11,2025-02-11 06:03:36.000000000,Email,Billing,Low,Agent_18,6.06,,Resolved
TCK-02683,2025-02-11,2025-02-11 02:05:24.000000000,Email,Technical Issue,Medium,Agent_05,2.09,4.0,Closed
TCK-00833,2025-02-11,2025-02-11 01:33:00.000000000,Email,Complaint,Medium,Agent_08,1.55,4.0,Closed
TCK-02987,2025-02-11,2025-02-11 03:17:23.999999999,Email,Account Access,High,Agent_09,3.29,3.0,Closed
TCK-00325,2025-02-12,2025-02-12 01:33:00.000000000,Email,Billing,Low,Agent_18,1.55,5.0,Resolved
TCK-02174,2025-02-12,2025-02-12 03:44:24.000000000,Chat,Billing,Low,Agent_16,3.74,,Reopened
TCK-02175,2025-02-12,2025-02-12 02:54:36.000000000,Email,Account Access,High,Agent_11,2.91,5.0,Resolved
TCK-03970,2025-02-12,2025-02-12 04:13:48.000000000,Social Media,Product Question,Medium,Agent_19,4.23,5.0,Resolved
TCK-00498,2025-02-12,2025-02-12 02:48:36.000000000,Email,Product Question,Medium,Agent_06,2.81,5.0,Closed
TCK-04419,2025-02-12,2025-02-12 01:55:12.000000000,Email,Technical Issue,High,Agent_06,1.92,,Resolved
TCK-00980,2025-02-12,2025-02-12 05:29:24.000000000,Chat,Billing,Medium,Agent_03,5.49,4.0,Resolved
TCK-02746,2025-02-12,2025-02-12 03:38:24.000000000,Email,Technical Issue,Low,Agent_16,3.64,4.0,Resolved
TCK-04342,2025-02-12,2025-02-12 02:07:48.000000000,Chat,Refund Request,High,Agent_13,2.13,3.0,Resolved
TCK-02466,2025-02-12,2025-02-12 00:42:36.000000000,Email,Refund Request,High,Agent_19,0.71,,Resolved
TCK-02641,2025-02-12,2025-02-12 02:51:36.000000000,Social Media,Billing,Low,Agent_01,2.86,4.0,Resolved
TCK-00686,2025-02-12,2025-02-12 05:30:36.000000000,Email,Technical Issue,Medium,Agent_01,5.51,4.0,Resolved
TCK-00684,2025-02-13,2025-02-13 02:01:48.000000000,Phone,Account Access,Low,Agent_17,2.03,,Closed
TCK-02324,2025-02-13,2025-02-13 02:34:47.999999999,Email,Account Access,Medium,Agent_14,2.58,,Resolved
TCK-00738,2025-02-13,2025-02-13 02:10:48.000000000,Email,Technical Issue,Medium,Unknown,2.18,,Closed
TCK-00823,2025-02-13,2025-02-13 02:42:36.000000000,Email,Product Question,Low,Agent_07,2.71,4.0,Reopened
TCK-01303,2025-02-13,2025-02-13 04:21:36.000000000,Phone,Account Access,Low,Agent_07,4.36,4.0,Resolved
TCK-01906,2025-02-13,2025-02-13 04:23:24.000000000,Email,Product Question,Medium,Agent_17,4.39,5.0,Resolved
TCK-02660,2025-02-13,2025-02-13 06:12:36.000000000,Phone,Product Question,Low,Agent_03,6.21,4.0,Resolved
TCK-02229,2025-02-13,2025-02-13 02:01:48.000000000,Chat,Complaint,Urgent,Agent_03,2.03,5.0,Resolved
TCK-00906,2025-02-13,2025-02-13 07:51:00.000000000,Phone,Account Access,Low,Agent_06,7.85,4.0,Resolved
TCK-01010,2025-02-13,2025-02-13 14:03:00.000000000,Phone,Technical Issue,Medium,Agent_17,14.05,3.0,Resolved
TCK-01117,2025-02-13,2025-02-13 06:09:36.000000000,Chat,Technical Issue,Low,Agent_18,6.16,2.0,Closed
TCK-03330,2025-02-13,2025-02-13 00:59:24.000000000,Chat,Account Access,High,Agent_18,0.99,4.0,Closed
TCK-04986,2025-02-13,2025-02-13 03:12:00.000000000,Phone,Billing,Medium,Agent_08,3.2,,Resolved
TCK-00158,2025-02-13,2025-02-13 03:56:24.000000000,Chat,Refund Request,Medium,Agent_03,3.94,4.0,Closed
TCK-03490,2025-02-13,2025-02-13 03:19:12.000000000,Chat,Complaint,Medium,Agent_02,3.32,,Resolved
TCK-00457,2025-02-13,2025-02-13 09:09:36.000000000,Phone,Complaint,Medium,Agent_11,9.16,4.0,Resolved
TCK-03611,2025-02-13,2025-02-13 06:13:12.000000000,Email,Technical Issue,Low,Agent_09,6.22,5.0,Closed
TCK-04362,2025-02-13,2025-02-13 10:35:24.000000000,Phone,Complaint,Low,Agent_04,10.59,4.0,Resolved
TCK-03265,2025-02-13,2025-02-13 03:07:12.000000000,Email,Refund Request,Medium,Agent_13,3.12,3.0,Resolved
TCK-00273,2025-02-13,2025-02-13 02:54:00.000000000,Phone,Billing,Medium,Agent_17,2.9,5.0,Resolved
TCK-03121,2025-02-13,2025-02-13 01:36:36.000000000,Email,Product Question,Low,Agent_16,1.61,,Resolved
TCK-00346,2025-02-14,2025-02-14 05:49:12.000000000,Email,Technical Issue,High,Unknown,5.82,,Resolved
TCK-01579,2025-02-14,2025-02-14 03:43:12.000000000,Phone,Account Access,High,Agent_16,3.72,,Resolved
TCK-04245,2025-02-14,2025-02-14 02:21:00.000000000,Email,Refund Request,High,Agent_02,2.35,,Resolved
TCK-03309,2025-02-14,2025-02-14 04:02:24.000000000,Phone,Account Access,Medium,Agent_19,4.04,,Resolved
TCK-00378,2025-02-14,2025-02-14 02:44:24.000000000,Email,Billing,Medium,Agent_17,2.74,4.0,Resolved
TCK-02470,2025-02-14,2025-02-14 01:38:24.000000000,Email,Technical Issue,High,Agent_02,1.64,4.0,Resolved
TCK-00743,2025-02-14,2025-02-14 06:10:48.000000000,Email,Complaint,Low,Agent_09,6.18,,Closed
TCK-04371,2025-02-14,2025-02-14 08:19:12.000000000,Phone,Technical Issue,Low,Agent_03,8.32,2.0,Closed
TCK-03459,2025-02-14,2025-02-14 08:28:48.000000000,Email,Account Access,Low,Agent_01,8.48,3.0,Resolved
TCK-00744,2025-02-14,2025-02-14 02:15:00.000000000,Phone,Refund Request,Low,Agent_09,2.25,4.0,Resolved
TCK-01836,2025-02-14,2025-02-14 07:13:48.000000000,Phone,Technical Issue,High,Agent_19,7.23,2.0,Resolved
TCK-04473,2025-02-14,2025-02-14 02:54:00.000000000,Chat,Complaint,Medium,Agent_06,2.9,,Resolved
TCK-04615,2025-02-14,2025-02-14 05:27:00.000000000,Email,Complaint,Low,Agent_07,5.45,4.0,Resolved
TCK-01198,2025-02-15,2025-02-15 04:22:48.000000000,Chat,Billing,Low,Agent_08,4.38,,Closed
TCK-04758,2025-02-15,2025-02-15 06:54:36.000000000,Phone,Product Question,Medium,Agent_02,6.91,,Resolved
TCK-04158,2025-02-15,2025-02-15 03:47:24.000000000,Chat,Refund Request,Medium,Agent_12,3.79,3.0,Resolved
TCK-02040,2025-02-15,2025-02-15 02:24:00.000000000,Phone,Product Question,Low,Agent_05,2.4,5.0,Resolved
TCK-00396,2025-02-15,2025-02-15 12:09:00.000000000,Email,Refund Request,High,Agent_12,12.15,,Resolved
TCK-00834,2025-02-15,2025-02-15 04:52:12.000000000,Email,Billing,Medium,Agent_03,4.87,,Closed
TCK-03933,2025-02-15,2025-02-15 07:49:48.000000000,Phone,Technical Issue,Low,Agent_03,7.83,4.0,Resolved
TCK-01888,2025-02-15,2025-02-15 01:22:48.000000000,Email,Billing,Medium,Agent_10,1.38,,Resolved
TCK-01565,2025-02-15,2025-02-15 01:50:24.000000000,Phone,Billing,Medium,Agent_06,1.84,4.0,Closed
TCK-02883,2025-02-15,2025-02-15 10:48:36.000000000,Email,Account Access,Low,Agent_01,10.81,,Closed
TCK-01570,2025-02-15,2025-02-15 03:35:24.000000000,Email,Technical Issue,Low,Unknown,3.59,5.0,Closed
TCK-04802,2025-02-15,2025-02-15 02:33:00.000000000,Email,Technical Issue,Medium,Agent_02,2.55,,Resolved
TCK-02657,2025-02-16,2025-02-16 03:58:48.000000000,Email,Billing,Low,Agent_05,3.98,2.0,Resolved
TCK-03125,2025-02-16,2025-02-16 01:46:12.000000000,Phone,Account Access,High,Agent_04,1.77,,Resolved
TCK-02659,2025-02-16,2025-02-16 02:10:12.000000000,Phone,Technical Issue,Medium,Agent_03,2.17,4.0,Resolved
TCK-03781,2025-02-16,2025-02-16 05:34:11.999999999,Email,Account Access,Low,Agent_13,5.57,3.0,Resolved
TCK-00719,2025-02-16,2025-02-16 04:43:48.000000000,Email,Product Question,Low,Agent_11,4.73,,Resolved
TCK-03308,2025-02-16,2025-02-16 02:21:36.000000000,Email,Account Access,High,Agent_07,2.36,,Resolved
TCK-00965,2025-02-16,2025-02-16 02:01:12.000000000,Phone,Product Question,Medium,Agent_13,2.02,5.0,Resolved
TCK-03473,2025-02-16,2025-02-17 00:30:00.000000000,Social Media,Account Access,Low,Agent_11,24.5,2.0,Resolved
TCK-04492,2025-02-16,2025-02-16 01:31:48.000000000,Social Media,Billing,Low,Agent_18,1.53,,Resolved
TCK-03734,2025-02-16,2025-02-16 09:00:36.000000000,Email,Billing,Low,Agent_14,9.01,4.0,Resolved
TCK-02510,2025-02-16,2025-02-16 09:18:36.000000000,Email,Product Question,Medium,Agent_12,9.31,3.0,Resolved
TCK-01590,2025-02-16,2025-02-16 08:05:24.000000000,Phone,Technical Issue,Medium,Agent_01,8.09,3.0,Resolved
TCK-00117,2025-02-16,2025-02-16 04:35:24.000000000,Phone,Technical Issue,Low,Agent_09,4.59,,Resolved
TCK-01765,2025-02-16,2025-02-16 03:39:00.000000000,Chat,Technical Issue,Medium,Agent_01,3.65,4.0,Resolved
TCK-02790,2025-02-16,2025-02-16 02:58:12.000000000,Email,Billing,Low,Agent_16,2.97,4.0,Resolved
TCK-02783,2025-02-16,2025-02-16 01:21:36.000000000,Phone,Account Access,High,Agent_16,1.36,3.0,Closed
TCK-03024,2025-02-16,2025-02-16 05:48:00.000000000,Phone,Product Question,Medium,Agent_16,5.8,3.0,Resolved
TCK-00181,2025-02-16,2025-02-16 06:42:36.000000000,Phone,Billing,Medium,Agent_09,6.71,4.0,Resolved
TCK-02779,2025-02-16,2025-02-16 10:37:48.000000000,Email,Account Access,Low,Agent_04,10.63,4.0,Resolved
TCK-02869,2025-02-16,2025-02-16 05:43:12.000000000,Phone,Billing,Medium,Agent_18,5.72,4.0,Resolved
TCK-03062,2025-02-17,2025-02-17 08:55:48.000000000,Email,Technical Issue,Low,Agent_09,8.93,,Resolved
TCK-02982,2025-02-17,2025-02-17 01:10:48.000000000,Phone,Billing,Urgent,Agent_02,1.18,5.0,Resolved
TCK-00034,2025-02-17,2025-02-17 02:09:00.000000000,Social Media,Technical Issue,Medium,Agent_15,2.15,4.0,Closed
TCK-04078,2025-02-17,2025-02-17 04:00:00.000000000,Email,Technical Issue,Low,Agent_17,4.0,,Resolved
TCK-01736,2025-02-17,2025-02-17 02:38:24.000000000,Email,Technical Issue,Urgent,Agent_07,2.64,4.0,Resolved
TCK-04164,2025-02-17,2025-02-17 06:41:24.000000000,Chat,Refund Request,Medium,Agent_20,6.69,,Resolved
TCK-00905,2025-02-17,2025-02-17 02:38:24.000000000,Email,Technical Issue,Medium,Agent_16,2.64,5.0,Resolved
TCK-00665,2025-02-17,2025-02-17 03:55:12.000000000,Email,Technical Issue,Medium,Agent_14,3.92,4.0,Resolved
TCK-03905,2025-02-17,2025-02-17 04:00:36.000000000,Email,Billing,Medium,Agent_14,4.01,3.0,Resolved
TCK-03247,2025-02-17,2025-02-17 06:22:48.000000000,Email,Technical Issue,Low,Agent_02,6.38,,Resolved
TCK-02064,2025-02-17,2025-02-17 02:12:36.000000000,Social Media,Complaint,Medium,Agent_07,2.21,,Resolved
TCK-02045,2025-02-17,2025-02-17 05:03:36.000000000,Email,Product Question,Medium,Agent_15,5.06,,Resolved
TCK-01966,2025-02-17,2025-02-17 17:57:36.000000000,Email,Technical Issue,Medium,Agent_15,17.96,,Reopened
TCK-00394,2025-02-17,2025-02-17 02:32:24.000000000,Phone,Complaint,High,Agent_10,2.54,,Closed
TCK-04105,2025-02-17,2025-02-17 03:03:00.000000000,Email,Complaint,Low,Agent_18,3.05,,Resolved
TCK-00908,2025-02-18,2025-02-18 02:39:00.000000000,Chat,Technical Issue,Medium,Agent_18,2.65,,Resolved
TCK-03981,2025-02-18,2025-02-18 01:03:36.000000000,Chat,Account Access,High,Agent_02,1.06,4.0,Closed
TCK-02391,2025-02-18,2025-02-18 22:46:12.000000000,Email,Billing,Low,Agent_09,22.77,,Resolved
TCK-01886,2025-02-18,2025-02-18 00:51:00.000000000,Phone,Account Access,High,Agent_07,0.85,5.0,Resolved
TCK-00630,2025-02-18,2025-02-18 11:00:36.000000000,Email,Billing,Low,Agent_13,11.01,5.0,Closed
TCK-04263,2025-02-18,2025-02-18 06:17:23.999999999,Phone,Account Access,Low,Agent_19,6.29,,Resolved
TCK-01855,2025-02-18,2025-02-18 03:14:24.000000000,Phone,Account Access,Low,Agent_20,3.24,5.0,Resolved
TCK-04617,2025-02-18,2025-02-18 01:51:36.000000000,Email,Technical Issue,Medium,Agent_05,1.86,4.0,Resolved
TCK-03487,2025-02-18,2025-02-18 02:36:36.000000000,Phone,Complaint,High,Agent_12,2.61,,Closed
TCK-00374,2025-02-18,2025-02-18 08:13:48.000000000,Phone,Billing,Low,Agent_11,8.23,,Reopened
TCK-02721,2025-02-18,2025-02-18 04:49:12.000000000,Email,Technical Issue,Medium,Agent_02,4.82,3.0,Closed
TCK-00403,2025-02-18,2025-02-18 05:47:24.000000000,Email,Complaint,Low,Unknown,5.79,4.0,Resolved
TCK-01605,2025-02-18,2025-02-18 05:18:00.000000000,Social Media,Complaint,Medium,Agent_07,5.3,4.0,Resolved
TCK-04718,2025-02-18,2025-02-18 03:11:24.000000000,Phone,Technical Issue,Medium,Agent_03,3.19,,Resolved
TCK-03498,2025-02-18,2025-02-18 05:41:24.000000000,Chat,Technical Issue,Medium,Agent_12,5.69,3.0,Resolved
TCK-04434,2025-02-19,2025-02-19 01:00:00.000000000,Phone,Refund Request,High,Agent_13,1.0,3.0,Reopened
TCK-01302,2025-02-19,2025-02-19 03:39:36.000000000,Phone,Technical Issue,High,Agent_15,3.66,4.0,Resolved
TCK-01318,2025-02-19,2025-02-19 05:40:48.000000000,Email,Product Question,Medium,Agent_17,5.68,,Resolved
TCK-03268,2025-02-19,2025-02-19 05:40:12.000000000,Chat,Billing,Low,Agent_13,5.67,3.0,Resolved
TCK-00783,2025-02-19,2025-02-19 01:10:48.000000000,Email,Technical Issue,Urgent,Agent_03,1.18,5.0,Resolved
TCK-03229,2025-02-19,2025-02-19 02:52:48.000000000,Social Media,Technical Issue,Medium,Agent_20,2.88,3.0,Closed
TCK-02687,2025-02-19,2025-02-19 02:50:24.000000000,Email,Account Access,Medium,Agent_20,2.84,,Resolved
TCK-03566,2025-02-19,2025-02-19 04:16:12.000000000,Chat,Refund Request,Medium,Agent_18,4.27,,Resolved
TCK-02167,2025-02-19,2025-02-19 04:33:00.000000000,Email,Complaint,Low,Agent_17,4.55,5.0,Resolved
TCK-02440,2025-02-19,2025-02-19 06:59:24.000000000,Phone,Technical Issue,Low,Agent_02,6.99,5.0,Resolved
TCK-01779,2025-02-19,2025-02-19 10:33:36.000000000,Phone,Product Question,Low,Agent_06,10.56,3.0,Resolved
TCK-00564,2025-02-19,2025-02-19 05:40:12.000000000,Chat,Account Access,Medium,Agent_17,5.67,4.0,Resolved
TCK-02194,2025-02-20,2025-02-20 02:13:12.000000000,Chat,Product Question,Low,Agent_01,2.22,,Resolved
TCK-04797,2025-02-20,2025-02-20 04:19:12.000000000,Chat,Complaint,Medium,Agent_13,4.32,,Resolved
TCK-03849,2025-02-20,2025-02-20 02:33:00.000000000,Phone,Account Access,Medium,Agent_10,2.55,5.0,Resolved
TCK-01488,2025-02-20,2025-02-20 00:28:12.000000000,Email,Account Access,Urgent,Agent_10,0.47,,Resolved
TCK-01796,2025-02-20,2025-02-20 04:51:00.000000000,Phone,Refund Request,Low,Agent_14,4.85,,Reopened
TCK-02338,2025-02-20,2025-02-20 08:18:36.000000000,Phone,Account Access,Low,Agent_11,8.31,5.0,Resolved
TCK-00642,2025-02-20,2025-02-20 04:59:24.000000000,Social Media,Account Access,Low,Agent_02,4.99,4.0,Closed
TCK-02068,2025-02-20,2025-02-20 08:12:00.000000000,Chat,Account Access,Low,Agent_14,8.2,2.0,Closed
TCK-00681,2025-02-20,2025-02-20 08:30:00.000000000,Chat,Billing,High,Agent_06,8.5,3.0,Resolved
TCK-02696,2025-02-20,2025-02-20 05:57:00.000000000,Email,Account Access,Medium,Agent_14,5.95,,Resolved
TCK-01405,2025-02-20,2025-02-20 06:15:00.000000000,Email,Technical Issue,Medium,Agent_15,6.25,3.0,Resolved
TCK-04628,2025-02-20,2025-02-20 03:54:36.000000000,Chat,Product Question,Medium,Agent_07,3.91,4.0,Resolved
TCK-02170,2025-02-20,2025-02-20 02:27:36.000000000,Phone,Billing,High,Agent_10,2.46,4.0,Resolved
TCK-00729,2025-02-21,2025-02-21 01:36:36.000000000,Chat,Technical Issue,High,Agent_14,1.61,4.0,Resolved
TCK-00289,2025-02-21,2025-02-21 02:06:36.000000000,Email,Refund Request,High,Agent_07,2.11,4.0,Resolved
TCK-04328,2025-02-21,2025-02-21 04:15:00.000000000,Email,Account Access,Low,Agent_05,4.25,,Resolved
TCK-03953,2025-02-21,2025-02-21 15:30:36.000000000,Social Media,Billing,Low,Agent_07,15.51,2.0,Resolved
TCK-01050,2025-02-21,2025-02-21 01:00:36.000000000,Email,Product Question,High,Agent_18,1.01,4.0,Resolved
TCK-00580,2025-02-21,2025-02-21 01:33:00.000000000,Email,Refund Request,Medium,Agent_16,1.55,,Reopened
TCK-01147,2025-02-21,2025-02-21 01:39:36.000000000,Email,Technical Issue,Medium,Agent_19,1.66,3.0,Resolved
TCK-03209,2025-02-21,2025-02-21 00:55:12.000000000,Chat,Product Question,High,Agent_16,0.92,5.0,Resolved
TCK-03986,2025-02-21,2025-02-21 02:15:00.000000000,Email,Technical Issue,High,Agent_09,2.25,,Resolved
TCK-00266,2025-02-21,2025-02-21 04:31:12.000000000,Phone,Refund Request,Low,Agent_02,4.52,3.0,Resolved
TCK-00422,2025-02-21,2025-02-21 04:58:12.000000000,Email,Technical Issue,Medium,Agent_09,4.97,4.0,Resolved
TCK-03976,2025-02-21,2025-02-21 05:48:36.000000000,Email,Technical Issue,Low,Agent_13,5.81,3.0,Resolved
TCK-03795,2025-02-21,2025-02-21 08:40:48.000000000,Phone,Billing,Low,Agent_19,8.68,,Resolved
TCK-00078,2025-02-21,2025-02-21 08:50:24.000000000,Email,Product Question,Medium,Agent_01,8.84,4.0,Resolved
TCK-00060,2025-02-21,2025-02-21 03:39:00.000000000,Chat,Technical Issue,Medium,Agent_04,3.65,5.0,Resolved
TCK-00201,2025-02-21,2025-02-21 04:55:12.000000000,Phone,Billing,Low,Agent_03,4.92,4.0,Resolved
TCK-03164,2025-02-21,2025-02-21 01:30:00.000000000,Phone,Complaint,High,Agent_09,1.5,4.0,Resolved
TCK-03474,2025-02-21,2025-02-21 06:52:12.000000000,Chat,Billing,Medium,Agent_07,6.87,,Resolved
TCK-00884,2025-02-22,2025-02-22 02:36:00.000000000,Chat,Complaint,Medium,Agent_19,2.6,5.0,Closed
TCK-03631,2025-02-22,2025-02-22 03:07:12.000000000,Chat,Billing,Low,Agent_12,3.12,3.0,Resolved
TCK-00368,2025-02-22,2025-02-22 07:24:36.000000000,Chat,Technical Issue,Low,Agent_01,7.41,,Resolved
TCK-01923,2025-02-22,2025-02-22 03:21:36.000000000,Chat,Product Question,Low,Agent_06,3.36,,Resolved
TCK-04914,2025-02-22,2025-02-23 08:00:36.000000000,Email,Refund Request,Low,Agent_15,32.01,,Resolved
TCK-01023,2025-02-22,2025-02-22 06:36:00.000000000,Chat,Technical Issue,Low,Agent_14,6.6,5.0,Closed
TCK-01572,2025-02-22,2025-02-22 01:52:48.000000000,Chat,Account Access,Medium,Agent_15,1.88,5.0,Resolved
TCK-02479,2025-02-22,2025-02-22 04:13:12.000000000,Email,Technical Issue,Low,Agent_05,4.22,,Resolved
TCK-02262,2025-02-22,2025-02-22 02:31:12.000000000,Social Media,Account Access,Medium,Agent_14,2.52,,Reopened
TCK-00488,2025-02-22,2025-02-22 09:39:00.000000000,Email,Complaint,Medium,Agent_09,9.65,,Resolved
TCK-00216,2025-02-22,2025-02-22 00:56:24.000000000,Phone,Technical Issue,Urgent,Agent_18,0.94,4.0,Closed
TCK-04021,2025-02-22,2025-02-22 04:36:36.000000000,Chat,Complaint,Urgent,Unknown,4.61,4.0,Resolved
TCK-00794,2025-02-22,2025-02-22 02:02:24.000000000,Phone,Technical Issue,High,Agent_11,2.04,,Resolved
TCK-04058,2025-02-23,2025-02-23 09:31:48.000000000,Chat,Technical Issue,Low,Agent_12,9.53,,Resolved
TCK-03018,2025-02-23,2025-02-23 06:22:12.000000000,Phone,Product Question,Low,Agent_01,6.37,3.0,Closed
TCK-04994,2025-02-23,2025-02-23 05:22:48.000000000,Phone,Product Question,Low,Agent_10,5.38,5.0,Resolved
TCK-00482,2025-02-23,2025-02-23 05:06:00.000000000,Phone,Complaint,Medium,Agent_13,5.1,3.0,Resolved
TCK-02290,2025-02-23,2025-02-23 05:12:00.000000000,Phone,Product Question,Low,Agent_08,5.2,5.0,Closed
TCK-04591,2025-02-23,2025-02-23 04:33:36.000000000,Social Media,Technical Issue,Medium,Agent_17,4.56,,Resolved
TCK-01567,2025-02-23,2025-02-23 07:38:24.000000000,Phone,Technical Issue,Low,Agent_13,7.64,2.0,Resolved
TCK-00935,2025-02-23,2025-02-23 08:36:36.000000000,Social Media,Billing,Low,Agent_18,8.61,2.0,Resolved
TCK-01895,2025-02-23,2025-02-23 07:18:00.000000000,Email,Complaint,Low,Agent_07,7.3,5.0,Resolved
TCK-00712,2025-02-23,2025-02-23 04:49:48.000000000,Email,Technical Issue,Medium,Agent_02,4.83,,Reopened
TCK-01637,2025-02-24,2025-02-24 00:53:24.000000000,Chat,Technical Issue,Medium,Agent_20,0.89,5.0,Closed
TCK-00898,2025-02-24,2025-02-24 08:34:47.999999999,Chat,Complaint,Medium,Agent_07,8.58,,Resolved
TCK-02851,2025-02-24,2025-02-24 03:54:00.000000000,Email,Technical Issue,High,Agent_19,3.9,5.0,Closed
TCK-02023,2025-02-24,2025-02-24 06:07:12.000000000,Social Media,Technical Issue,Medium,Agent_03,6.12,,Resolved
TCK-02849,2025-02-24,2025-02-24 07:42:36.000000000,Chat,Technical Issue,Low,Agent_05,7.71,5.0,Closed
TCK-03790,2025-02-24,2025-02-24 02:58:12.000000000,Phone,Technical Issue,Urgent,Agent_06,2.97,,Resolved
TCK-02623,2025-02-24,2025-02-24 04:33:00.000000000,Email,Technical Issue,Low,Agent_13,4.55,5.0,Resolved
TCK-01064,2025-02-24,2025-02-24 02:22:12.000000000,Phone,Billing,Medium,Agent_06,2.37,4.0,Resolved
TCK-01535,2025-02-24,2025-02-24 05:53:24.000000000,Chat,Complaint,Medium,Agent_07,5.89,5.0,Closed
TCK-01658,2025-02-24,2025-02-24 03:34:47.999999999,Social Media,Technical Issue,High,Agent_03,3.58,,Resolved
TCK-03029,2025-02-24,2025-02-24 04:16:12.000000000,Phone,Account Access,Medium,Agent_01,4.27,,Resolved
TCK-03940,2025-02-24,2025-02-24 07:43:12.000000000,Phone,Billing,Low,Agent_19,7.72,,Resolved
TCK-04680,2025-02-24,2025-02-24 02:09:00.000000000,Phone,Product Question,High,Agent_06,2.15,,Resolved
TCK-04712,2025-02-24,2025-02-24 02:38:24.000000000,Email,Refund Request,High,Agent_15,2.64,,Resolved
TCK-01484,2025-02-24,2025-02-24 03:30:00.000000000,Email,Billing,Low,Agent_16,3.5,,Reopened
TCK-00417,2025-02-24,2025-02-24 18:33:00.000000000,Email,Technical Issue,Low,Agent_13,18.55,1.0,Resolved
TCK-04726,2025-02-24,2025-02-24 05:55:12.000000000,Social Media,Account Access,Low,Agent_01,5.92,3.0,Reopened
TCK-01973,2025-02-25,2025-02-25 04:00:00.000000000,Social Media,Complaint,High,Agent_20,4.0,4.0,Resolved
TCK-00350,2025-02-25,2025-02-25 06:21:36.000000000,Email,Product Question,Low,Agent_10,6.36,,Resolved
TCK-03661,2025-02-25,2025-02-25 02:54:00.000000000,Email,Technical Issue,High,Agent_08,2.9,,Resolved
TCK-04073,2025-02-25,2025-02-25 03:28:48.000000000,Email,Complaint,Low,Unknown,3.48,,Resolved
TCK-01968,2025-02-25,2025-02-25 03:33:00.000000000,Email,Account Access,High,Agent_03,3.55,4.0,Resolved
TCK-04308,2025-02-25,2025-02-25 03:27:00.000000000,Chat,Billing,Low,Agent_05,3.45,,Closed
TCK-01930,2025-02-25,2025-02-25 08:06:00.000000000,Email,Technical Issue,Medium,Agent_16,8.1,3.0,Resolved
TCK-00317,2025-02-25,2025-02-25 03:54:36.000000000,Phone,Technical Issue,High,Agent_16,3.91,5.0,Closed
TCK-04171,2025-02-25,2025-02-25 10:46:48.000000000,Phone,Technical Issue,Low,Agent_15,10.78,4.0,Closed
TCK-00233,2025-02-25,2025-02-25 13:04:48.000000000,Chat,Complaint,Medium,Agent_13,13.08,3.0,Closed
TCK-04809,2025-02-25,2025-02-25 10:07:48.000000000,Email,Technical Issue,Low,Agent_04,10.13,4.0,Closed
TCK-03978,2025-02-25,2025-02-25 01:24:00.000000000,Phone,Refund Request,High,Agent_05,1.4,,Resolved
TCK-01441,2025-02-25,2025-02-25 00:42:36.000000000,Email,Technical Issue,High,Agent_10,0.71,5.0,Closed
TCK-00142,2025-02-25,2025-02-25 06:23:24.000000000,Email,Refund Request,Low,Agent_15,6.39,,Resolved
TCK-02599,2025-02-25,2025-02-25 05:56:24.000000000,Email,Technical Issue,Medium,Agent_15,5.94,,Resolved
TCK-03646,2025-02-26,2025-02-26 05:36:36.000000000,Phone,Account Access,Low,Agent_08,5.61,3.0,Resolved
TCK-02998,2025-02-26,2025-02-26 07:00:00.000000000,Email,Product Question,Medium,Agent_04,7.0,3.0,Reopened
TCK-03888,2025-02-26,2025-02-26 03:21:00.000000000,Email,Technical Issue,Medium,Agent_02,3.35,3.0,Resolved
TCK-02268,2025-02-26,2025-02-26 00:47:24.000000000,Phone,Technical Issue,High,Agent_05,0.79,,Resolved
TCK-00844,2025-02-26,2025-02-26 00:52:12.000000000,Phone,Technical Issue,Urgent,Agent_03,0.87,5.0,Resolved
TCK-00493,2025-02-26,2025-02-26 01:45:00.000000000,Chat,Product Question,Urgent,Agent_04,1.75,4.0,Resolved
TCK-04623,2025-02-26,2025-02-26 01:30:00.000000000,Chat,Complaint,Medium,Agent_06,1.5,,Resolved
TCK-00921,2025-02-26,2025-02-26 08:14:24.000000000,Email,Product Question,High,Agent_14,8.24,3.0,Resolved
TCK-00496,2025-02-26,2025-02-26 02:46:12.000000000,Phone,Technical Issue,Low,Agent_12,2.77,4.0,Resolved
TCK-02182,2025-02-26,2025-02-26 03:00:00.000000000,Email,Billing,Medium,Agent_12,3.0,,Closed
TCK-03768,2025-02-26,2025-02-26 03:59:24.000000000,Social Media,Refund Request,Medium,Agent_11,3.99,3.0,Closed
TCK-01189,2025-02-26,2025-02-26 03:50:24.000000000,Email,Billing,High,Agent_03,3.84,,Resolved
TCK-01366,2025-02-26,2025-02-26 06:38:24.000000000,Email,Billing,Medium,Agent_07,6.64,,Resolved
TCK-04517,2025-02-26,2025-02-26 00:52:48.000000000,Email,Account Access,Urgent,Agent_09,0.88,,Resolved
TCK-01497,2025-02-26,2025-02-26 04:51:00.000000000,Email,Product Question,Medium,Agent_08,4.85,4.0,Resolved
TCK-01006,2025-02-26,2025-02-26 03:59:24.000000000,Email,Complaint,Low,Agent_04,3.99,,Resolved
TCK-02752,2025-02-26,2025-02-26 02:31:12.000000000,Chat,Complaint,High,Agent_09,2.52,5.0,Resolved
TCK-03563,2025-02-26,2025-02-26 13:49:48.000000000,Phone,Billing,Medium,Agent_12,13.83,3.0,Resolved
TCK-02209,2025-02-26,2025-02-26 03:22:48.000000000,Phone,Account Access,High,Agent_14,3.38,,Closed
TCK-00018,2025-02-26,2025-02-26 02:24:36.000000000,Email,Complaint,Medium,Agent_09,2.41,4.0,Resolved
TCK-02846,2025-02-26,2025-02-26 03:49:48.000000000,Social Media,Technical Issue,High,Unknown,3.83,4.0,Closed
TCK-03528,2025-02-26,2025-02-26 03:30:36.000000000,Email,Technical Issue,Low,Agent_06,3.51,4.0,Closed
TCK-00807,2025-02-27,2025-02-27 06:41:24.000000000,Email,Product Question,High,Agent_14,6.69,3.0,Resolved
TCK-01615,2025-02-27,2025-02-27 05:37:48.000000000,Phone,Billing,Medium,Agent_06,5.63,4.0,Resolved
TCK-00897,2025-02-27,2025-02-27 04:22:48.000000000,Phone,Refund Request,High,Agent_06,4.38,4.0,Resolved
TCK-03363,2025-02-27,2025-02-27 03:18:00.000000000,Chat,Product Question,Low,Agent_03,3.3,,Resolved
TCK-04378,2025-02-27,2025-02-27 04:11:24.000000000,Email,Technical Issue,Urgent,Agent_07,4.19,3.0,Resolved
TCK-00710,2025-02-27,2025-02-27 04:45:36.000000000,Phone,Product Question,Medium,Agent_03,4.76,3.0,Resolved
TCK-03213,2025-02-27,2025-02-27 10:46:48.000000000,Phone,Product Question,Low,Agent_07,10.78,1.0,Reopened
TCK-01907,2025-02-27,2025-02-27 02:48:00.000000000,Email,Billing,Low,Agent_06,2.8,3.0,Reopened
TCK-02828,2025-02-27,2025-02-27 03:38:24.000000000,Phone,Account Access,Medium,Agent_16,3.64,5.0,Resolved
TCK-03667,2025-02-27,2025-02-27 03:45:00.000000000,Phone,Refund Request,Medium,Agent_11,3.75,,Resolved
TCK-02387,2025-02-27,2025-02-27 01:10:48.000000000,Chat,Account Access,Medium,Agent_17,1.18,4.0,Resolved
TCK-03287,2025-02-28,2025-02-28 00:49:48.000000000,Phone,Technical Issue,High,Agent_16,0.83,5.0,Resolved
TCK-01655,2025-02-28,2025-02-28 06:57:00.000000000,Chat,Complaint,Low,Agent_07,6.95,3.0,Resolved
TCK-02620,2025-02-28,2025-02-28 00:48:00.000000000,Chat,Billing,Medium,Agent_09,0.8,5.0,Resolved
TCK-01868,2025-02-28,2025-02-28 03:54:00.000000000,Email,Complaint,Medium,Agent_17,3.9,4.0,Resolved
TCK-01814,2025-02-28,2025-02-28 08:56:24.000000000,Phone,Account Access,Low,Agent_19,8.94,3.0,Resolved
TCK-00247,2025-02-28,2025-02-28 05:30:36.000000000,Email,Product Question,Low,Agent_01,5.51,3.0,Resolved
TCK-00043,2025-02-28,2025-02-28 03:27:00.000000000,Phone,Billing,Medium,Agent_02,3.45,4.0,Resolved
TCK-04844,2025-02-28,2025-02-28 07:12:00.000000000,Chat,Account Access,Low,Agent_14,7.2,4.0,Resolved
TCK-03311,2025-02-28,2025-02-28 01:56:24.000000000,Phone,Product Question,High,Agent_07,1.94,4.0,Resolved
TCK-03325,2025-02-28,2025-02-28 03:51:36.000000000,Phone,Technical Issue,High,Agent_01,3.86,4.0,Resolved
TCK-00138,2025-02-28,2025-02-28 06:18:36.000000000,Phone,Product Question,Medium,Agent_12,6.31,4.0,Resolved
TCK-04917,2025-02-28,2025-02-28 04:29:24.000000000,Email,Billing,Medium,Agent_20,4.49,,Resolved
TCK-03123,2025-02-28,2025-02-28 08:00:00.000000000,Chat,Product Question,Low,Agent_09,8.0,,Resolved
TCK-04103,2025-03-01,2025-03-01 04:02:24.000000000,Email,Technical Issue,Medium,Agent_18,4.04,3.0,Resolved
TCK-02055,2025-03-01,2025-03-01 07:04:12.000000000,Chat,Billing,Medium,Agent_16,7.07,3.0,Resolved
TCK-03845,2025-03-01,2025-03-01 10:12:36.000000000,Chat,Account Access,Low,Agent_18,10.21,3.0,Closed
TCK-02893,2025-03-01,2025-03-01 03:40:48.000000000,Email,Billing,High,Agent_19,3.68,3.0,Resolved
TCK-04180,2025-03-01,2025-03-01 04:37:48.000000000,Phone,Complaint,High,Agent_04,4.63,,Resolved
TCK-01738,2025-03-01,2025-03-01 02:39:00.000000000,Phone,Complaint,Medium,Agent_17,2.65,,Resolved
TCK-01036,2025-03-01,2025-03-01 03:31:12.000000000,Chat,Billing,Low,Agent_13,3.52,,Resolved
TCK-03282,2025-03-01,2025-03-01 02:21:36.000000000,Phone,Technical Issue,Medium,Agent_11,2.36,,Resolved
TCK-01447,2025-03-01,2025-03-01 02:52:12.000000000,Phone,Account Access,Medium,Agent_17,2.87,3.0,Closed
TCK-01896,2025-03-01,2025-03-01 06:04:48.000000000,Chat,Account Access,Medium,Agent_02,6.08,3.0,Resolved
TCK-02393,2025-03-01,2025-03-01 05:05:24.000000000,Email,Complaint,Medium,Agent_10,5.09,,Resolved
TCK-01516,2025-03-01,2025-03-01 05:27:36.000000000,Email,Technical Issue,Medium,Agent_15,5.46,4.0,Resolved
TCK-02329,2025-03-01,2025-03-01 06:58:12.000000000,Email,Technical Issue,Low,Agent_14,6.97,,Reopened
TCK-02680,2025-03-01,2025-03-01 05:42:36.000000000,Phone,Complaint,Medium,Agent_17,5.71,,Resolved
TCK-01597,2025-03-02,2025-03-02 02:37:12.000000000,Phone,Billing,High,Agent_16,2.62,5.0,Closed
TCK-01810,2025-03-02,2025-03-02 07:36:36.000000000,Chat,Account Access,Low,Agent_14,7.61,4.0,Closed
TCK-01901,2025-03-02,2025-03-02 04:57:00.000000000,Email,Billing,High,Agent_15,4.95,,Closed
TCK-04339,2025-03-02,2025-03-02 02:22:48.000000000,Email,Account Access,Low,Agent_18,2.38,5.0,Resolved
TCK-04327,2025-03-02,2025-03-02 08:15:00.000000000,Email,Product Question,Low,Agent_06,8.25,,Closed
TCK-00310,2025-03-02,2025-03-02 07:09:00.000000000,Phone,Billing,Low,Agent_15,7.15,4.0,Resolved
TCK-00001,2025-03-02,2025-03-02 03:16:12.000000000,Email,Billing,Medium,Agent_18,3.27,3.0,Resolved
TCK-00492,2025-03-02,2025-03-02 12:54:36.000000000,Chat,Product Question,Medium,Agent_07,12.91,,Resolved
TCK-03231,2025-03-02,2025-03-02 06:09:36.000000000,Email,Technical Issue,Low,Agent_14,6.16,,Reopened
TCK-02556,2025-03-02,2025-03-02 03:03:00.000000000,Email,Product Question,Medium,Agent_08,3.05,5.0,Resolved
TCK-00128,2025-03-02,2025-03-02 06:10:12.000000000,Chat,Technical Issue,Low,Agent_07,6.17,3.0,Closed
TCK-04543,2025-03-02,2025-03-02 01:13:48.000000000,Email,Product Question,High,Agent_08,1.23,,Resolved
TCK-01556,2025-03-02,2025-03-02 02:28:12.000000000,Email,Billing,Medium,Agent_07,2.47,5.0,Resolved
TCK-00147,2025-03-02,2025-03-02 03:30:36.000000000,Chat,Product Question,Low,Agent_12,3.51,,Resolved
TCK-00583,2025-03-02,2025-03-02 05:58:48.000000000,Social Media,Product Question,Medium,Agent_11,5.98,3.0,Resolved
TCK-00427,2025-03-02,2025-03-02 02:07:48.000000000,Email,Refund Request,Low,Agent_09,2.13,,Resolved
TCK-01038,2025-03-02,2025-03-02 01:07:48.000000000,Chat,Product Question,Urgent,Agent_18,1.13,,Resolved
TCK-03009,2025-03-03,2025-03-03 04:51:36.000000000,Social Media,Billing,Medium,Agent_11,4.86,,Closed
TCK-02288,2025-03-03,2025-03-03 12:07:48.000000000,Phone,Billing,Low,Agent_14,12.13,3.0,Closed
TCK-03522,2025-03-03,2025-03-03 03:24:00.000000000,Email,Technical Issue,Medium,Agent_10,3.4,,Resolved
TCK-03519,2025-03-03,2025-03-03 08:25:48.000000000,Email,Account Access,Medium,Agent_03,8.43,3.0,Closed
TCK-02257,2025-03-03,2025-03-03 00:33:00.000000000,Email,Billing,High,Agent_07,0.55,5.0,Resolved
TCK-04243,2025-03-03,2025-03-03 08:58:48.000000000,Chat,Billing,Low,Agent_09,8.98,2.0,Resolved
TCK-03650,2025-03-03,2025-03-03 04:30:36.000000000,Phone,Product Question,High,Agent_13,4.51,,Resolved
TCK-02900,2025-03-03,2025-03-03 06:42:36.000000000,Email,Product Question,Low,Agent_04,6.71,3.0,Reopened
TCK-03484,2025-03-03,2025-03-03 09:58:48.000000000,Email,Refund Request,Low,Agent_12,9.98,2.0,Resolved
TCK-03477,2025-03-03,2025-03-03 02:02:24.000000000,Phone,Technical Issue,Urgent,Agent_13,2.04,5.0,Resolved
TCK-02160,2025-03-03,2025-03-03 04:08:24.000000000,Chat,Technical Issue,Medium,Agent_08,4.14,,Resolved
TCK-00663,2025-03-03,2025-03-03 03:58:12.000000000,Phone,Account Access,Low,Agent_01,3.97,,Resolved
TCK-00645,2025-03-03,2025-03-03 02:48:36.000000000,Phone,Technical Issue,Low,Agent_11,2.81,,Closed
TCK-03140,2025-03-03,2025-03-03 04:20:24.000000000,Phone,Technical Issue,High,Agent_09,4.34,,Resolved
TCK-02410,2025-03-04,2025-03-04 02:48:00.000000000,Email,Account Access,Medium,Agent_02,2.8,4.0,Resolved
TCK-02494,2025-03-04,2025-03-04 03:22:48.000000000,Phone,Billing,High,Agent_05,3.38,,Resolved
TCK-02765,2025-03-04,2025-03-04 12:27:00.000000000,Email,Billing,Low,Agent_18,12.45,,Resolved
TCK-02063,2025-03-04,2025-03-04 06:52:48.000000000,Chat,Technical Issue,Medium,Agent_04,6.88,,Reopened
TCK-01153,2025-03-04,2025-03-04 07:06:36.000000000,Email,Refund Request,Low,Agent_15,7.11,,Resolved
TCK-04642,2025-03-04,2025-03-04 01:41:24.000000000,Email,Account Access,Medium,Agent_06,1.69,,Resolved
TCK-00664,2025-03-04,2025-03-04 06:35:24.000000000,Email,Billing,Low,Agent_13,6.59,4.0,Resolved
TCK-04332,2025-03-04,2025-03-04 02:11:24.000000000,Email,Technical Issue,Medium,Agent_02,2.19,3.0,Closed
TCK-02011,2025-03-04,2025-03-04 17:15:36.000000000,Chat,Account Access,Low,Agent_01,17.26,,Closed
TCK-01393,2025-03-04,2025-03-04 01:36:00.000000000,Chat,Account Access,High,Agent_06,1.6,4.0,Resolved
TCK-00222,2025-03-04,2025-03-04 06:41:24.000000000,Chat,Technical Issue,Low,Agent_12,6.69,,Resolved
TCK-00868,2025-03-05,2025-03-05 01:27:36.000000000,Chat,Account Access,High,Agent_09,1.46,,Resolved
TCK-04594,2025-03-05,2025-03-05 03:33:36.000000000,Phone,Billing,High,Agent_06,3.56,4.0,Closed
TCK-02891,2025-03-05,2025-03-05 03:10:48.000000000,Email,Account Access,High,Agent_03,3.18,5.0,Closed
TCK-01576,2025-03-05,2025-03-05 01:12:36.000000000,Email,Account Access,Medium,Agent_06,1.21,3.0,Resolved
TCK-03012,2025-03-05,2025-03-05 03:08:24.000000000,Chat,Billing,High,Agent_11,3.14,,Resolved
TCK-03057,2025-03-05,2025-03-05 00:11:24.000000000,Social Media,Product Question,Urgent,Agent_05,0.19,,Resolved
TCK-00992,2025-03-05,2025-03-05 06:51:00.000000000,Phone,Account Access,Medium,Agent_12,6.85,,Closed
TCK-00371,2025-03-05,2025-03-05 02:13:12.000000000,Email,Account Access,Medium,Agent_20,2.22,,Resolved
TCK-00504,2025-03-05,2025-03-05 05:01:48.000000000,Phone,Technical Issue,Low,Agent_09,5.03,,Resolved
TCK-03910,2025-03-05,2025-03-05 02:11:24.000000000,Email,Complaint,Low,Agent_05,2.19,,Resolved
TCK-03217,2025-03-05,2025-03-05 09:22:48.000000000,Phone,Technical Issue,Low,Agent_13,9.38,4.0,Closed
TCK-03721,2025-03-05,2025-03-05 01:55:48.000000000,Phone,Product Question,Medium,Agent_12,1.93,,Resolved
TCK-03249,2025-03-05,2025-03-05 05:26:24.000000000,Email,Complaint,Medium,Agent_20,5.44,,Closed
TCK-00219,2025-03-05,2025-03-05 08:21:36.000000000,Phone,Billing,Low,Agent_05,8.36,3.0,Resolved
TCK-01843,2025-03-06,2025-03-06 01:15:36.000000000,Phone,Account Access,Urgent,Agent_02,1.26,,Reopened
TCK-04733,2025-03-06,2025-03-06 03:06:36.000000000,Chat,Product Question,Urgent,Agent_18,3.11,,Resolved
TCK-03848,2025-03-06,2025-03-06 09:35:24.000000000,Email,Complaint,Medium,Agent_11,9.59,,Resolved
TCK-00721,2025-03-06,2025-03-06 07:38:24.000000000,Chat,Billing,Low,Agent_12,7.64,4.0,Resolved
TCK-02107,2025-03-06,2025-03-06 06:52:12.000000000,Chat,Technical Issue,High,Agent_17,6.87,2.0,Resolved
TCK-04186,2025-03-06,2025-03-06 02:04:48.000000000,Phone,Technical Issue,Medium,Agent_10,2.08,5.0,Resolved
TCK-00190,2025-03-06,2025-03-06 08:07:48.000000000,Phone,Product Question,Low,Agent_07,8.13,3.0,Resolved
TCK-03752,2025-03-06,2025-03-06 02:19:48.000000000,Email,Technical Issue,Urgent,Agent_15,2.33,,Resolved
TCK-02208,2025-03-06,2025-03-06 13:36:36.000000000,Email,Technical Issue,Low,Agent_12,13.61,,Reopened
TCK-01134,2025-03-06,2025-03-06 02:22:12.000000000,Email,Billing,Medium,Agent_05,2.37,4.0,Resolved
TCK-03747,2025-03-06,2025-03-06 05:43:12.000000000,Email,Account Access,Medium,Agent_04,5.72,3.0,Closed
TCK-01992,2025-03-06,2025-03-06 03:19:48.000000000,Phone,Technical Issue,Urgent,Agent_16,3.33,4.0,Resolved
TCK-02235,2025-03-06,2025-03-06 02:43:12.000000000,Chat,Account Access,High,Agent_10,2.72,4.0,Resolved
TCK-00621,2025-03-06,2025-03-06 03:18:00.000000000,Email,Technical Issue,Medium,Agent_13,3.3,3.0,Resolved
TCK-03156,2025-03-06,2025-03-06 03:33:00.000000000,Chat,Account Access,Low,Agent_10,3.55,,Resolved
TCK-02328,2025-03-06,2025-03-06 08:34:47.999999999,Phone,Technical Issue,Medium,Agent_11,8.58,4.0,Resolved
TCK-02330,2025-03-06,2025-03-06 04:30:36.000000000,Chat,Billing,Low,Agent_19,4.51,,Resolved
TCK-02438,2025-03-06,2025-03-06 09:42:00.000000000,Email,Billing,Low,Agent_07,9.7,,Resolved
TCK-03048,2025-03-06,2025-03-06 04:33:00.000000000,Email,Complaint,Medium,Agent_09,4.55,4.0,Resolved
TCK-01365,2025-03-06,2025-03-06 02:45:36.000000000,Social Media,Technical Issue,Medium,Agent_17,2.76,5.0,Closed
TCK-01662,2025-03-07,2025-03-07 03:12:36.000000000,Email,Billing,High,Agent_09,3.21,5.0,Resolved
TCK-04588,2025-03-07,2025-03-07 05:25:12.000000000,Phone,Billing,Low,Agent_02,5.42,3.0,Resolved
TCK-01846,2025-03-07,2025-03-07 02:06:36.000000000,Email,Technical Issue,High,Agent_03,2.11,,Resolved
TCK-03839,2025-03-07,2025-03-07 05:34:47.999999999,Phone,Technical Issue,Medium,Agent_08,5.58,,Resolved
TCK-00352,2025-03-07,2025-03-07 11:04:12.000000000,Phone,Billing,Low,Unknown,11.07,3.0,Resolved
TCK-03784,2025-03-07,2025-03-07 07:56:24.000000000,Email,Complaint,Medium,Agent_03,7.94,3.0,Resolved
TCK-04351,2025-03-07,2025-03-07 01:02:24.000000000,Phone,Billing,High,Agent_08,1.04,,Closed
TCK-02443,2025-03-07,2025-03-07 05:37:12.000000000,Phone,Billing,Low,Agent_12,5.62,4.0,Resolved
TCK-00309,2025-03-07,2025-03-07 04:06:36.000000000,Chat,Complaint,Medium,Agent_17,4.11,4.0,Resolved
TCK-02341,2025-03-07,2025-03-07 01:11:24.000000000,Phone,Billing,Low,Agent_20,1.19,,Resolved
TCK-00211,2025-03-07,2025-03-07 04:24:36.000000000,Email,Product Question,High,Agent_02,4.41,4.0,Closed
TCK-00595,2025-03-08,2025-03-08 07:34:47.999999999,Phone,Billing,Low,Agent_06,7.58,,Closed
TCK-02886,2025-03-08,2025-03-08 01:25:48.000000000,Phone,Technical Issue,High,Agent_16,1.43,4.0,Resolved
TCK-03895,2025-03-08,2025-03-08 06:00:00.000000000,Phone,Refund Request,Medium,Agent_10,6.0,,Closed
TCK-01599,2025-03-08,2025-03-08 03:22:48.000000000,Email,Account Access,Medium,Agent_18,3.38,3.0,Reopened
TCK-04889,2025-03-08,2025-03-08 03:05:24.000000000,Phone,Account Access,High,Agent_19,3.09,4.0,Resolved
TCK-00872,2025-03-08,2025-03-08 01:06:36.000000000,Phone,Technical Issue,High,Agent_05,1.11,5.0,Closed
TCK-04128,2025-03-08,2025-03-08 04:08:24.000000000,Email,Technical Issue,Low,Agent_06,4.14,4.0,Resolved
TCK-03047,2025-03-08,2025-03-08 09:19:12.000000000,Phone,Billing,Medium,Agent_03,9.32,,Resolved
TCK-01889,2025-03-08,2025-03-08 04:53:24.000000000,Chat,Product Question,Medium,Agent_09,4.89,,Resolved
TCK-02573,2025-03-08,2025-03-08 05:27:00.000000000,Email,Billing,Low,Agent_19,5.45,3.0,Closed
TCK-01066,2025-03-08,2025-03-08 00:38:24.000000000,Chat,Technical Issue,Urgent,Agent_20,0.64,5.0,Resolved
TCK-03059,2025-03-08,2025-03-08 03:58:12.000000000,Chat,Technical Issue,Medium,Agent_17,3.97,,Resolved
TCK-00524,2025-03-08,2025-03-08 04:25:48.000000000,Email,Technical Issue,Medium,Agent_18,4.43,,Resolved
TCK-03628,2025-03-08,2025-03-08 04:14:24.000000000,Email,Billing,Low,Agent_09,4.24,3.0,Resolved
TCK-00429,2025-03-08,2025-03-08 02:27:00.000000000,Social Media,Technical Issue,Low,Agent_07,2.45,4.0,Reopened
TCK-04291,2025-03-09,2025-03-09 02:26:24.000000000,Email,Refund Request,High,Agent_13,2.44,,Closed
TCK-01623,2025-03-09,2025-03-09 01:57:36.000000000,Email,Technical Issue,Medium,Agent_20,1.96,5.0,Resolved
TCK-04368,2025-03-09,2025-03-09 01:27:00.000000000,Email,Billing,High,Agent_02,1.45,5.0,Resolved
TCK-01392,2025-03-09,2025-03-09 16:08:24.000000000,Phone,Account Access,Low,Agent_18,16.14,2.0,Closed
TCK-02889,2025-03-09,2025-03-09 03:27:36.000000000,Email,Account Access,Medium,Agent_12,3.46,4.0,Resolved
TCK-02345,2025-03-09,2025-03-09 04:24:00.000000000,Phone,Billing,Low,Agent_05,4.4,4.0,Closed
TCK-02701,2025-03-09,2025-03-09 05:41:24.000000000,Email,Complaint,Low,Agent_17,5.69,,Resolved
TCK-01758,2025-03-09,2025-03-09 04:18:00.000000000,Chat,Billing,Low,Unknown,4.3,,Resolved
TCK-01851,2025-03-09,2025-03-09 03:48:36.000000000,Email,Complaint,Medium,Agent_01,3.81,4.0,Resolved
TCK-03250,2025-03-09,2025-03-09 09:31:12.000000000,Phone,Product Question,Medium,Agent_14,9.52,3.0,Closed
TCK-03736,2025-03-10,2025-03-10 01:44:24.000000000,Chat,Billing,Low,Agent_10,1.74,5.0,Resolved
TCK-01920,2025-03-10,2025-03-10 08:13:48.000000000,Email,Billing,Medium,Agent_03,8.23,3.0,Resolved
TCK-03979,2025-03-10,2025-03-10 02:45:00.000000000,Email,Account Access,Urgent,Agent_19,2.75,3.0,Resolved
TCK-01305,2025-03-10,2025-03-10 09:22:12.000000000,Phone,Complaint,Low,Agent_13,9.37,,Resolved
TCK-03489,2025-03-10,2025-03-10 06:39:00.000000000,Chat,Technical Issue,Medium,Agent_06,6.65,4.0,Resolved
TCK-02634,2025-03-10,2025-03-10 15:44:24.000000000,Email,Technical Issue,Low,Agent_02,15.74,,Resolved
TCK-02698,2025-03-10,2025-03-10 03:09:36.000000000,Email,Billing,High,Agent_03,3.16,3.0,Resolved
TCK-03216,2025-03-10,2025-03-10 01:24:00.000000000,Social Media,Technical Issue,High,Agent_06,1.4,,Resolved
TCK-04116,2025-03-10,2025-03-10 06:12:00.000000000,Email,Account Access,Medium,Agent_13,6.2,3.0,Closed
TCK-01494,2025-03-10,2025-03-10 02:01:12.000000000,Email,Technical Issue,Urgent,Agent_08,2.02,4.0,Resolved
TCK-04943,2025-03-10,2025-03-10 00:42:00.000000000,Email,Billing,Urgent,Agent_09,0.7,3.0,Resolved
TCK-00213,2025-03-10,2025-03-10 09:38:24.000000000,Phone,Technical Issue,Low,Agent_13,9.64,,Resolved
TCK-04524,2025-03-10,2025-03-10 10:54:00.000000000,Email,Billing,Low,Agent_15,10.9,3.0,Closed
TCK-03354,2025-03-10,2025-03-10 03:24:36.000000000,Email,Technical Issue,Medium,Agent_03,3.41,3.0,Closed
TCK-04451,2025-03-10,2025-03-10 01:12:36.000000000,Chat,Product Question,High,Agent_02,1.21,,Resolved
TCK-02904,2025-03-10,2025-03-10 06:03:00.000000000,Email,Technical Issue,Low,Agent_03,6.05,,Resolved
TCK-01286,2025-03-10,2025-03-10 03:12:36.000000000,Email,Account Access,Low,Agent_20,3.21,,Resolved
TCK-03319,2025-03-10,2025-03-10 02:36:00.000000000,Phone,Billing,High,Agent_10,2.6,4.0,Closed
TCK-04756,2025-03-11,2025-03-11 12:41:24.000000000,Chat,Technical Issue,Medium,Agent_11,12.69,2.0,Closed
TCK-04408,2025-03-11,2025-03-11 02:58:12.000000000,Chat,Product Question,Low,Agent_08,2.97,4.0,Resolved
TCK-03873,2025-03-11,2025-03-11 01:46:12.000000000,Email,Product Question,Medium,Agent_09,1.77,,Resolved
TCK-02031,2025-03-11,2025-03-11 11:18:00.000000000,Email,Complaint,Low,Agent_16,11.3,3.0,Resolved
TCK-04831,2025-03-11,2025-03-11 06:13:48.000000000,Email,Complaint,Low,Agent_20,6.23,,Resolved
TCK-02770,2025-03-11,2025-03-11 01:31:48.000000000,Phone,Billing,Medium,Agent_08,1.53,4.0,Resolved
TCK-03005,2025-03-11,2025-03-11 02:55:12.000000000,Email,Complaint,Medium,Agent_08,2.92,4.0,Resolved
TCK-01611,2025-03-11,2025-03-11 02:12:36.000000000,Phone,Billing,High,Agent_12,2.21,4.0,Resolved
TCK-04865,2025-03-11,2025-03-11 03:33:36.000000000,Email,Account Access,Low,Agent_03,3.56,4.0,Resolved
TCK-03969,2025-03-11,2025-03-11 01:51:36.000000000,Email,Technical Issue,Medium,Agent_03,1.86,3.0,Closed
TCK-04063,2025-03-11,2025-03-11 07:36:00.000000000,Phone,Technical Issue,Low,Agent_04,7.6,,Closed
TCK-01138,2025-03-11,2025-03-11 07:35:24.000000000,Email,Technical Issue,Medium,Agent_09,7.59,4.0,Closed
TCK-01483,2025-03-11,2025-03-11 09:04:48.000000000,Chat,Technical Issue,Medium,Agent_13,9.08,,Resolved
TCK-04835,2025-03-11,2025-03-11 01:15:00.000000000,Phone,Technical Issue,Medium,Agent_09,1.25,5.0,Reopened
TCK-00032,2025-03-11,2025-03-11 02:48:00.000000000,Phone,Product Question,Medium,Agent_16,2.8,,Resolved
TCK-02352,2025-03-12,2025-03-12 01:49:48.000000000,Email,Complaint,High,Agent_17,1.83,5.0,Closed
TCK-03154,2025-03-12,2025-03-12 03:45:00.000000000,Phone,Product Question,Medium,Agent_10,3.75,3.0,Resolved
TCK-03255,2025-03-12,2025-03-12 03:51:36.000000000,Email,Billing,Medium,Agent_12,3.86,,Resolved
TCK-04541,2025-03-12,2025-03-12 02:13:12.000000000,Email,Billing,Urgent,Agent_02,2.22,4.0,Closed
TCK-02514,2025-03-12,2025-03-12 07:09:36.000000000,Phone,Billing,Low,Agent_03,7.16,3.0,Resolved
TCK-04208,2025-03-12,2025-03-12 06:06:36.000000000,Email,Product Question,Low,Agent_03,6.11,3.0,Resolved
TCK-01073,2025-03-12,2025-03-12 02:28:12.000000000,Chat,Complaint,Medium,Agent_06,2.47,4.0,Resolved
TCK-02180,2025-03-12,2025-03-12 13:24:36.000000000,Chat,Technical Issue,Medium,Agent_19,13.41,,Resolved
TCK-02953,2025-03-12,2025-03-12 02:38:24.000000000,Chat,Product Question,Medium,Agent_01,2.64,,Resolved
TCK-00483,2025-03-12,2025-03-12 01:15:36.000000000,Email,Technical Issue,High,Agent_02,1.26,3.0,Resolved
TCK-00848,2025-03-12,2025-03-12 11:54:00.000000000,Phone,Product Question,Low,Agent_05,11.9,,Resolved
TCK-01075,2025-03-12,2025-03-12 05:35:24.000000000,Email,Billing,High,Agent_17,5.59,4.0,Resolved
TCK-04916,2025-03-12,2025-03-12 01:45:36.000000000,Email,Account Access,High,Agent_07,1.76,4.0,Resolved
TCK-02821,2025-03-12,2025-03-12 05:35:24.000000000,Email,Product Question,Low,Agent_05,5.59,3.0,Resolved
TCK-04945,2025-03-12,2025-03-12 07:30:00.000000000,Social Media,Complaint,Medium,Agent_20,7.5,4.0,Resolved
TCK-03218,2025-03-13,2025-03-13 00:50:24.000000000,Phone,Technical Issue,Urgent,Agent_06,0.84,4.0,Resolved
TCK-00503,2025-03-13,2025-03-13 08:57:00.000000000,Phone,Refund Request,Medium,Agent_15,8.95,,Resolved
TCK-04787,2025-03-13,2025-03-13 02:49:12.000000000,Email,Technical Issue,Low,Agent_07,2.82,5.0,Resolved
TCK-00012,2025-03-13,2025-03-13 03:54:36.000000000,Phone,Billing,Medium,Agent_09,3.91,,Reopened
TCK-02426,2025-03-13,2025-03-13 01:24:36.000000000,Chat,Billing,Medium,Agent_18,1.41,3.0,Closed
TCK-02850,2025-03-13,2025-03-13 04:06:36.000000000,Email,Refund Request,Low,Agent_08,4.11,3.0,Resolved
TCK-01730,2025-03-13,2025-03-13 05:09:36.000000000,Chat,Complaint,Medium,Agent_13,5.16,4.0,Resolved
TCK-00953,2025-03-13,2025-03-13 09:08:24.000000000,Phone,Technical Issue,Low,Agent_04,9.14,3.0,Resolved
TCK-02811,2025-03-13,2025-03-13 02:19:48.000000000,Chat,Technical Issue,High,Agent_08,2.33,,Resolved
TCK-03869,2025-03-13,2025-03-13 02:45:00.000000000,Social Media,Billing,Medium,Agent_13,2.75,4.0,Resolved
TCK-03142,2025-03-13,2025-03-13 02:54:00.000000000,Email,Product Question,Medium,Agent_17,2.9,,Resolved
TCK-03113,2025-03-13,2025-03-13 03:51:00.000000000,Email,Refund Request,Low,Agent_13,3.85,,Resolved
TCK-03653,2025-03-13,2025-03-13 04:31:48.000000000,Email,Complaint,Medium,Agent_10,4.53,,Reopened
TCK-00358,2025-03-13,2025-03-13 03:04:12.000000000,Email,Product Question,Low,Agent_15,3.07,5.0,Closed
TCK-04452,2025-03-13,2025-03-13 01:34:11.999999999,Email,Technical Issue,Urgent,Agent_13,1.57,4.0,Resolved
TCK-03797,2025-03-13,2025-03-13 02:10:48.000000000,Phone,Technical Issue,Medium,Agent_16,2.18,,Resolved
TCK-04751,2025-03-13,2025-03-13 05:02:24.000000000,Chat,Complaint,Low,Agent_09,5.04,,Reopened
TCK-04616,2025-03-14,2025-03-14 06:44:24.000000000,Phone,Account Access,High,Agent_04,6.74,,Resolved
TCK-02773,2025-03-14,2025-03-14 02:15:00.000000000,Chat,Complaint,Medium,Agent_15,2.25,,Closed
TCK-02984,2025-03-14,2025-03-14 01:56:24.000000000,Phone,Account Access,Urgent,Agent_14,1.94,,Reopened
TCK-00062,2025-03-14,2025-03-14 03:55:48.000000000,Chat,Complaint,Low,Agent_08,3.93,4.0,Resolved
TCK-04804,2025-03-14,2025-03-14 02:34:11.999999999,Chat,Technical Issue,Low,Agent_18,2.57,5.0,Resolved
TCK-04961,2025-03-14,2025-03-14 04:00:00.000000000,Phone,Complaint,Medium,Agent_19,4.0,4.0,Resolved
TCK-02775,2025-03-14,2025-03-14 01:58:48.000000000,Chat,Billing,High,Agent_17,1.98,,Resolved
TCK-02705,2025-03-14,2025-03-14 04:56:24.000000000,Phone,Product Question,Medium,Agent_15,4.94,4.0,Resolved
TCK-02471,2025-03-14,2025-03-14 02:00:00.000000000,Email,Technical Issue,High,Agent_01,2.0,,Closed
TCK-03000,2025-03-14,2025-03-14 01:38:24.000000000,Phone,Refund Request,High,Agent_05,1.64,4.0,Resolved
TCK-01747,2025-03-14,2025-03-14 06:25:12.000000000,Email,Technical Issue,High,Agent_06,6.42,4.0,Resolved
TCK-00386,2025-03-14,2025-03-14 03:25:48.000000000,Phone,Billing,High,Agent_20,3.43,4.0,Resolved
TCK-02054,2025-03-14,2025-03-14 10:25:48.000000000,Email,Product Question,Low,Agent_03,10.43,,Resolved
TCK-03925,2025-03-14,2025-03-14 08:24:00.000000000,Email,Technical Issue,Low,Agent_12,8.4,4.0,Resolved
TCK-01664,2025-03-14,2025-03-14 07:43:48.000000000,Phone,Refund Request,Low,Agent_16,7.73,,Resolved
TCK-04538,2025-03-14,2025-03-14 00:53:24.000000000,Email,Complaint,High,Agent_15,0.89,5.0,Closed
TCK-04119,2025-03-14,2025-03-14 02:21:00.000000000,Chat,Complaint,Low,Agent_16,2.35,4.0,Closed
TCK-00798,2025-03-14,2025-03-14 06:09:00.000000000,Email,Complaint,Low,Agent_12,6.15,3.0,Closed
TCK-04124,2025-03-15,2025-03-15 01:52:48.000000000,Email,Account Access,Medium,Agent_09,1.88,4.0,Resolved
TCK-02309,2025-03-15,2025-03-15 01:42:00.000000000,Chat,Technical Issue,Medium,Agent_08,1.7,4.0,Reopened
TCK-01324,2025-03-15,2025-03-15 07:01:48.000000000,Phone,Account Access,Medium,Agent_07,7.03,,Resolved
TCK-00832,2025-03-15,2025-03-15 05:27:00.000000000,Email,Complaint,High,Agent_10,5.45,,Resolved
TCK-03464,2025-03-15,2025-03-15 02:10:12.000000000,Email,Billing,Low,Agent_06,2.17,5.0,Resolved
TCK-00184,2025-03-15,2025-03-15 03:58:48.000000000,Chat,Account Access,Medium,Agent_11,3.98,,Resolved
TCK-02076,2025-03-15,2025-03-15 02:54:00.000000000,Social Media,Technical Issue,Medium,Agent_05,2.9,,Resolved
TCK-03854,2025-03-15,2025-03-15 04:20:24.000000000,Phone,Refund Request,Medium,Agent_06,4.34,5.0,Resolved
TCK-02860,2025-03-15,2025-03-15 01:37:12.000000000,Chat,Billing,High,Agent_16,1.62,,Resolved
TCK-00624,2025-03-15,2025-03-15 03:59:24.000000000,Email,Technical Issue,High,Agent_03,3.99,,Closed
TCK-01045,2025-03-15,2025-03-15 04:57:00.000000000,Social Media,Technical Issue,Medium,Agent_14,4.95,,Resolved
TCK-04222,2025-03-15,2025-03-15 16:16:48.000000000,Email,Technical Issue,Medium,Agent_15,16.28,,Resolved
TCK-00299,2025-03-15,2025-03-15 02:12:36.000000000,Email,Refund Request,Low,Agent_07,2.21,3.0,Resolved
TCK-00613,2025-03-15,2025-03-15 02:49:12.000000000,Email,Complaint,Low,Agent_05,2.82,5.0,Resolved
TCK-03248,2025-03-15,2025-03-15 01:57:36.000000000,Phone,Technical Issue,High,Agent_16,1.96,,Resolved
TCK-01756,2025-03-15,2025-03-15 06:28:12.000000000,Email,Billing,Medium,Agent_10,6.47,,Resolved
TCK-04846,2025-03-15,2025-03-15 06:18:00.000000000,Email,Complaint,Low,Agent_03,6.3,3.0,Closed
TCK-02456,2025-03-16,2025-03-16 07:31:12.000000000,Email,Billing,Medium,Agent_07,7.52,2.0,Resolved
TCK-02725,2025-03-16,2025-03-16 00:37:48.000000000,Phone,Technical Issue,High,Agent_05,0.63,5.0,Reopened
TCK-02733,2025-03-16,2025-03-16 03:12:36.000000000,Email,Complaint,High,Agent_11,3.21,,Resolved
TCK-01700,2025-03-16,2025-03-16 04:48:36.000000000,Phone,Billing,Low,Agent_07,4.81,3.0,Resolved
TCK-04771,2025-03-16,2025-03-16 02:00:00.000000000,Email,Product Question,Medium,Agent_10,2.0,4.0,Closed
TCK-03696,2025-03-16,2025-03-16 02:52:48.000000000,Email,Billing,Medium,Agent_18,2.88,4.0,Resolved
TCK-04530,2025-03-16,2025-03-16 02:49:48.000000000,Email,Product Question,Low,Agent_02,2.83,4.0,Closed
TCK-04019,2025-03-16,2025-03-16 06:42:00.000000000,Phone,Product Question,Medium,Agent_03,6.7,3.0,Resolved
TCK-03792,2025-03-16,2025-03-16 03:40:12.000000000,Chat,Account Access,High,Agent_14,3.67,4.0,Resolved
TCK-02603,2025-03-16,2025-03-16 03:42:36.000000000,Email,Billing,Low,Agent_07,3.71,,Resolved
TCK-04079,2025-03-17,2025-03-17 03:02:24.000000000,Email,Product Question,High,Agent_11,3.04,4.0,Closed
TCK-01832,2025-03-17,2025-03-17 07:17:23.999999999,Email,Account Access,High,Agent_13,7.29,3.0,Closed
TCK-03039,2025-03-17,2025-03-17 02:35:24.000000000,Phone,Complaint,Low,Agent_08,2.59,4.0,Reopened
TCK-02830,2025-03-17,2025-03-17 07:10:48.000000000,Email,Complaint,Low,Agent_16,7.18,,Resolved
TCK-01900,2025-03-17,2025-03-17 03:43:48.000000000,Phone,Refund Request,Low,Agent_09,3.73,3.0,Resolved
TCK-02434,2025-03-17,2025-03-17 01:58:48.000000000,Social Media,Technical Issue,Low,Agent_05,1.98,5.0,Resolved
TCK-03543,2025-03-17,2025-03-17 07:13:12.000000000,Email,Technical Issue,Medium,Agent_17,7.22,4.0,Closed
TCK-01434,2025-03-17,2025-03-17 01:52:12.000000000,Phone,Refund Request,High,Agent_14,1.87,4.0,Resolved
TCK-03393,2025-03-17,2025-03-17 06:42:36.000000000,Phone,Product Question,Low,Agent_08,6.71,5.0,Resolved
TCK-03202,2025-03-17,2025-03-17 07:05:24.000000000,Email,Technical Issue,Low,Agent_07,7.09,,Resolved
TCK-04633,2025-03-18,2025-03-18 02:09:36.000000000,Social Media,Complaint,Medium,Agent_18,2.16,4.0,Resolved
TCK-03288,2025-03-18,2025-03-18 04:39:00.000000000,Chat,Technical Issue,Low,Agent_03,4.65,3.0,Resolved
TCK-02483,2025-03-18,2025-03-18 05:45:00.000000000,Chat,Technical Issue,Low,Agent_11,5.75,3.0,Resolved
TCK-01705,2025-03-18,2025-03-18 05:21:00.000000000,Email,Billing,Medium,Agent_08,5.35,4.0,Resolved
TCK-01032,2025-03-18,2025-03-18 02:15:36.000000000,Phone,Account Access,High,Agent_01,2.26,4.0,Resolved
TCK-04614,2025-03-18,2025-03-19 05:19:12.000000000,Email,Complaint,Low,Agent_20,29.32,1.0,Resolved
TCK-00695,2025-03-18,2025-03-18 06:25:48.000000000,Email,Technical Issue,High,Agent_01,6.43,,Resolved
TCK-03987,2025-03-18,2025-03-18 04:18:36.000000000,Chat,Technical Issue,Low,Agent_07,4.31,5.0,Resolved
TCK-02237,2025-03-18,2025-03-18 03:06:00.000000000,Email,Product Question,Low,Agent_02,3.1,,Resolved
TCK-01949,2025-03-18,2025-03-18 05:34:11.999999999,Social Media,Account Access,Low,Agent_12,5.57,3.0,Resolved
TCK-04565,2025-03-18,2025-03-18 01:52:12.000000000,Phone,Complaint,High,Agent_05,1.87,5.0,Reopened
TCK-02320,2025-03-18,2025-03-18 06:16:48.000000000,Email,Refund Request,Low,Agent_13,6.28,3.0,Resolved
TCK-03201,2025-03-18,2025-03-18 01:51:00.000000000,Chat,Billing,High,Agent_17,1.85,5.0,Resolved
TCK-01948,2025-03-19,2025-03-19 16:45:36.000000000,Phone,Account Access,Low,Agent_19,16.76,,Reopened
TCK-02404,2025-03-19,2025-03-19 11:29:24.000000000,Chat,Billing,Low,Agent_16,11.49,3.0,Resolved
TCK-04715,2025-03-19,2025-03-19 02:19:12.000000000,Phone,Complaint,Medium,Agent_06,2.32,4.0,Resolved
TCK-03192,2025-03-19,2025-03-19 03:32:24.000000000,Phone,Technical Issue,Medium,Agent_02,3.54,,Resolved
TCK-03486,2025-03-19,2025-03-19 01:44:24.000000000,Phone,Billing,Urgent,Agent_13,1.74,4.0,Resolved
TCK-01670,2025-03-19,2025-03-19 02:04:12.000000000,Phone,Product Question,High,Agent_07,2.07,,Resolved
TCK-04956,2025-03-19,2025-03-19 02:14:24.000000000,Phone,Product Question,Medium,Agent_17,2.24,4.0,Closed
TCK-03257,2025-03-19,2025-03-19 02:51:00.000000000,Phone,Complaint,Low,Agent_20,2.85,,Resolved
TCK-03920,2025-03-20,2025-03-20 01:34:11.999999999,Phone,Complaint,Medium,Agent_10,1.57,3.0,Resolved
TCK-01542,2025-03-20,2025-03-20 04:48:00.000000000,Phone,Complaint,Low,Agent_10,4.8,,Resolved
TCK-04547,2025-03-20,2025-03-20 05:01:12.000000000,Phone,Billing,Low,Agent_20,5.02,5.0,Resolved
TCK-02694,2025-03-20,2025-03-20 04:10:48.000000000,Chat,Account Access,Medium,Agent_03,4.18,4.0,Resolved
TCK-03139,2025-03-20,2025-03-20 02:23:24.000000000,Email,Technical Issue,Medium,Agent_18,2.39,3.0,Resolved
TCK-04148,2025-03-20,2025-03-20 03:08:24.000000000,Phone,Complaint,Medium,Agent_06,3.14,,Closed
TCK-02978,2025-03-20,2025-03-20 13:04:48.000000000,Email,Product Question,Low,Agent_01,13.08,2.0,Resolved
TCK-01355,2025-03-20,2025-03-20 03:01:48.000000000,Social Media,Billing,Medium,Agent_10,3.03,,Reopened
TCK-02625,2025-03-20,2025-03-20 03:44:24.000000000,Email,Account Access,Medium,Agent_12,3.74,3.0,Closed
TCK-02422,2025-03-20,2025-03-20 02:33:36.000000000,Email,Technical Issue,High,Agent_18,2.56,4.0,Resolved
TCK-02562,2025-03-20,2025-03-20 08:01:48.000000000,Phone,Technical Issue,Medium,Agent_05,8.03,,Resolved
TCK-03436,2025-03-20,2025-03-20 02:01:48.000000000,Phone,Refund Request,High,Agent_05,2.03,4.0,Resolved
TCK-02799,2025-03-20,2025-03-20 08:39:00.000000000,Email,Refund Request,Medium,Agent_20,8.65,4.0,Resolved
TCK-04516,2025-03-20,2025-03-20 01:59:24.000000000,Phone,Complaint,High,Agent_06,1.99,,Resolved
TCK-02430,2025-03-20,2025-03-20 01:42:00.000000000,Phone,Account Access,Medium,Agent_19,1.7,5.0,Resolved
TCK-03643,2025-03-20,2025-03-20 01:00:36.000000000,Email,Technical Issue,Medium,Agent_06,1.01,,Resolved
TCK-05000,2025-03-20,2025-03-20 02:41:24.000000000,Email,Technical Issue,High,Agent_13,2.69,5.0,Resolved
TCK-00102,2025-03-20,2025-03-20 05:40:48.000000000,Social Media,Product Question,High,Agent_10,5.68,,Resolved
TCK-03546,2025-03-21,2025-03-21 07:40:48.000000000,Chat,Technical Issue,High,Agent_12,7.68,,Closed
TCK-03630,2025-03-21,2025-03-21 03:04:12.000000000,Phone,Product Question,Low,Agent_16,3.07,5.0,Reopened
TCK-00924,2025-03-21,2025-03-21 01:41:24.000000000,Email,Technical Issue,High,Agent_11,1.69,5.0,Resolved
TCK-02154,2025-03-21,2025-03-21 06:14:24.000000000,Email,Account Access,Medium,Agent_04,6.24,,Resolved
TCK-00863,2025-03-21,2025-03-21 02:42:36.000000000,Chat,Billing,Low,Agent_16,2.71,4.0,Resolved
TCK-02513,2025-03-21,2025-03-21 03:12:36.000000000,Email,Product Question,Low,Agent_20,3.21,,Resolved
TCK-02834,2025-03-21,2025-03-21 07:53:24.000000000,Phone,Product Question,Medium,Agent_03,7.89,3.0,Resolved
TCK-03829,2025-03-22,2025-03-22 03:14:24.000000000,Phone,Technical Issue,Urgent,Agent_17,3.24,4.0,Resolved
TCK-03404,2025-03-22,2025-03-22 02:09:00.000000000,Email,Technical Issue,Medium,Agent_01,2.15,4.0,Resolved
TCK-01315,2025-03-22,2025-03-22 01:52:48.000000000,Email,Technical Issue,Medium,Agent_16,1.88,,Resolved
TCK-04763,2025-03-22,2025-03-22 02:43:12.000000000,Email,Refund Request,Urgent,Agent_07,2.72,4.0,Resolved
TCK-03912,2025-03-22,2025-03-22 09:37:12.000000000,Email,Billing,Low,Agent_18,9.62,3.0,Resolved
TCK-02354,2025-03-22,2025-03-22 03:10:12.000000000,Phone,Technical Issue,Medium,Agent_06,3.17,5.0,Closed
TCK-02663,2025-03-22,2025-03-22 02:09:36.000000000,Email,Technical Issue,High,Agent_19,2.16,3.0,Resolved
TCK-04890,2025-03-22,2025-03-22 01:31:48.000000000,Email,Account Access,Medium,Unknown,1.53,,Closed
TCK-02318,2025-03-22,2025-03-22 03:41:24.000000000,Email,Technical Issue,Low,Agent_17,3.69,5.0,Resolved
TCK-03373,2025-03-23,2025-03-23 06:01:48.000000000,Phone,Complaint,Low,Agent_04,6.03,5.0,Resolved
TCK-01217,2025-03-23,2025-03-23 06:04:12.000000000,Email,Account Access,Medium,Agent_16,6.07,4.0,Resolved
TCK-03582,2025-03-23,2025-03-23 05:16:12.000000000,Email,Billing,Medium,Agent_02,5.27,4.0,Reopened
TCK-02259,2025-03-23,2025-03-23 01:18:36.000000000,Email,Product Question,High,Agent_01,1.31,5.0,Resolved
TCK-00323,2025-03-23,2025-03-23 07:36:36.000000000,Email,Billing,High,Agent_08,7.61,,Resolved
TCK-03842,2025-03-23,2025-03-23 10:42:36.000000000,Phone,Technical Issue,Low,Agent_01,10.71,3.0,Resolved
TCK-01799,2025-03-23,2025-03-23 06:44:24.000000000,Chat,Product Question,Medium,Agent_04,6.74,,Closed
TCK-03810,2025-03-23,2025-03-23 08:26:24.000000000,Email,Refund Request,Low,Agent_10,8.44,,Resolved
TCK-03141,2025-03-23,2025-03-23 00:52:12.000000000,Email,Billing,Urgent,Agent_20,0.87,,Closed
TCK-02201,2025-03-23,2025-03-23 02:33:00.000000000,Email,Product Question,High,Agent_04,2.55,4.0,Resolved
TCK-02707,2025-03-23,2025-03-23 04:40:48.000000000,Email,Product Question,Low,Agent_16,4.68,4.0,Resolved
TCK-03431,2025-03-23,2025-03-23 07:03:00.000000000,Email,Technical Issue,Medium,Agent_04,7.05,4.0,Resolved
TCK-02989,2025-03-23,2025-03-23 08:18:00.000000000,Chat,Billing,Low,Agent_14,8.3,,Resolved
TCK-03674,2025-03-23,2025-03-23 01:20:24.000000000,Phone,Account Access,High,Agent_05,1.34,,Resolved
TCK-04333,2025-03-24,2025-03-24 06:48:36.000000000,Phone,Technical Issue,Low,Agent_03,6.81,4.0,Resolved
TCK-04996,2025-03-24,2025-03-24 06:47:24.000000000,Phone,Product Question,Low,Agent_08,6.79,4.0,Resolved
TCK-02874,2025-03-24,2025-03-24 02:15:36.000000000,Phone,Account Access,Medium,Agent_09,2.26,3.0,Resolved
TCK-03157,2025-03-24,2025-03-24 00:41:24.000000000,Email,Technical Issue,High,Agent_18,0.69,4.0,Closed
TCK-03112,2025-03-24,2025-03-24 03:51:36.000000000,Email,Technical Issue,Medium,Agent_01,3.86,3.0,Resolved
TCK-02275,2025-03-24,2025-03-24 03:33:00.000000000,Email,Billing,Medium,Agent_05,3.55,4.0,Resolved
TCK-04221,2025-03-24,2025-03-24 05:20:24.000000000,Phone,Account Access,Medium,Agent_19,5.34,,Resolved
TCK-00038,2025-03-24,2025-03-24 07:16:12.000000000,Email,Technical Issue,Low,Agent_11,7.27,,Resolved
TCK-00936,2025-03-24,2025-03-24 04:02:24.000000000,Chat,Billing,Medium,Agent_06,4.04,3.0,Closed
TCK-04169,2025-03-24,2025-03-24 06:54:00.000000000,Phone,Account Access,Medium,Agent_16,6.9,3.0,Resolved
TCK-04927,2025-03-24,2025-03-24 06:01:12.000000000,Phone,Product Question,Low,Agent_11,6.02,3.0,Resolved
TCK-04115,2025-03-24,2025-03-24 04:06:00.000000000,Chat,Technical Issue,Medium,Agent_08,4.1,,Closed
TCK-03274,2025-03-24,2025-03-24 14:03:36.000000000,Email,Refund Request,Low,Agent_14,14.06,2.0,Resolved
TCK-03701,2025-03-24,2025-03-24 02:03:36.000000000,Email,Technical Issue,Low,Agent_06,2.06,4.0,Resolved
TCK-00527,2025-03-25,2025-03-25 01:54:00.000000000,Phone,Product Question,Medium,Agent_04,1.9,3.0,Resolved
TCK-00372,2025-03-25,2025-03-25 02:09:00.000000000,Social Media,Complaint,High,Agent_09,2.15,4.0,Resolved
TCK-03742,2025-03-25,2025-03-25 01:40:48.000000000,Email,Complaint,High,Agent_07,1.68,4.0,Closed
TCK-02928,2025-03-25,2025-03-25 05:33:36.000000000,Email,Billing,Medium,Agent_01,5.56,,Resolved
TCK-01472,2025-03-25,2025-03-25 09:00:36.000000000,Email,Billing,Low,Agent_07,9.01,3.0,Resolved
TCK-03771,2025-03-25,2025-03-25 03:48:00.000000000,Phone,Complaint,Low,Agent_05,3.8,4.0,Resolved
TCK-02896,2025-03-25,2025-03-25 06:36:00.000000000,Phone,Refund Request,Low,Agent_11,6.6,3.0,Resolved
TCK-01463,2025-03-25,2025-03-25 03:55:12.000000000,Phone,Account Access,High,Agent_15,3.92,3.0,Resolved
TCK-03296,2025-03-25,2025-03-25 02:50:24.000000000,Chat,Billing,High,Agent_10,2.84,4.0,Resolved
TCK-04990,2025-03-26,2025-03-26 02:42:00.000000000,Phone,Product Question,Low,Agent_01,2.7,4.0,Resolved
TCK-00446,2025-03-26,2025-03-26 07:26:24.000000000,Phone,Complaint,Medium,Agent_04,7.44,4.0,Closed
TCK-03662,2025-03-26,2025-03-26 04:09:00.000000000,Phone,Billing,Medium,Agent_05,4.15,5.0,Resolved
TCK-01072,2025-03-26,2025-03-26 03:50:24.000000000,Email,Billing,Medium,Agent_04,3.84,,Resolved
TCK-03871,2025-03-26,2025-03-26 01:01:48.000000000,Email,Technical Issue,High,Agent_09,1.03,,Closed
TCK-00286,2025-03-26,2025-03-26 05:57:00.000000000,Email,Product Question,Low,Agent_03,5.95,4.0,Resolved
TCK-00586,2025-03-26,2025-03-26 06:26:24.000000000,Phone,Billing,Medium,Agent_10,6.44,,Closed
TCK-01439,2025-03-26,2025-03-26 03:05:24.000000000,Email,Billing,High,Agent_18,3.09,3.0,Closed
TCK-01616,2025-03-26,2025-03-26 07:37:12.000000000,Email,Product Question,Medium,Agent_12,7.62,3.0,Resolved
TCK-03049,2025-03-26,2025-03-26 07:47:24.000000000,Email,Technical Issue,Medium,Agent_09,7.79,3.0,Resolved
TCK-01505,2025-03-26,2025-03-26 06:03:00.000000000,Chat,Product Question,Medium,Agent_03,6.05,,Resolved
TCK-03444,2025-03-26,2025-03-26 01:37:12.000000000,Email,Product Question,Urgent,Agent_17,1.62,5.0,Resolved
TCK-01777,2025-03-27,2025-03-27 09:28:12.000000000,Email,Billing,Low,Agent_18,9.47,,Resolved
TCK-02169,2025-03-27,2025-03-27 02:06:00.000000000,Chat,Billing,High,Agent_06,2.1,5.0,Resolved
TCK-00597,2025-03-27,2025-03-27 02:40:48.000000000,Email,Account Access,Medium,Agent_18,2.68,3.0,Closed
TCK-02135,2025-03-27,2025-03-27 12:37:12.000000000,Email,Complaint,Low,Agent_13,12.62,,Resolved
TCK-03395,2025-03-27,2025-03-27 03:06:00.000000000,Email,Refund Request,Urgent,Agent_16,3.1,,Resolved
TCK-02253,2025-03-27,2025-03-27 02:10:48.000000000,Email,Product Question,Medium,Agent_04,2.18,4.0,Resolved
TCK-01251,2025-03-27,2025-03-27 00:54:36.000000000,Chat,Billing,Urgent,Agent_06,0.91,4.0,Resolved
TCK-00108,2025-03-27,2025-03-27 05:10:48.000000000,Email,Complaint,Low,Agent_16,5.18,,Closed
TCK-04924,2025-03-27,2025-03-27 16:02:24.000000000,Email,Technical Issue,Medium,Agent_11,16.04,3.0,Resolved
TCK-01837,2025-03-27,2025-03-27 04:16:12.000000000,Social Media,Refund Request,Low,Agent_01,4.27,,Resolved
TCK-03170,2025-03-27,2025-03-27 01:42:00.000000000,Chat,Refund Request,Urgent,Agent_02,1.7,4.0,Resolved
TCK-01248,2025-03-27,2025-03-27 02:39:00.000000000,Email,Refund Request,Medium,Agent_02,2.65,5.0,Resolved
TCK-01346,2025-03-27,2025-03-27 01:16:12.000000000,Email,Technical Issue,Low,Agent_05,1.27,5.0,Resolved
TCK-04666,2025-03-27,2025-03-27 02:49:48.000000000,Email,Technical Issue,Medium,Agent_08,2.83,3.0,Resolved
TCK-02842,2025-03-28,2025-03-28 04:32:24.000000000,Email,Account Access,Medium,Agent_08,4.54,,Resolved
TCK-03070,2025-03-28,2025-03-28 02:44:24.000000000,Phone,Account Access,High,Agent_01,2.74,4.0,Resolved
TCK-04724,2025-03-28,2025-03-28 07:00:00.000000000,Chat,Complaint,Medium,Agent_07,7.0,4.0,Resolved
TCK-00287,2025-03-28,2025-03-28 01:28:12.000000000,Email,Product Question,High,Agent_14,1.47,3.0,Closed
TCK-03253,2025-03-28,2025-03-28 01:31:12.000000000,Email,Technical Issue,Medium,Agent_06,1.52,,Resolved
TCK-04794,2025-03-28,2025-03-28 01:52:12.000000000,Phone,Technical Issue,High,Agent_01,1.87,3.0,Resolved
TCK-01268,2025-03-28,2025-03-28 03:36:00.000000000,Email,Product Question,Low,Agent_07,3.6,4.0,Closed
TCK-00679,2025-03-28,2025-03-28 02:25:48.000000000,Email,Technical Issue,Low,Agent_18,2.43,4.0,Resolved
TCK-03215,2025-03-28,2025-03-28 02:49:48.000000000,Email,Technical Issue,High,Agent_20,2.83,,Closed
TCK-03588,2025-03-28,2025-03-28 06:20:24.000000000,Email,Technical Issue,Medium,Agent_13,6.34,3.0,Resolved
TCK-00470,2025-03-28,2025-03-28 04:49:48.000000000,Phone,Complaint,Low,Agent_09,4.83,,Resolved
TCK-01569,2025-03-28,2025-03-28 05:19:12.000000000,Email,Account Access,Medium,Agent_08,5.32,4.0,Closed
TCK-03332,2025-03-28,2025-03-28 08:06:36.000000000,Chat,Technical Issue,Low,Agent_14,8.11,,Resolved
TCK-00526,2025-03-28,2025-03-28 00:48:36.000000000,Social Media,Technical Issue,High,Agent_06,0.81,,Resolved
TCK-02601,2025-03-29,2025-03-29 04:25:12.000000000,Phone,Billing,Low,Agent_03,4.42,,Resolved
TCK-01007,2025-03-29,2025-03-29 02:55:48.000000000,Email,Complaint,Medium,Agent_19,2.93,3.0,Resolved
TCK-03044,2025-03-29,2025-03-29 05:26:24.000000000,Email,Billing,High,Agent_07,5.44,,Resolved
TCK-02627,2025-03-29,2025-03-29 01:34:47.999999999,Chat,Billing,Urgent,Agent_07,1.58,5.0,Resolved
TCK-01225,2025-03-29,2025-03-29 05:19:12.000000000,Email,Account Access,Medium,Agent_05,5.32,4.0,Resolved
TCK-02927,2025-03-29,2025-03-29 03:43:48.000000000,Chat,Complaint,Medium,Agent_02,3.73,4.0,Resolved
TCK-00149,2025-03-29,2025-03-29 04:04:48.000000000,Phone,Account Access,Medium,Agent_16,4.08,,Closed
TCK-00057,2025-03-29,2025-03-29 06:15:00.000000000,Phone,Complaint,Medium,Agent_11,6.25,,Closed
TCK-00344,2025-03-29,2025-03-29 05:21:00.000000000,Email,Technical Issue,Low,Agent_01,5.35,4.0,Closed
TCK-00792,2025-03-29,2025-03-29 04:33:36.000000000,Chat,Technical Issue,Medium,Agent_09,4.56,4.0,Closed
TCK-02142,2025-03-29,2025-03-29 04:18:00.000000000,Chat,Product Question,Medium,Agent_07,4.3,4.0,Closed
TCK-04200,2025-03-29,2025-03-29 02:48:36.000000000,Email,Refund Request,Medium,Agent_15,2.81,,Resolved
TCK-00814,2025-03-29,2025-03-29 03:24:00.000000000,Email,Account Access,Low,Agent_08,3.4,5.0,Resolved
TCK-00553,2025-03-29,2025-03-29 01:27:36.000000000,Chat,Technical Issue,Medium,Agent_05,1.46,5.0,Resolved
TCK-04567,2025-03-29,2025-03-29 03:30:00.000000000,Phone,Account Access,Medium,Agent_19,3.5,3.0,Resolved
TCK-03054,2025-03-29,2025-03-29 04:07:48.000000000,Chat,Technical Issue,High,Agent_12,4.13,4.0,Resolved
TCK-03033,2025-03-29,2025-03-29 05:06:36.000000000,Email,Refund Request,Medium,Unknown,5.11,3.0,Resolved
TCK-04160,2025-03-29,2025-03-29 11:02:24.000000000,Phone,Technical Issue,Medium,Agent_10,11.04,4.0,Resolved
TCK-01362,2025-03-30,2025-03-30 10:54:00.000000000,Chat,Refund Request,Low,Agent_17,10.9,3.0,Resolved
TCK-03928,2025-03-30,2025-03-30 06:54:36.000000000,Phone,Technical Issue,Low,Agent_18,6.91,,Resolved
TCK-01084,2025-03-30,2025-03-30 05:37:48.000000000,Email,Refund Request,Low,Agent_01,5.63,4.0,Resolved
TCK-01502,2025-03-30,2025-03-30 04:21:36.000000000,Email,Refund Request,Low,Agent_02,4.36,,Closed
TCK-03235,2025-03-30,2025-03-30 04:18:00.000000000,Email,Account Access,Medium,Agent_09,4.3,4.0,Resolved
TCK-03705,2025-03-30,2025-03-30 07:10:12.000000000,Phone,Billing,Medium,Agent_09,7.17,4.0,Resolved
TCK-01669,2025-03-30,2025-03-30 07:00:00.000000000,Email,Product Question,Medium,Agent_19,7.0,4.0,Resolved
TCK-01746,2025-03-30,2025-03-30 04:36:36.000000000,Phone,Product Question,Medium,Agent_05,4.61,4.0,Resolved
TCK-01466,2025-03-30,2025-03-30 11:01:12.000000000,Email,Product Question,Medium,Agent_11,11.02,4.0,Resolved
TCK-02213,2025-03-30,2025-03-30 10:10:48.000000000,Email,Refund Request,Low,Agent_10,10.18,,Resolved
TCK-01211,2025-03-30,2025-03-30 12:52:48.000000000,Chat,Technical Issue,Medium,Agent_14,12.88,3.0,Closed
TCK-04459,2025-03-31,2025-03-31 03:40:48.000000000,Chat,Technical Issue,High,Agent_18,3.68,4.0,Resolved
TCK-00817,2025-03-31,2025-03-31 02:24:00.000000000,Phone,Complaint,Low,Agent_02,2.4,5.0,Resolved
TCK-02122,2025-03-31,2025-03-31 03:35:24.000000000,Email,Billing,Medium,Agent_05,3.59,,Resolved
TCK-00079,2025-03-31,2025-03-31 04:53:24.000000000,Chat,Technical Issue,Medium,Agent_05,4.89,,Resolved
TCK-03838,2025-03-31,2025-03-31 08:52:12.000000000,Chat,Refund Request,Low,Agent_05,8.87,4.0,Resolved
TCK-02711,2025-03-31,2025-03-31 04:18:36.000000000,Chat,Account Access,Medium,Agent_07,4.31,,Closed
TCK-00275,2025-03-31,2025-03-31 00:58:48.000000000,Chat,Account Access,Low,Agent_10,0.98,,Resolved
TCK-03238,2025-03-31,2025-03-31 03:31:48.000000000,Phone,Technical Issue,Low,Agent_02,3.53,4.0,Resolved
TCK-01866,2025-03-31,2025-03-31 02:49:48.000000000,Chat,Account Access,Medium,Agent_13,2.83,3.0,Resolved
TCK-00973,2025-03-31,2025-03-31 01:11:24.000000000,Chat,Technical Issue,High,Agent_11,1.19,5.0,Closed
TCK-03442,2025-03-31,2025-03-31 05:42:36.000000000,Email,Billing,Medium,Agent_15,5.71,4.0,Resolved
TCK-03530,2025-03-31,2025-03-31 01:23:24.000000000,Phone,Technical Issue,High,Agent_05,1.39,,Resolved
TCK-01852,2025-03-31,2025-03-31 10:43:12.000000000,Email,Billing,Low,Agent_02,10.72,,Resolved
TCK-01771,2025-03-31,2025-03-31 02:07:12.000000000,Email,Technical Issue,High,Agent_11,2.12,5.0,Resolved
TCK-00791,2025-03-31,2025-03-31 12:27:36.000000000,Chat,Complaint,Medium,Agent_01,12.46,,Resolved
TCK-02447,2025-03-31,2025-03-31 02:38:24.000000000,Email,Technical Issue,High,Agent_06,2.64,5.0,Resolved
TCK-02647,2025-03-31,2025-03-31 02:05:24.000000000,Email,Complaint,Low,Agent_02,2.09,4.0,Closed
TCK-01067,2025-03-31,2025-03-31 05:53:24.000000000,Email,Billing,Medium,Agent_13,5.89,4.0,Closed
TCK-01414,2025-03-31,2025-03-31 00:45:00.000000000,Email,Refund Request,Medium,Agent_02,0.75,5.0,Resolved
TCK-00949,2025-03-31,2025-03-31 05:10:48.000000000,Email,Account Access,Low,Agent_19,5.18,,Resolved
TCK-03823,2025-04-01,2025-04-01 02:03:00.000000000,Chat,Technical Issue,Low,Agent_03,2.05,,Resolved
TCK-03555,2025-04-01,2025-04-01 07:49:48.000000000,Chat,Refund Request,Medium,Agent_03,7.83,3.0,Closed
TCK-01475,2025-04-01,2025-04-01 10:16:48.000000000,Email,Technical Issue,Medium,Agent_06,10.28,,Resolved
TCK-03293,2025-04-01,2025-04-01 06:04:48.000000000,Phone,Technical Issue,Low,Agent_03,6.08,4.0,Resolved
TCK-01864,2025-04-01,2025-04-01 07:30:00.000000000,Phone,Refund Request,Low,Agent_19,7.5,,Resolved
TCK-03021,2025-04-01,2025-04-01 03:26:24.000000000,Social Media,Refund Request,Medium,Agent_08,3.44,5.0,Closed
TCK-03346,2025-04-01,2025-04-01 03:09:36.000000000,Email,Technical Issue,Low,Agent_09,3.16,,Closed
TCK-04772,2025-04-01,2025-04-01 04:24:36.000000000,Email,Product Question,Low,Agent_20,4.41,3.0,Closed
TCK-02060,2025-04-01,2025-04-01 06:10:48.000000000,Email,Billing,Low,Agent_15,6.18,4.0,Closed
TCK-04039,2025-04-01,2025-04-01 07:22:12.000000000,Chat,Product Question,Low,Agent_08,7.37,3.0,Resolved
TCK-00468,2025-04-01,2025-04-01 06:34:11.999999999,Phone,Refund Request,Low,Agent_06,6.57,3.0,Resolved
TCK-04008,2025-04-01,2025-04-01 03:52:12.000000000,Email,Product Question,Low,Agent_10,3.87,3.0,Closed
TCK-01523,2025-04-01,2025-04-01 02:27:00.000000000,Email,Technical Issue,Medium,Agent_09,2.45,,Resolved
TCK-00885,2025-04-01,2025-04-01 01:49:48.000000000,Chat,Refund Request,Low,Agent_08,1.83,,Resolved
TCK-00528,2025-04-02,2025-04-02 05:13:48.000000000,Phone,Refund Request,Medium,Agent_20,5.23,3.0,Resolved
TCK-01373,2025-04-02,2025-04-02 01:16:48.000000000,Phone,Product Question,High,Agent_01,1.28,4.0,Resolved
TCK-03967,2025-04-02,2025-04-02 14:36:00.000000000,Email,Refund Request,Medium,Agent_14,14.6,,Resolved
TCK-00443,2025-04-02,2025-04-02 01:07:48.000000000,Email,Product Question,High,Agent_02,1.13,3.0,Resolved
TCK-04708,2025-04-02,2025-04-02 01:52:48.000000000,Email,Account Access,Medium,Agent_05,1.88,,Resolved
TCK-03391,2025-04-02,2025-04-02 03:16:48.000000000,Social Media,Product Question,High,Agent_02,3.28,4.0,Closed
TCK-02197,2025-04-02,2025-04-02 05:29:24.000000000,Email,Technical Issue,Medium,Agent_20,5.49,5.0,Resolved
TCK-02359,2025-04-02,2025-04-02 11:18:00.000000000,Email,Billing,Low,Agent_17,11.3,3.0,Resolved
TCK-00577,2025-04-02,2025-04-02 01:24:00.000000000,Email,Billing,Low,Agent_03,1.4,5.0,Closed
TCK-03678,2025-04-02,2025-04-02 05:21:00.000000000,Email,Billing,Low,Agent_16,5.35,4.0,Resolved
TCK-03663,2025-04-02,2025-04-02 07:21:36.000000000,Chat,Account Access,Medium,Agent_14,7.36,5.0,Resolved
TCK-01620,2025-04-03,2025-04-03 06:26:24.000000000,Chat,Billing,High,Agent_07,6.44,4.0,Resolved
TCK-03182,2025-04-03,2025-04-03 05:45:00.000000000,Email,Technical Issue,High,Agent_03,5.75,4.0,Resolved
TCK-00656,2025-04-03,2025-04-03 07:57:36.000000000,Email,Complaint,Low,Agent_02,7.96,3.0,Resolved
TCK-01522,2025-04-03,2025-04-03 02:43:12.000000000,Chat,Billing,High,Agent_03,2.72,4.0,Resolved
TCK-03351,2025-04-03,2025-04-03 01:32:24.000000000,Phone,Technical Issue,Low,Agent_05,1.54,5.0,Resolved
TCK-01267,2025-04-03,2025-04-03 04:16:12.000000000,Social Media,Account Access,Medium,Agent_14,4.27,,Resolved
TCK-00879,2025-04-03,2025-04-03 07:28:12.000000000,Phone,Refund Request,Medium,Agent_09,7.47,,Resolved
TCK-04987,2025-04-03,2025-04-03 05:57:36.000000000,Social Media,Product Question,Medium,Agent_15,5.96,,Resolved
TCK-04412,2025-04-03,2025-04-03 15:33:36.000000000,Phone,Account Access,Low,Agent_12,15.56,2.0,Resolved
TCK-03266,2025-04-03,2025-04-03 05:24:00.000000000,Phone,Complaint,Low,Agent_03,5.4,,Resolved
TCK-04448,2025-04-03,2025-04-03 00:53:24.000000000,Email,Technical Issue,Medium,Agent_05,0.89,5.0,Resolved
TCK-01812,2025-04-03,2025-04-03 00:59:24.000000000,Chat,Billing,Medium,Agent_02,0.99,4.0,Closed
TCK-01778,2025-04-03,2025-04-03 09:02:24.000000000,Phone,Refund Request,Medium,Agent_03,9.04,,Resolved
TCK-01902,2025-04-03,2025-04-04 00:16:48.000000000,Email,Billing,Medium,Agent_09,24.28,1.0,Resolved
TCK-04387,2025-04-04,2025-04-04 04:58:48.000000000,Phone,Account Access,Medium,Agent_06,4.98,4.0,Resolved
TCK-03753,2025-04-04,2025-04-04 03:21:36.000000000,Phone,Refund Request,Low,Agent_12,3.36,4.0,Resolved
TCK-04304,2025-04-04,2025-04-04 02:34:47.999999999,Email,Product Question,High,Agent_07,2.58,4.0,Resolved
TCK-01385,2025-04-04,2025-04-04 05:52:12.000000000,Email,Refund Request,Low,Agent_12,5.87,2.0,Closed
TCK-04318,2025-04-04,2025-04-04 03:34:11.999999999,Phone,Refund Request,Medium,Agent_13,3.57,4.0,Closed
TCK-00893,2025-04-04,2025-04-04 03:10:48.000000000,Phone,Account Access,Medium,Agent_17,3.18,5.0,Resolved
TCK-00306,2025-04-04,2025-04-04 02:16:12.000000000,Phone,Technical Issue,High,Agent_08,2.27,,Closed
TCK-02086,2025-04-04,2025-04-04 02:49:12.000000000,Email,Refund Request,High,Agent_07,2.82,4.0,Resolved
TCK-03279,2025-04-04,2025-04-04 08:42:00.000000000,Phone,Refund Request,Low,Agent_03,8.7,3.0,Resolved
TCK-02306,2025-04-04,2025-04-04 02:55:48.000000000,Email,Billing,High,Agent_06,2.93,5.0,Closed
TCK-02568,2025-04-04,2025-04-04 01:36:00.000000000,Email,Complaint,High,Agent_08,1.6,5.0,Closed
TCK-04195,2025-04-05,2025-04-05 03:31:12.000000000,Phone,Complaint,Low,Agent_04,3.52,4.0,Resolved
TCK-01764,2025-04-05,2025-04-05 03:15:36.000000000,Email,Billing,Medium,Agent_09,3.26,,Resolved
TCK-02039,2025-04-05,2025-04-05 08:27:00.000000000,Email,Account Access,Low,Agent_01,8.45,2.0,Closed
TCK-02378,2025-04-05,2025-04-05 13:58:12.000000000,Phone,Product Question,Low,Agent_18,13.97,,Resolved
TCK-04358,2025-04-05,2025-04-05 05:54:36.000000000,Email,Billing,Low,Agent_02,5.91,4.0,Resolved
TCK-04754,2025-04-05,2025-04-05 04:34:11.999999999,Email,Billing,Medium,Agent_14,4.57,4.0,Closed
TCK-04098,2025-04-05,2025-04-05 03:40:48.000000000,Chat,Billing,High,Agent_20,3.68,,Closed
TCK-02381,2025-04-05,2025-04-05 07:16:12.000000000,Phone,Technical Issue,High,Unknown,7.27,,Resolved
TCK-01139,2025-04-05,2025-04-05 03:18:00.000000000,Chat,Account Access,Medium,Agent_16,3.3,5.0,Resolved
TCK-02148,2025-04-05,2025-04-05 02:06:00.000000000,Email,Refund Request,High,Agent_05,2.1,4.0,Resolved
TCK-04367,2025-04-05,2025-04-05 05:28:48.000000000,Email,Refund Request,Medium,Agent_11,5.48,4.0,Resolved
TCK-04347,2025-04-05,2025-04-05 06:07:48.000000000,Phone,Technical Issue,Medium,Unknown,6.13,,Resolved
TCK-03934,2025-04-05,2025-04-05 06:19:12.000000000,Email,Billing,Medium,Agent_14,6.32,3.0,Closed
TCK-03428,2025-04-05,2025-04-05 06:00:36.000000000,Phone,Complaint,Low,Agent_18,6.01,,Resolved
TCK-02855,2025-04-06,2025-04-06 06:50:24.000000000,Phone,Product Question,Medium,Agent_12,6.84,4.0,Resolved
TCK-04819,2025-04-06,2025-04-06 08:06:00.000000000,Email,Product Question,Medium,Agent_20,8.1,3.0,Resolved
TCK-00340,2025-04-06,2025-04-06 02:29:24.000000000,Phone,Product Question,Medium,Agent_06,2.49,5.0,Resolved
TCK-04610,2025-04-06,2025-04-06 03:01:12.000000000,Email,Complaint,Low,Agent_06,3.02,3.0,Resolved
TCK-00171,2025-04-06,2025-04-06 04:56:24.000000000,Chat,Billing,Low,Agent_11,4.94,,Closed
TCK-04365,2025-04-06,2025-04-06 10:44:24.000000000,Chat,Technical Issue,Medium,Agent_14,10.74,3.0,Resolved
TCK-03526,2025-04-06,2025-04-06 03:51:00.000000000,Email,Complaint,Medium,Agent_16,3.85,2.0,Resolved
TCK-03680,2025-04-06,2025-04-06 05:54:00.000000000,Social Media,Billing,Low,Agent_12,5.9,4.0,Resolved
TCK-01462,2025-04-06,2025-04-06 05:18:00.000000000,Email,Account Access,Low,Agent_06,5.3,3.0,Resolved
TCK-04369,2025-04-06,2025-04-06 03:01:48.000000000,Phone,Product Question,Low,Agent_17,3.03,,Resolved
TCK-04454,2025-04-06,2025-04-06 02:54:00.000000000,Social Media,Technical Issue,Low,Agent_13,2.9,4.0,Resolved
TCK-01257,2025-04-06,2025-04-06 01:35:24.000000000,Phone,Technical Issue,Medium,Agent_05,1.59,5.0,Closed
TCK-01842,2025-04-07,2025-04-07 05:11:24.000000000,Phone,Technical Issue,Low,Agent_20,5.19,4.0,Resolved
TCK-04284,2025-04-07,2025-04-08 01:13:12.000000000,Email,Product Question,Medium,Agent_18,25.22,1.0,Closed
TCK-03475,2025-04-07,2025-04-07 06:04:48.000000000,Phone,Complaint,Medium,Agent_10,6.08,,Resolved
TCK-03160,2025-04-07,2025-04-07 04:23:24.000000000,Email,Technical Issue,Medium,Agent_06,4.39,4.0,Resolved
TCK-01661,2025-04-07,2025-04-07 03:24:00.000000000,Phone,Technical Issue,Medium,Agent_01,3.4,,Resolved
TCK-02452,2025-04-07,2025-04-07 03:46:12.000000000,Email,Billing,Medium,Agent_19,3.77,5.0,Closed
TCK-03176,2025-04-07,2025-04-07 02:17:23.999999999,Email,Billing,High,Agent_11,2.29,4.0,Resolved
TCK-04338,2025-04-07,2025-04-07 08:12:00.000000000,Email,Account Access,High,Agent_03,8.2,,Closed
TCK-01419,2025-04-07,2025-04-07 02:48:00.000000000,Phone,Technical Issue,Medium,Agent_04,2.8,4.0,Closed
TCK-04194,2025-04-07,2025-04-07 04:10:12.000000000,Phone,Technical Issue,Medium,Agent_18,4.17,3.0,Closed
TCK-04701,2025-04-07,2025-04-07 00:37:12.000000000,Email,Product Question,High,Agent_06,0.62,4.0,Resolved
TCK-04694,2025-04-07,2025-04-07 02:00:36.000000000,Phone,Complaint,High,Agent_18,2.01,5.0,Resolved
TCK-04909,2025-04-07,2025-04-07 05:25:48.000000000,Phone,Refund Request,Medium,Agent_10,5.43,3.0,Resolved
TCK-04469,2025-04-07,2025-04-07 10:44:24.000000000,Email,Refund Request,Medium,Agent_20,10.74,4.0,Resolved
TCK-01581,2025-04-07,2025-04-07 05:37:12.000000000,Email,Technical Issue,Low,Agent_20,5.62,3.0,Resolved
TCK-00169,2025-04-07,2025-04-07 06:36:36.000000000,Email,Technical Issue,Low,Agent_18,6.61,,Closed
TCK-04132,2025-04-07,2025-04-07 01:03:36.000000000,Social Media,Account Access,High,Agent_12,1.06,5.0,Resolved
TCK-00252,2025-04-08,2025-04-08 04:25:48.000000000,Chat,Billing,Low,Agent_04,4.43,4.0,Resolved
TCK-01633,2025-04-08,2025-04-08 04:10:48.000000000,Email,Account Access,High,Agent_04,4.18,5.0,Resolved
TCK-01221,2025-04-08,2025-04-08 01:52:48.000000000,Email,Billing,Medium,Agent_10,1.88,,Resolved
TCK-04147,2025-04-08,2025-04-08 12:56:24.000000000,Chat,Product Question,Medium,Agent_11,12.94,2.0,Reopened
TCK-01389,2025-04-08,2025-04-08 02:49:12.000000000,Phone,Technical Issue,Medium,Agent_10,2.82,,Reopened
TCK-00166,2025-04-08,2025-04-08 05:31:12.000000000,Phone,Complaint,Medium,Agent_04,5.52,4.0,Resolved
TCK-03128,2025-04-08,2025-04-08 03:50:24.000000000,Email,Complaint,High,Agent_05,3.84,,Resolved
TCK-03262,2025-04-08,2025-04-08 06:22:12.000000000,Social Media,Account Access,Medium,Agent_08,6.37,4.0,Resolved
TCK-00578,2025-04-08,2025-04-08 04:12:36.000000000,Email,Account Access,Low,Agent_05,4.21,3.0,Closed
TCK-04084,2025-04-08,2025-04-08 03:54:00.000000000,Email,Refund Request,Low,Agent_16,3.9,3.0,Closed
TCK-02293,2025-04-08,2025-04-08 01:14:24.000000000,Phone,Account Access,High,Agent_18,1.24,,Closed
TCK-02261,2025-04-08,2025-04-08 06:58:12.000000000,Email,Billing,Medium,Agent_01,6.97,4.0,Resolved
TCK-04047,2025-04-09,2025-04-09 01:31:12.000000000,Phone,Technical Issue,Low,Agent_12,1.52,,Resolved
TCK-02390,2025-04-09,2025-04-09 05:07:48.000000000,Email,Complaint,Medium,Agent_12,5.13,4.0,Resolved
TCK-03977,2025-04-09,2025-04-09 01:08:24.000000000,Email,Billing,Medium,Agent_19,1.14,,Resolved
TCK-03993,2025-04-09,2025-04-09 05:05:24.000000000,Email,Account Access,Low,Agent_18,5.09,4.0,Closed
TCK-00850,2025-04-09,2025-04-09 09:53:24.000000000,Email,Billing,Medium,Agent_15,9.89,2.0,Resolved
TCK-02537,2025-04-09,2025-04-09 01:18:00.000000000,Phone,Billing,High,Agent_01,1.3,,Resolved
TCK-00739,2025-04-09,2025-04-09 04:37:12.000000000,Phone,Product Question,Low,Agent_01,4.62,,Resolved
TCK-02198,2025-04-09,2025-04-09 14:39:36.000000000,Phone,Billing,Medium,Agent_11,14.66,,Resolved
TCK-01083,2025-04-09,2025-04-09 01:01:48.000000000,Phone,Technical Issue,Medium,Agent_20,1.03,4.0,Resolved
TCK-00469,2025-04-09,2025-04-09 01:37:12.000000000,Email,Product Question,Medium,Agent_10,1.62,4.0,Resolved
TCK-04292,2025-04-09,2025-04-09 04:49:48.000000000,Email,Technical Issue,High,Agent_07,4.83,4.0,Resolved
TCK-02618,2025-04-09,2025-04-09 04:00:36.000000000,Email,Product Question,Low,Agent_14,4.01,4.0,Resolved
TCK-03714,2025-04-09,2025-04-09 07:21:00.000000000,Email,Complaint,Medium,Agent_08,7.35,,Resolved
TCK-00704,2025-04-09,2025-04-09 17:09:36.000000000,Phone,Refund Request,Low,Agent_19,17.16,2.0,Reopened
TCK-04735,2025-04-09,2025-04-09 09:40:48.000000000,Phone,Billing,Medium,Agent_16,9.68,2.0,Resolved
TCK-00971,2025-04-09,2025-04-09 05:34:47.999999999,Phone,Technical Issue,Low,Agent_13,5.58,,Resolved
TCK-04878,2025-04-10,2025-04-10 02:15:36.000000000,Email,Technical Issue,High,Agent_01,2.26,5.0,Resolved
TCK-01600,2025-04-10,2025-04-10 02:39:00.000000000,Phone,Complaint,Low,Agent_01,2.65,5.0,Resolved
TCK-00176,2025-04-10,2025-04-10 02:18:00.000000000,Email,Account Access,High,Agent_03,2.3,,Closed
TCK-03020,2025-04-10,2025-04-10 02:58:48.000000000,Email,Refund Request,High,Agent_17,2.98,,Resolved
TCK-02992,2025-04-10,2025-04-10 04:40:12.000000000,Phone,Product Question,Medium,Agent_10,4.67,4.0,Resolved
TCK-04202,2025-04-10,2025-04-10 02:19:12.000000000,Email,Account Access,Medium,Agent_13,2.32,5.0,Closed
TCK-03060,2025-04-10,2025-04-10 04:06:36.000000000,Chat,Billing,Medium,Agent_12,4.11,4.0,Reopened
TCK-04207,2025-04-10,2025-04-10 10:32:24.000000000,Email,Technical Issue,High,Agent_07,10.54,4.0,Resolved
TCK-04276,2025-04-11,2025-04-11 02:18:00.000000000,Phone,Product Question,Medium,Agent_04,2.3,3.0,Resolved
TCK-04539,2025-04-11,2025-04-11 02:54:36.000000000,Phone,Technical Issue,Medium,Agent_12,2.91,4.0,Resolved
TCK-04261,2025-04-11,2025-04-11 02:19:48.000000000,Email,Billing,Medium,Agent_01,2.33,4.0,Resolved
TCK-03172,2025-04-11,2025-04-11 07:09:36.000000000,Email,Account Access,Low,Agent_03,7.16,,Resolved
TCK-01282,2025-04-11,2025-04-11 02:07:12.000000000,Email,Technical Issue,High,Agent_16,2.12,4.0,Reopened
TCK-03267,2025-04-11,2025-04-11 00:56:24.000000000,Chat,Product Question,Urgent,Agent_15,0.94,4.0,Resolved
TCK-03264,2025-04-11,2025-04-11 12:24:36.000000000,Chat,Technical Issue,Low,Agent_17,12.41,4.0,Resolved
TCK-04593,2025-04-11,2025-04-11 02:21:36.000000000,Phone,Product Question,Low,Agent_12,2.36,,Closed
TCK-02066,2025-04-11,2025-04-11 08:34:11.999999999,Chat,Complaint,Low,Agent_04,8.57,3.0,Resolved
TCK-00241,2025-04-11,2025-04-11 03:38:24.000000000,Phone,Technical Issue,High,Agent_14,3.64,,Resolved
TCK-01451,2025-04-11,2025-04-11 11:00:36.000000000,Social Media,Complaint,High,Agent_19,11.01,4.0,Closed
TCK-00465,2025-04-11,2025-04-11 03:13:48.000000000,Email,Product Question,Medium,Agent_10,3.23,4.0,Resolved
TCK-03756,2025-04-11,2025-04-11 09:46:12.000000000,Phone,Technical Issue,Low,Agent_02,9.77,2.0,Resolved
TCK-00103,2025-04-11,2025-04-11 05:46:12.000000000,Email,Billing,High,Agent_03,5.77,,Resolved
TCK-04970,2025-04-12,2025-04-12 08:15:00.000000000,Email,Technical Issue,Medium,Agent_12,8.25,3.0,Resolved
TCK-00910,2025-04-12,2025-04-12 00:58:48.000000000,Chat,Account Access,Urgent,Agent_19,0.98,5.0,Resolved
TCK-03043,2025-04-12,2025-04-12 02:54:00.000000000,Email,Complaint,Medium,Agent_07,2.9,5.0,Resolved
TCK-01152,2025-04-12,2025-04-12 02:29:24.000000000,Phone,Technical Issue,High,Agent_03,2.49,,Resolved
TCK-02915,2025-04-12,2025-04-12 12:10:48.000000000,Phone,Technical Issue,Low,Agent_12,12.18,4.0,Resolved
TCK-02005,2025-04-12,2025-04-12 00:39:00.000000000,Phone,Billing,Urgent,Agent_03,0.65,4.0,Resolved
TCK-00373,2025-04-12,2025-04-12 01:52:12.000000000,Phone,Billing,Low,Agent_11,1.87,,Resolved
TCK-04206,2025-04-12,2025-04-12 02:33:00.000000000,Email,Billing,Medium,Agent_17,2.55,,Resolved
TCK-00071,2025-04-12,2025-04-12 04:28:48.000000000,Chat,Technical Issue,Medium,Agent_14,4.48,4.0,Resolved
TCK-01754,2025-04-12,2025-04-12 01:40:12.000000000,Chat,Account Access,Urgent,Agent_10,1.67,,Closed
TCK-02071,2025-04-13,2025-04-13 02:12:36.000000000,Email,Product Question,High,Agent_15,2.21,4.0,Closed
TCK-02069,2025-04-13,2025-04-13 03:16:48.000000000,Phone,Product Question,Medium,Agent_01,3.28,3.0,Closed
TCK-00988,2025-04-13,2025-04-13 02:21:00.000000000,Chat,Technical Issue,High,Agent_02,2.35,3.0,Resolved
TCK-01959,2025-04-13,2025-04-13 22:07:48.000000000,Chat,Technical Issue,Low,Agent_06,22.13,2.0,Resolved
TCK-01511,2025-04-13,2025-04-13 03:40:12.000000000,Phone,Technical Issue,Medium,Agent_09,3.67,3.0,Resolved
TCK-04106,2025-04-13,2025-04-13 01:40:48.000000000,Chat,Technical Issue,Medium,Agent_18,1.68,,Reopened
TCK-01960,2025-04-13,2025-04-13 03:51:00.000000000,Social Media,Product Question,Medium,Agent_12,3.85,2.0,Resolved
TCK-00359,2025-04-13,2025-04-13 06:51:00.000000000,Phone,Refund Request,Medium,Agent_13,6.85,3.0,Resolved
TCK-00274,2025-04-13,2025-04-13 12:16:12.000000000,Social Media,Technical Issue,Low,Agent_12,12.27,1.0,Resolved
TCK-00112,2025-04-13,2025-04-13 22:01:48.000000000,Phone,Product Question,Medium,Agent_11,22.03,3.0,Resolved
TCK-02271,2025-04-13,2025-04-13 00:59:24.000000000,Phone,Technical Issue,High,Agent_12,0.99,4.0,Closed
TCK-03994,2025-04-13,2025-04-13 02:07:48.000000000,Chat,Billing,High,Agent_01,2.13,,Resolved
TCK-02809,2025-04-13,2025-04-13 11:34:47.999999999,Email,Technical Issue,Medium,Agent_15,11.58,3.0,Resolved
TCK-01877,2025-04-14,2025-04-14 04:03:36.000000000,Email,Account Access,Medium,Agent_12,4.06,3.0,Resolved
TCK-02999,2025-04-14,2025-04-14 04:23:24.000000000,Email,Account Access,Low,Agent_20,4.39,,Resolved
TCK-03975,2025-04-14,2025-04-14 00:57:00.000000000,Chat,Product Question,Low,Agent_05,0.95,,Resolved
TCK-03559,2025-04-14,2025-04-14 02:40:48.000000000,Email,Technical Issue,Low,Agent_06,2.68,,Resolved
TCK-00259,2025-04-14,2025-04-14 05:06:36.000000000,Email,Technical Issue,Medium,Agent_19,5.11,5.0,Resolved
TCK-03380,2025-04-14,2025-04-14 03:01:12.000000000,Email,Billing,Medium,Agent_20,3.02,3.0,Resolved
TCK-00533,2025-04-14,2025-04-14 03:22:12.000000000,Phone,Complaint,Low,Agent_09,3.37,4.0,Resolved
TCK-00774,2025-04-14,2025-04-14 03:53:24.000000000,Phone,Billing,Low,Agent_13,3.89,3.0,Resolved
TCK-02747,2025-04-14,2025-04-14 05:55:12.000000000,Email,Technical Issue,Medium,Agent_08,5.92,3.0,Resolved
TCK-02939,2025-04-14,2025-04-14 07:58:12.000000000,Email,Technical Issue,Medium,Agent_18,7.97,3.0,Resolved
TCK-02831,2025-04-14,2025-04-14 04:53:24.000000000,Chat,Technical Issue,Low,Agent_06,4.89,4.0,Resolved
TCK-00494,2025-04-14,2025-04-14 05:52:12.000000000,Phone,Technical Issue,Low,Agent_08,5.87,,Resolved
TCK-02070,2025-04-14,2025-04-14 03:08:24.000000000,Chat,Billing,Medium,Agent_17,3.14,3.0,Resolved
TCK-01370,2025-04-14,2025-04-14 06:28:48.000000000,Email,Billing,Low,Agent_01,6.48,,Resolved
TCK-01169,2025-04-14,2025-04-14 03:52:48.000000000,Phone,Billing,Medium,Agent_12,3.88,5.0,Resolved
TCK-04042,2025-04-14,2025-04-14 06:41:24.000000000,Email,Account Access,Medium,Agent_01,6.69,3.0,Resolved
TCK-02666,2025-04-14,2025-04-14 04:50:24.000000000,Chat,Billing,Medium,Agent_13,4.84,,Closed
TCK-01342,2025-04-14,2025-04-14 04:28:48.000000000,Email,Technical Issue,High,Agent_19,4.48,5.0,Closed
TCK-02179,2025-04-15,2025-04-15 06:07:12.000000000,Phone,Billing,Medium,Agent_13,6.12,4.0,Resolved
TCK-01953,2025-04-15,2025-04-15 13:26:24.000000000,Phone,Billing,Low,Agent_01,13.44,3.0,Resolved
TCK-00410,2025-04-15,2025-04-15 05:26:24.000000000,Phone,Product Question,Medium,Agent_06,5.44,3.0,Resolved
TCK-04671,2025-04-15,2025-04-15 01:43:12.000000000,Phone,Product Question,Medium,Agent_06,1.72,4.0,Closed
TCK-04867,2025-04-15,2025-04-15 03:10:12.000000000,Phone,Billing,Medium,Agent_02,3.17,2.0,Resolved
TCK-04592,2025-04-15,2025-04-15 10:15:00.000000000,Phone,Technical Issue,Medium,Agent_04,10.25,2.0,Resolved
TCK-02772,2025-04-15,2025-04-15 02:22:48.000000000,Email,Product Question,Low,Agent_17,2.38,,Resolved
TCK-03676,2025-04-15,2025-04-15 03:49:12.000000000,Email,Account Access,Medium,Agent_01,3.82,,Closed
TCK-02153,2025-04-15,2025-04-15 03:52:12.000000000,Email,Refund Request,Medium,Agent_01,3.87,,Closed
TCK-03954,2025-04-15,2025-04-15 01:21:36.000000000,Phone,Billing,High,Agent_02,1.36,3.0,Reopened
TCK-03984,2025-04-15,2025-04-15 04:33:36.000000000,Chat,Account Access,Medium,Agent_07,4.56,,Resolved
TCK-02358,2025-04-16,2025-04-16 02:36:00.000000000,Phone,Complaint,Medium,Agent_08,2.6,,Resolved
TCK-00056,2025-04-16,2025-04-16 04:40:48.000000000,Phone,Refund Request,Medium,Agent_16,4.68,4.0,Resolved
TCK-03254,2025-04-16,2025-04-16 06:33:36.000000000,Phone,Account Access,Low,Agent_14,6.56,,Resolved
TCK-00801,2025-04-16,2025-04-16 03:38:24.000000000,Email,Billing,Low,Agent_02,3.64,4.0,Resolved
TCK-03659,2025-04-16,2025-04-16 04:33:36.000000000,Email,Refund Request,Low,Agent_15,4.56,5.0,Resolved
TCK-02501,2025-04-16,2025-04-16 02:22:48.000000000,Chat,Billing,High,Agent_10,2.38,4.0,Resolved
TCK-03349,2025-04-16,2025-04-16 06:57:00.000000000,Email,Product Question,Medium,Agent_11,6.95,2.0,Closed
TCK-03328,2025-04-16,2025-04-16 02:34:11.999999999,Email,Billing,Low,Agent_10,2.57,,Closed
TCK-02767,2025-04-16,2025-04-16 01:42:36.000000000,Chat,Complaint,High,Unknown,1.71,,Resolved
TCK-01190,2025-04-16,2025-04-16 05:06:36.000000000,Phone,Technical Issue,Low,Agent_05,5.11,,Closed
TCK-00620,2025-04-16,2025-04-16 10:45:36.000000000,Email,Technical Issue,High,Agent_09,10.76,,Resolved
TCK-02189,2025-04-16,2025-04-16 09:51:00.000000000,Email,Product Question,Medium,Agent_04,9.85,3.0,Resolved
TCK-04467,2025-04-16,2025-04-16 09:24:00.000000000,Phone,Billing,Low,Agent_04,9.4,3.0,Resolved
TCK-00441,2025-04-16,2025-04-16 04:19:48.000000000,Chat,Billing,Low,Agent_07,4.33,4.0,Resolved
TCK-01443,2025-04-16,2025-04-16 04:07:48.000000000,Phone,Product Question,High,Agent_18,4.13,5.0,Resolved
TCK-04648,2025-04-16,2025-04-16 06:35:24.000000000,Email,Refund Request,Low,Agent_11,6.59,4.0,Resolved
TCK-03556,2025-04-16,2025-04-16 03:35:24.000000000,Phone,Technical Issue,Medium,Agent_11,3.59,,Resolved
TCK-02379,2025-04-16,2025-04-16 02:13:12.000000000,Chat,Product Question,Low,Agent_15,2.22,5.0,Resolved
TCK-00455,2025-04-16,2025-04-16 08:31:48.000000000,Phone,Product Question,Low,Agent_12,8.53,,Resolved
TCK-02146,2025-04-16,2025-04-16 02:58:12.000000000,Email,Product Question,Medium,Agent_09,2.97,,Resolved
TCK-00815,2025-04-16,2025-04-16 03:49:48.000000000,Email,Technical Issue,Medium,Agent_08,3.83,4.0,Reopened
TCK-02001,2025-04-16,2025-04-16 08:10:48.000000000,Email,Complaint,Low,Agent_14,8.18,,Closed
TCK-04540,2025-04-17,2025-04-17 02:02:24.000000000,Email,Account Access,Medium,Agent_10,2.04,,Closed
TCK-02543,2025-04-17,2025-04-17 08:03:36.000000000,Email,Complaint,Medium,Agent_12,8.06,,Resolved
TCK-04223,2025-04-17,2025-04-17 06:02:24.000000000,Email,Refund Request,High,Agent_11,6.04,4.0,Closed
TCK-04577,2025-04-17,2025-04-17 05:54:00.000000000,Phone,Technical Issue,Low,Agent_13,5.9,4.0,Resolved
TCK-01521,2025-04-17,2025-04-17 08:36:36.000000000,Email,Billing,Medium,Agent_18,8.61,,Closed
TCK-03485,2025-04-17,2025-04-17 04:20:24.000000000,Email,Product Question,Low,Agent_18,4.34,4.0,Resolved
TCK-00302,2025-04-17,2025-04-17 09:37:48.000000000,Phone,Account Access,Low,Agent_12,9.63,,Closed
TCK-04609,2025-04-17,2025-04-17 03:21:00.000000000,Chat,Billing,Medium,Agent_20,3.35,4.0,Resolved
TCK-02157,2025-04-17,2025-04-17 02:10:48.000000000,Email,Account Access,Medium,Agent_15,2.18,5.0,Resolved
TCK-04685,2025-04-17,2025-04-17 06:12:00.000000000,Phone,Account Access,Low,Agent_14,6.2,4.0,Resolved
TCK-01074,2025-04-17,2025-04-17 03:06:36.000000000,Email,Technical Issue,Low,Agent_02,3.11,3.0,Closed
TCK-03002,2025-04-17,2025-04-17 07:31:48.000000000,Email,Product Question,Medium,Agent_18,7.53,2.0,Closed
TCK-04075,2025-04-17,2025-04-17 01:16:12.000000000,Social Media,Technical Issue,Medium,Agent_19,1.27,4.0,Closed
TCK-04731,2025-04-18,2025-04-18 03:57:00.000000000,Phone,Billing,Medium,Agent_11,3.95,4.0,Resolved
TCK-03397,2025-04-18,2025-04-18 02:20:24.000000000,Chat,Technical Issue,High,Agent_15,2.34,,Resolved
TCK-01411,2025-04-18,2025-04-18 10:10:12.000000000,Phone,Account Access,High,Agent_04,10.17,3.0,Resolved
TCK-04899,2025-04-18,2025-04-18 07:42:36.000000000,Phone,Account Access,Low,Agent_17,7.71,,Resolved
TCK-04357,2025-04-18,2025-04-18 01:45:00.000000000,Email,Product Question,Medium,Agent_12,1.75,,Resolved
TCK-00231,2025-04-18,2025-04-18 02:45:36.000000000,Email,Complaint,High,Agent_04,2.76,,Resolved
TCK-00114,2025-04-18,2025-04-18 02:19:12.000000000,Phone,Account Access,Medium,Agent_17,2.32,,Resolved
TCK-01606,2025-04-18,2025-04-18 03:15:36.000000000,Email,Refund Request,High,Agent_17,3.26,3.0,Resolved
TCK-01780,2025-04-18,2025-04-18 13:58:48.000000000,Phone,Billing,Medium,Agent_13,13.98,3.0,Closed
TCK-03552,2025-04-18,2025-04-18 02:01:12.000000000,Email,Billing,Medium,Agent_06,2.02,5.0,Resolved
TCK-02215,2025-04-18,2025-04-18 02:41:24.000000000,Chat,Billing,Medium,Agent_18,2.69,5.0,Resolved
TCK-00756,2025-04-18,2025-04-18 01:42:36.000000000,Chat,Technical Issue,High,Agent_03,1.71,,Resolved
TCK-03435,2025-04-19,2025-04-19 01:55:12.000000000,Email,Refund Request,Medium,Agent_12,1.92,5.0,Closed
TCK-00379,2025-04-19,2025-04-19 01:57:00.000000000,Phone,Refund Request,High,Agent_09,1.95,5.0,Closed
TCK-01298,2025-04-19,2025-04-19 07:01:48.000000000,Email,Product Question,High,Agent_17,7.03,,Closed
TCK-04442,2025-04-19,2025-04-19 03:00:00.000000000,Email,Billing,Medium,Agent_08,3.0,3.0,Resolved
TCK-01822,2025-04-19,2025-04-19 17:46:12.000000000,Email,Billing,Low,Agent_13,17.77,3.0,Resolved
TCK-01199,2025-04-19,2025-04-19 04:42:36.000000000,Chat,Account Access,Medium,Agent_20,4.71,,Resolved
TCK-00598,2025-04-19,2025-04-19 03:16:12.000000000,Phone,Technical Issue,High,Agent_09,3.27,,Reopened
TCK-01867,2025-04-19,2025-04-19 02:47:24.000000000,Email,Complaint,Medium,Agent_14,2.79,5.0,Resolved
TCK-04776,2025-04-19,2025-04-19 01:15:00.000000000,Social Media,Product Question,High,Agent_05,1.25,4.0,Resolved
TCK-01541,2025-04-19,2025-04-19 07:35:24.000000000,Social Media,Complaint,Low,Agent_08,7.59,3.0,Resolved
TCK-03138,2025-04-19,2025-04-19 02:24:00.000000000,Chat,Product Question,High,Agent_06,2.4,5.0,Resolved
TCK-02233,2025-04-19,2025-04-19 03:41:24.000000000,Email,Technical Issue,Medium,Agent_14,3.69,,Resolved
TCK-04165,2025-04-19,2025-04-19 01:53:24.000000000,Email,Complaint,Medium,Agent_07,1.89,,Resolved
TCK-02427,2025-04-20,2025-04-20 06:19:12.000000000,Phone,Complaint,Low,Agent_18,6.32,,Resolved
TCK-00223,2025-04-20,2025-04-20 06:51:00.000000000,Email,Complaint,Low,Agent_18,6.85,,Resolved
TCK-00313,2025-04-20,2025-04-20 04:16:48.000000000,Phone,Billing,Low,Agent_10,4.28,4.0,Reopened
TCK-00931,2025-04-20,2025-04-20 18:17:23.999999999,Phone,Refund Request,Medium,Agent_15,18.29,2.0,Resolved
TCK-00888,2025-04-20,2025-04-20 04:45:36.000000000,Email,Product Question,Medium,Agent_19,4.76,3.0,Resolved
TCK-03804,2025-04-20,2025-04-20 02:03:36.000000000,Email,Complaint,Medium,Agent_17,2.06,,Resolved
TCK-00402,2025-04-20,2025-04-20 02:45:36.000000000,Email,Technical Issue,High,Agent_15,2.76,,Closed
TCK-03165,2025-04-20,2025-04-20 10:15:36.000000000,Email,Product Question,Low,Agent_10,10.26,4.0,Resolved
TCK-01360,2025-04-20,2025-04-20 05:55:12.000000000,Email,Technical Issue,Low,Agent_03,5.92,2.0,Resolved
TCK-04659,2025-04-20,2025-04-20 01:34:47.999999999,Chat,Technical Issue,High,Agent_12,1.58,5.0,Resolved
TCK-04550,2025-04-20,2025-04-20 07:54:36.000000000,Phone,Account Access,Low,Agent_17,7.91,,Closed
TCK-02793,2025-04-20,2025-04-20 01:08:24.000000000,Email,Account Access,Medium,Agent_05,1.14,5.0,Resolved
TCK-01363,2025-04-20,2025-04-20 03:25:48.000000000,Phone,Account Access,Medium,Agent_12,3.43,5.0,Resolved
TCK-04471,2025-04-20,2025-04-20 02:56:24.000000000,Email,Refund Request,Medium,Agent_04,2.94,4.0,Resolved
TCK-03390,2025-04-20,2025-04-20 05:25:48.000000000,Email,Refund Request,Medium,Agent_11,5.43,,Closed
TCK-01276,2025-04-20,2025-04-20 04:39:36.000000000,Phone,Account Access,Medium,Agent_15,4.66,,Resolved
TCK-04335,2025-04-21,2025-04-21 02:53:24.000000000,Email,Technical Issue,High,Agent_16,2.89,,Closed
TCK-01561,2025-04-21,2025-04-21 05:19:12.000000000,Email,Technical Issue,Medium,Agent_19,5.32,,Resolved
TCK-02668,2025-04-21,2025-04-21 05:18:00.000000000,Phone,Technical Issue,High,Agent_15,5.3,4.0,Closed
TCK-02736,2025-04-21,2025-04-21 04:01:48.000000000,Chat,Technical Issue,Low,Agent_04,4.03,4.0,Reopened
TCK-04118,2025-04-21,2025-04-21 03:25:12.000000000,Phone,Product Question,High,Agent_02,3.42,4.0,Closed
TCK-02957,2025-04-21,2025-04-21 03:22:48.000000000,Email,Technical Issue,Low,Agent_03,3.38,,Resolved
TCK-03066,2025-04-21,2025-04-21 05:27:00.000000000,Social Media,Product Question,Medium,Agent_13,5.45,4.0,Resolved
TCK-02012,2025-04-21,2025-04-21 10:02:24.000000000,Email,Account Access,Low,Agent_09,10.04,2.0,Resolved
TCK-03702,2025-04-21,2025-04-21 04:45:36.000000000,Email,Account Access,Medium,Agent_13,4.76,4.0,Resolved
TCK-04137,2025-04-21,2025-04-21 05:47:24.000000000,Phone,Technical Issue,Medium,Agent_18,5.79,,Closed
TCK-03859,2025-04-21,2025-04-21 11:31:12.000000000,Email,Account Access,Low,Agent_04,11.52,3.0,Closed
TCK-01436,2025-04-21,2025-04-21 05:20:24.000000000,Phone,Technical Issue,Medium,Agent_13,5.34,5.0,Resolved
TCK-00762,2025-04-21,2025-04-21 02:52:12.000000000,Email,Account Access,Low,Agent_10,2.87,3.0,Closed
TCK-00267,2025-04-21,2025-04-21 03:09:36.000000000,Phone,Product Question,Medium,Agent_06,3.16,5.0,Resolved
TCK-01981,2025-04-21,2025-04-21 02:43:12.000000000,Email,Product Question,Low,Agent_09,2.72,,Closed
TCK-01783,2025-04-21,2025-04-21 03:21:36.000000000,Social Media,Technical Issue,Medium,Agent_08,3.36,5.0,Resolved
TCK-00150,2025-04-21,2025-04-21 01:46:48.000000000,Phone,Account Access,High,Agent_19,1.78,3.0,Resolved
TCK-01327,2025-04-21,2025-04-21 01:54:00.000000000,Phone,Complaint,High,Agent_01,1.9,4.0,Resolved
TCK-00096,2025-04-21,2025-04-21 02:43:48.000000000,Phone,Complaint,High,Agent_10,2.73,4.0,Closed
TCK-00912,2025-04-22,2025-04-22 04:11:24.000000000,Phone,Billing,Medium,Agent_18,4.19,,Resolved
TCK-01798,2025-04-22,2025-04-22 03:57:36.000000000,Chat,Technical Issue,Medium,Agent_16,3.96,,Resolved
TCK-02147,2025-04-22,2025-04-22 03:56:24.000000000,Chat,Refund Request,Low,Agent_17,3.94,,Resolved
TCK-02049,2025-04-22,2025-04-22 10:58:48.000000000,Phone,Billing,Low,Agent_02,10.98,,Closed
TCK-03302,2025-04-22,2025-04-22 04:24:00.000000000,Chat,Billing,Low,Agent_16,4.4,,Resolved
TCK-03999,2025-04-22,2025-04-22 03:29:24.000000000,Email,Technical Issue,Medium,Agent_14,3.49,4.0,Resolved
TCK-04749,2025-04-22,2025-04-22 10:10:12.000000000,Chat,Billing,High,Agent_20,10.17,,Resolved
TCK-00186,2025-04-22,2025-04-22 03:15:36.000000000,Phone,Account Access,High,Agent_06,3.26,3.0,Resolved
TCK-01351,2025-04-22,2025-04-22 03:54:00.000000000,Email,Account Access,Medium,Agent_03,3.9,5.0,Closed
TCK-04706,2025-04-22,2025-04-22 13:53:24.000000000,Email,Technical Issue,Low,Agent_16,13.89,,Resolved
TCK-01065,2025-04-22,2025-04-22 04:46:48.000000000,Chat,Complaint,Medium,Agent_05,4.78,,Resolved
TCK-02555,2025-04-22,2025-04-22 08:22:48.000000000,Social Media,Billing,Medium,Agent_17,8.38,5.0,Closed
TCK-01115,2025-04-22,2025-04-22 03:22:48.000000000,Phone,Billing,High,Agent_18,3.38,4.0,Closed
TCK-02087,2025-04-23,2025-04-23 04:28:48.000000000,Chat,Account Access,Low,Agent_05,4.48,3.0,Resolved
TCK-01146,2025-04-23,2025-04-23 16:18:00.000000000,Email,Product Question,Low,Agent_07,16.3,,Resolved
TCK-04407,2025-04-23,2025-04-23 02:07:48.000000000,Email,Technical Issue,Urgent,Agent_10,2.13,4.0,Resolved
TCK-04627,2025-04-23,2025-04-23 00:54:00.000000000,Email,Technical Issue,High,Agent_16,0.9,,Resolved
TCK-03509,2025-04-23,2025-04-23 03:21:00.000000000,Chat,Technical Issue,Medium,Agent_11,3.35,5.0,Resolved
TCK-03657,2025-04-23,2025-04-23 03:25:12.000000000,Phone,Technical Issue,Medium,Agent_11,3.42,3.0,Resolved
TCK-04548,2025-04-23,2025-04-23 07:03:00.000000000,Chat,Refund Request,Low,Agent_02,7.05,,Resolved
TCK-02269,2025-04-23,2025-04-23 01:53:24.000000000,Email,Technical Issue,Medium,Agent_19,1.89,,Resolved
TCK-04529,2025-04-23,2025-04-23 02:21:36.000000000,Phone,Account Access,Medium,Agent_09,2.36,4.0,Resolved
TCK-03022,2025-04-23,2025-04-23 02:53:24.000000000,Phone,Technical Issue,Medium,Agent_14,2.89,,Reopened
TCK-04250,2025-04-23,2025-04-23 04:24:00.000000000,Email,Technical Issue,Low,Agent_01,4.4,4.0,Resolved
TCK-01739,2025-04-23,2025-04-23 05:36:00.000000000,Social Media,Technical Issue,Medium,Agent_11,5.6,4.0,Reopened
TCK-04455,2025-04-23,2025-04-23 00:31:12.000000000,Phone,Billing,Urgent,Agent_10,0.52,4.0,Resolved
TCK-03544,2025-04-23,2025-04-23 09:00:00.000000000,Email,Technical Issue,Medium,Agent_18,9.0,3.0,Closed
TCK-00199,2025-04-23,2025-04-23 03:12:36.000000000,Email,Product Question,Medium,Agent_02,3.21,4.0,Resolved
TCK-02315,2025-04-23,2025-04-23 03:13:12.000000000,Email,Complaint,High,Agent_18,3.22,5.0,Resolved
TCK-03333,2025-04-23,2025-04-23 02:16:12.000000000,Email,Account Access,High,Agent_08,2.27,3.0,Resolved
TCK-02741,2025-04-24,2025-04-24 07:10:48.000000000,Phone,Complaint,Low,Agent_11,7.18,,Resolved
TCK-03463,2025-04-24,2025-04-24 02:44:24.000000000,Chat,Billing,Medium,Unknown,2.74,3.0,Closed
TCK-00360,2025-04-24,2025-04-24 05:32:24.000000000,Email,Refund Request,Low,Agent_10,5.54,,Closed
TCK-00486,2025-04-24,2025-04-24 02:42:00.000000000,Chat,Product Question,Medium,Agent_19,2.7,4.0,Reopened
TCK-03947,2025-04-24,2025-04-24 04:05:24.000000000,Email,Technical Issue,Medium,Agent_17,4.09,4.0,Resolved
TCK-02768,2025-04-24,2025-04-24 03:36:00.000000000,Phone,Complaint,Low,Agent_18,3.6,,Resolved
TCK-01020,2025-04-24,2025-04-24 02:37:48.000000000,Email,Technical Issue,High,Agent_14,2.63,,Closed
TCK-03902,2025-04-24,2025-04-24 05:16:48.000000000,Phone,Billing,Medium,Agent_08,5.28,4.0,Resolved
TCK-00293,2025-04-24,2025-04-24 05:13:12.000000000,Phone,Product Question,Low,Agent_04,5.22,3.0,Resolved
TCK-00974,2025-04-25,2025-04-25 00:58:48.000000000,Phone,Complaint,Medium,Agent_19,0.98,4.0,Resolved
TCK-01422,2025-04-25,2025-04-25 03:42:00.000000000,Email,Billing,Low,Agent_02,3.7,5.0,Resolved
TCK-04400,2025-04-25,2025-04-25 04:13:12.000000000,Phone,Technical Issue,Low,Agent_07,4.22,4.0,Closed
TCK-00048,2025-04-25,2025-04-25 05:21:00.000000000,Email,Account Access,Medium,Agent_07,5.35,3.0,Resolved
TCK-04563,2025-04-25,2025-04-25 09:25:48.000000000,Chat,Technical Issue,Medium,Agent_09,9.43,4.0,Closed
TCK-01781,2025-04-25,2025-04-25 04:49:48.000000000,Phone,Product Question,Urgent,Agent_15,4.83,,Resolved
TCK-04385,2025-04-25,2025-04-25 02:10:12.000000000,Phone,Technical Issue,Low,Agent_04,2.17,4.0,Resolved
TCK-03058,2025-04-25,2025-04-25 05:04:12.000000000,Phone,Technical Issue,Low,Agent_07,5.07,,Closed
TCK-00708,2025-04-25,2025-04-25 01:40:48.000000000,Email,Billing,Medium,Agent_13,1.68,4.0,Reopened
TCK-00709,2025-04-25,2025-04-25 05:01:12.000000000,Phone,Refund Request,Low,Agent_04,5.02,,Closed
TCK-00407,2025-04-25,2025-04-25 04:52:12.000000000,Phone,Billing,Medium,Agent_13,4.87,,Resolved
TCK-04234,2025-04-25,2025-04-25 03:58:12.000000000,Chat,Account Access,Medium,Agent_15,3.97,,Resolved
TCK-03124,2025-04-25,2025-04-25 05:44:24.000000000,Email,Refund Request,Low,Agent_05,5.74,,Closed
TCK-04625,2025-04-25,2025-04-25 05:43:48.000000000,Chat,Technical Issue,Medium,Agent_20,5.73,4.0,Resolved
TCK-02394,2025-04-25,2025-04-25 09:06:36.000000000,Chat,Technical Issue,Medium,Agent_11,9.11,,Reopened
TCK-00994,2025-04-25,2025-04-25 04:01:48.000000000,Social Media,Refund Request,Medium,Agent_19,4.03,,Resolved
TCK-00759,2025-04-26,2025-04-26 04:40:12.000000000,Email,Refund Request,Low,Agent_04,4.67,5.0,Resolved
TCK-03750,2025-04-26,2025-04-26 02:23:24.000000000,Email,Billing,High,Agent_09,2.39,5.0,Resolved
TCK-02827,2025-04-26,2025-04-26 05:56:24.000000000,Phone,Account Access,Medium,Agent_16,5.94,3.0,Resolved
TCK-00928,2025-04-26,2025-04-26 03:39:00.000000000,Chat,Product Question,Low,Agent_16,3.65,5.0,Resolved
TCK-04991,2025-04-26,2025-04-26 00:51:00.000000000,Phone,Billing,High,Agent_01,0.85,,Resolved
TCK-03961,2025-04-26,2025-04-26 01:08:24.000000000,Chat,Account Access,High,Agent_13,1.14,4.0,Closed
TCK-00298,2025-04-26,2025-04-26 02:16:48.000000000,Phone,Product Question,High,Agent_11,2.28,3.0,Resolved
TCK-00328,2025-04-26,2025-04-26 01:27:36.000000000,Email,Technical Issue,High,Agent_18,1.46,5.0,Resolved
TCK-01546,2025-04-26,2025-04-26 01:28:12.000000000,Chat,Account Access,Medium,Agent_19,1.47,,Resolved
TCK-04337,2025-04-26,2025-04-26 02:58:48.000000000,Email,Technical Issue,Low,Agent_17,2.98,,Closed
TCK-01564,2025-04-26,2025-04-26 03:49:12.000000000,Email,Technical Issue,Medium,Agent_03,3.82,4.0,Resolved
TCK-00948,2025-04-26,2025-04-26 03:04:12.000000000,Email,Account Access,Medium,Agent_06,3.07,,Resolved
TCK-01137,2025-04-26,2025-04-26 00:37:12.000000000,Email,Billing,Urgent,Agent_10,0.62,,Closed
TCK-00269,2025-04-26,2025-04-26 04:25:12.000000000,Chat,Account Access,High,Agent_03,4.42,2.0,Resolved
TCK-02127,2025-04-26,2025-04-26 02:48:00.000000000,Chat,Technical Issue,Low,Agent_20,2.8,3.0,Resolved
TCK-01976,2025-04-27,2025-04-27 10:10:12.000000000,Email,Billing,Medium,Agent_07,10.17,,Resolved
TCK-02231,2025-04-27,2025-04-27 16:27:00.000000000,Email,Refund Request,Low,Agent_14,16.45,2.0,Closed
TCK-02232,2025-04-27,2025-04-27 04:32:24.000000000,Phone,Complaint,Low,Agent_16,4.54,,Resolved
TCK-00485,2025-04-27,2025-04-27 05:16:12.000000000,Email,Product Question,Medium,Agent_08,5.27,4.0,Resolved
TCK-00363,2025-04-27,2025-04-27 03:16:48.000000000,Phone,Technical Issue,Low,Agent_18,3.28,4.0,Resolved
TCK-01395,2025-04-27,2025-04-27 01:07:12.000000000,Email,Technical Issue,Urgent,Agent_06,1.12,3.0,Resolved
TCK-01487,2025-04-27,2025-04-27 01:48:00.000000000,Phone,Billing,High,Agent_10,1.8,,Resolved
TCK-01716,2025-04-27,2025-04-27 08:27:36.000000000,Email,Technical Issue,Medium,Agent_10,8.46,3.0,Resolved
TCK-02090,2025-04-27,2025-04-27 02:26:24.000000000,Social Media,Technical Issue,Urgent,Agent_13,2.44,4.0,Resolved
TCK-03407,2025-04-27,2025-04-27 03:39:00.000000000,Chat,Account Access,High,Agent_01,3.65,5.0,Resolved
TCK-01536,2025-04-27,2025-04-27 04:57:36.000000000,Chat,Refund Request,Low,Agent_17,4.96,4.0,Resolved
TCK-01399,2025-04-27,2025-04-27 22:11:24.000000000,Phone,Complaint,Low,Agent_11,22.19,2.0,Resolved
TCK-00514,2025-04-27,2025-04-27 12:48:36.000000000,Email,Technical Issue,Low,Agent_12,12.81,2.0,Resolved
TCK-02444,2025-04-27,2025-04-27 00:35:24.000000000,Email,Refund Request,Urgent,Agent_01,0.59,5.0,Resolved
TCK-04436,2025-04-27,2025-04-27 01:57:00.000000000,Phone,Product Question,Low,Agent_20,1.95,4.0,Resolved
TCK-02512,2025-04-28,2025-04-28 03:19:12.000000000,Chat,Product Question,Medium,Agent_09,3.32,5.0,Resolved
TCK-01910,2025-04-28,2025-04-28 05:07:12.000000000,Email,Complaint,Medium,Agent_13,5.12,,Resolved
TCK-00281,2025-04-28,2025-04-28 02:06:36.000000000,Social Media,Billing,High,Agent_15,2.11,5.0,Resolved
TCK-04828,2025-04-28,2025-04-28 01:13:48.000000000,Phone,Billing,Medium,Agent_03,1.23,,Resolved
TCK-01364,2025-04-28,2025-04-28 05:58:12.000000000,Phone,Billing,Medium,Agent_07,5.97,,Resolved
TCK-00567,2025-04-28,2025-04-28 05:51:36.000000000,Email,Refund Request,Medium,Agent_11,5.86,,Closed
TCK-00127,2025-04-28,2025-04-28 01:39:36.000000000,Phone,Billing,Low,Agent_01,1.66,5.0,Closed
TCK-02252,2025-04-28,2025-04-28 00:55:48.000000000,Email,Product Question,Medium,Agent_08,0.93,,Resolved
TCK-03716,2025-04-28,2025-04-28 04:14:24.000000000,Email,Account Access,Low,Agent_19,4.24,4.0,Resolved
TCK-04370,2025-04-28,2025-04-28 04:55:48.000000000,Phone,Billing,High,Agent_08,4.93,3.0,Resolved
TCK-03695,2025-04-28,2025-04-28 02:33:00.000000000,Email,Billing,Medium,Agent_10,2.55,5.0,Resolved
TCK-00555,2025-04-28,2025-04-28 02:32:24.000000000,Chat,Refund Request,Low,Agent_06,2.54,,Resolved
TCK-02888,2025-04-28,2025-04-28 03:43:12.000000000,Email,Product Question,Low,Agent_04,3.72,4.0,Resolved
TCK-02112,2025-04-28,2025-04-28 04:22:48.000000000,Email,Refund Request,Low,Agent_11,4.38,3.0,Resolved
TCK-02548,2025-04-28,2025-04-28 02:47:24.000000000,Email,Refund Request,High,Agent_20,2.79,,Resolved
TCK-01464,2025-04-28,2025-04-28 04:07:12.000000000,Email,Complaint,Medium,Agent_04,4.12,,Resolved
TCK-01348,2025-04-29,2025-04-29 04:45:36.000000000,Email,Technical Issue,High,Agent_08,4.76,,Resolved
TCK-03819,2025-04-29,2025-04-29 09:34:47.999999999,Email,Account Access,Medium,Agent_14,9.58,4.0,Resolved
TCK-02243,2025-04-29,2025-04-29 05:25:12.000000000,Chat,Product Question,Medium,Agent_15,5.42,,Resolved
TCK-01209,2025-04-29,2025-04-29 03:11:24.000000000,Phone,Billing,Low,Agent_16,3.19,4.0,Resolved
TCK-02881,2025-04-29,2025-04-29 07:59:24.000000000,Phone,Refund Request,Low,Agent_11,7.99,,Resolved
TCK-02267,2025-04-29,2025-04-29 06:36:00.000000000,Email,Technical Issue,High,Agent_04,6.6,3.0,Resolved
TCK-04572,2025-04-29,2025-04-29 01:55:12.000000000,Phone,Technical Issue,High,Agent_15,1.92,5.0,Closed
TCK-02486,2025-04-29,2025-04-29 02:44:24.000000000,Email,Billing,Low,Agent_15,2.74,4.0,Closed
TCK-04641,2025-04-29,2025-04-29 00:31:12.000000000,Phone,Billing,High,Agent_05,0.52,,Resolved
TCK-04070,2025-04-29,2025-04-29 09:35:24.000000000,Phone,Technical Issue,Medium,Agent_05,9.59,3.0,Closed
TCK-04035,2025-04-29,2025-04-29 02:31:48.000000000,Email,Product Question,High,Agent_03,2.53,4.0,Resolved
TCK-04011,2025-04-29,2025-04-29 06:09:00.000000000,Email,Account Access,Medium,Agent_07,6.15,4.0,Resolved
TCK-02043,2025-04-29,2025-04-29 00:49:12.000000000,Email,Billing,Urgent,Agent_05,0.82,,Resolved
TCK-00026,2025-04-29,2025-04-29 03:55:12.000000000,Email,Technical Issue,High,Agent_04,3.92,4.0,Reopened
TCK-02307,2025-04-30,2025-04-30 01:37:12.000000000,Email,Complaint,High,Agent_17,1.62,4.0,Reopened
TCK-04298,2025-04-30,2025-04-30 10:31:48.000000000,Email,Technical Issue,Low,Unknown,10.53,,Resolved
TCK-01055,2025-04-30,2025-04-30 10:27:00.000000000,Email,Refund Request,Medium,Agent_19,10.45,4.0,Closed
TCK-03567,2025-04-30,2025-04-30 03:58:48.000000000,Phone,Product Question,Low,Agent_18,3.98,4.0,Resolved
TCK-01875,2025-04-30,2025-04-30 04:04:48.000000000,Email,Product Question,Medium,Agent_10,4.08,4.0,Resolved
TCK-02052,2025-04-30,2025-04-30 02:48:00.000000000,Chat,Product Question,Low,Agent_13,2.8,,Resolved
TCK-00592,2025-04-30,2025-04-30 12:17:23.999999999,Email,Technical Issue,Low,Agent_12,12.29,,Resolved
TCK-02497,2025-04-30,2025-04-30 13:36:36.000000000,Phone,Account Access,Medium,Agent_17,13.61,2.0,Resolved
TCK-02111,2025-04-30,2025-04-30 06:12:00.000000000,Email,Product Question,Low,Agent_13,6.2,4.0,Resolved
TCK-03654,2025-04-30,2025-04-30 02:32:24.000000000,Email,Refund Request,Low,Agent_16,2.54,4.0,Resolved
TCK-04704,2025-04-30,2025-04-30 07:15:36.000000000,Email,Product Question,Low,Agent_12,7.26,,Resolved
TCK-04216,2025-04-30,2025-04-30 02:06:36.000000000,Social Media,Complaint,High,Agent_19,2.11,5.0,Resolved
TCK-04001,2025-04-30,2025-04-30 02:48:36.000000000,Social Media,Technical Issue,High,Agent_17,2.81,,Resolved
TCK-04401,2025-04-30,2025-04-30 03:17:23.999999999,Chat,Product Question,Low,Agent_20,3.29,,Resolved
TCK-03003,2025-04-30,2025-04-30 02:39:00.000000000,Email,Billing,Medium,Agent_05,2.65,5.0,Resolved
TCK-00606,2025-04-30,2025-04-30 02:22:48.000000000,Email,Technical Issue,Low,Agent_09,2.38,,Closed
TCK-04217,2025-04-30,2025-04-30 01:53:24.000000000,Email,Complaint,Medium,Agent_06,1.89,4.0,Resolved
TCK-03534,2025-05-01,2025-05-01 05:33:36.000000000,Email,Technical Issue,Medium,Agent_14,5.56,3.0,Resolved
TCK-02610,2025-05-01,2025-05-01 05:16:12.000000000,Social Media,Technical Issue,Medium,Agent_04,5.27,,Resolved
TCK-04111,2025-05-01,2025-05-01 07:06:36.000000000,Phone,Product Question,Low,Agent_03,7.11,3.0,Closed
TCK-00037,2025-05-01,2025-05-01 04:53:24.000000000,Email,Technical Issue,Low,Agent_12,4.89,3.0,Resolved
TCK-04885,2025-05-01,2025-05-01 05:51:00.000000000,Phone,Refund Request,Low,Agent_01,5.85,,Resolved
TCK-04778,2025-05-01,2025-05-01 10:14:24.000000000,Email,Billing,Medium,Agent_20,10.24,2.0,Resolved
TCK-00214,2025-05-01,2025-05-01 03:06:36.000000000,Email,Technical Issue,High,Agent_09,3.11,4.0,Resolved
TCK-01105,2025-05-01,2025-05-01 02:48:00.000000000,Phone,Technical Issue,Low,Agent_05,2.8,,Resolved
TCK-01474,2025-05-01,2025-05-01 01:37:48.000000000,Email,Technical Issue,Medium,Agent_10,1.63,4.0,Resolved
TCK-03732,2025-05-01,2025-05-01 04:31:12.000000000,Email,Product Question,Medium,Agent_18,4.52,3.0,Resolved
TCK-02029,2025-05-01,2025-05-01 05:00:00.000000000,Phone,Account Access,Low,Agent_02,5.0,5.0,Resolved
TCK-02536,2025-05-01,2025-05-01 02:12:36.000000000,Email,Billing,High,Agent_01,2.21,3.0,Resolved
TCK-03583,2025-05-01,2025-05-01 05:20:24.000000000,Chat,Product Question,Low,Agent_13,5.34,,Resolved
TCK-04911,2025-05-01,2025-05-01 11:48:36.000000000,Chat,Technical Issue,Low,Agent_15,11.81,,Closed
TCK-04613,2025-05-01,2025-05-01 05:50:24.000000000,Email,Technical Issue,High,Agent_04,5.84,4.0,Resolved
TCK-04457,2025-05-01,2025-05-01 08:28:12.000000000,Chat,Billing,Low,Agent_01,8.47,2.0,Resolved
TCK-03730,2025-05-02,2025-05-02 03:11:24.000000000,Email,Account Access,High,Agent_01,3.19,4.0,Resolved
TCK-01737,2025-05-02,2025-05-02 01:36:00.000000000,Email,Account Access,Low,Agent_11,1.6,4.0,Resolved
TCK-00254,2025-05-02,2025-05-02 03:49:48.000000000,Email,Refund Request,Low,Agent_11,3.83,4.0,Resolved
TCK-00447,2025-05-02,2025-05-02 07:12:00.000000000,Email,Account Access,Medium,Agent_12,7.2,,Resolved
TCK-00698,2025-05-02,2025-05-02 05:08:24.000000000,Email,Account Access,Medium,Agent_14,5.14,,Resolved
TCK-00990,2025-05-02,2025-05-02 00:49:48.000000000,Email,Complaint,High,Agent_02,0.83,,Closed
TCK-01865,2025-05-02,2025-05-02 04:31:48.000000000,Chat,Technical Issue,Low,Agent_09,4.53,4.0,Resolved
TCK-03482,2025-05-02,2025-05-02 07:16:48.000000000,Email,Billing,Medium,Agent_11,7.28,,Closed
TCK-02120,2025-05-02,2025-05-02 01:13:48.000000000,Email,Technical Issue,High,Agent_07,1.23,,Resolved
TCK-04373,2025-05-02,2025-05-02 03:10:48.000000000,Email,Account Access,Medium,Agent_19,3.18,4.0,Closed
TCK-01029,2025-05-02,2025-05-02 05:19:48.000000000,Email,Product Question,Low,Agent_10,5.33,4.0,Resolved
TCK-01454,2025-05-02,2025-05-02 04:12:00.000000000,Email,Billing,Medium,Agent_15,4.2,,Resolved
TCK-01471,2025-05-02,2025-05-02 01:46:12.000000000,Social Media,Complaint,Medium,Agent_02,1.77,5.0,Resolved
TCK-03956,2025-05-03,2025-05-03 04:04:48.000000000,Email,Billing,High,Agent_17,4.08,,Closed
TCK-04737,2025-05-03,2025-05-03 02:31:12.000000000,Email,Product Question,Medium,Agent_16,2.52,5.0,Resolved
TCK-00331,2025-05-03,2025-05-03 04:33:36.000000000,Email,Account Access,Medium,Agent_02,4.56,,Resolved
TCK-03394,2025-05-03,2025-05-03 01:28:48.000000000,Email,Product Question,Medium,Agent_19,1.48,4.0,Closed
TCK-04060,2025-05-03,2025-05-03 08:57:00.000000000,Social Media,Account Access,Low,Agent_02,8.95,,Resolved
TCK-04349,2025-05-03,2025-05-03 02:27:36.000000000,Phone,Billing,Low,Agent_10,2.46,4.0,Reopened
TCK-03619,2025-05-03,2025-05-03 03:42:00.000000000,Email,Technical Issue,Low,Agent_02,3.7,3.0,Resolved
TCK-00129,2025-05-03,2025-05-03 22:43:48.000000000,Phone,Technical Issue,Low,Agent_09,22.73,,Resolved
TCK-02164,2025-05-03,2025-05-03 02:49:12.000000000,Phone,Technical Issue,Medium,Agent_06,2.82,,Resolved
TCK-04201,2025-05-03,2025-05-03 07:13:48.000000000,Email,Billing,Low,Agent_19,7.23,2.0,Resolved
TCK-04009,2025-05-03,2025-05-03 03:01:12.000000000,Phone,Product Question,Low,Agent_17,3.02,2.0,Resolved
TCK-02597,2025-05-03,2025-05-03 08:26:24.000000000,Phone,Refund Request,Low,Agent_03,8.44,3.0,Resolved
TCK-03355,2025-05-03,2025-05-03 02:01:12.000000000,Email,Refund Request,Urgent,Agent_20,2.02,4.0,Closed
TCK-02283,2025-05-04,2025-05-04 06:08:24.000000000,Email,Product Question,Low,Agent_15,6.14,3.0,Resolved
TCK-04849,2025-05-04,2025-05-04 05:03:36.000000000,Chat,Account Access,Medium,Agent_03,5.06,3.0,Resolved
TCK-03211,2025-05-04,2025-05-04 07:55:12.000000000,Email,Account Access,Medium,Agent_03,7.92,3.0,Resolved
TCK-01742,2025-05-04,2025-05-04 06:20:24.000000000,Chat,Billing,Medium,Agent_02,6.34,3.0,Resolved
TCK-02327,2025-05-04,2025-05-04 04:00:00.000000000,Email,Complaint,Low,Agent_02,4.0,4.0,Resolved
TCK-03045,2025-05-04,2025-05-04 04:25:12.000000000,Chat,Account Access,Medium,Agent_11,4.42,,Closed
TCK-04928,2025-05-04,2025-05-04 06:05:24.000000000,Email,Account Access,Low,Agent_11,6.09,,Closed
TCK-01731,2025-05-04,2025-05-04 03:20:24.000000000,Email,Technical Issue,Medium,Agent_11,3.34,,Resolved
TCK-01136,2025-05-04,2025-05-04 04:45:00.000000000,Email,Technical Issue,Low,Agent_18,4.75,,Resolved
TCK-04900,2025-05-04,2025-05-04 01:16:12.000000000,Email,Billing,Medium,Agent_05,1.27,4.0,Resolved
TCK-01102,2025-05-04,2025-05-04 06:40:48.000000000,Email,Account Access,Medium,Agent_15,6.68,,Resolved
TCK-01860,2025-05-04,2025-05-04 03:58:12.000000000,Email,Billing,Medium,Agent_07,3.97,,Resolved
TCK-00587,2025-05-04,2025-05-04 07:00:36.000000000,Email,Technical Issue,High,Agent_13,7.01,3.0,Reopened
TCK-04422,2025-05-04,2025-05-04 04:25:12.000000000,Phone,Technical Issue,Medium,Agent_13,4.42,,Closed
TCK-03787,2025-05-04,2025-05-04 07:21:00.000000000,Phone,Technical Issue,Medium,Agent_01,7.35,,Closed
TCK-03557,2025-05-04,2025-05-04 03:31:12.000000000,Phone,Billing,Low,Agent_04,3.52,3.0,Resolved
TCK-00159,2025-05-04,2025-05-04 09:14:24.000000000,Phone,Complaint,Low,Agent_14,9.24,5.0,Resolved
TCK-04214,2025-05-04,2025-05-04 04:12:00.000000000,Chat,Billing,Medium,Agent_15,4.2,3.0,Resolved
TCK-04526,2025-05-04,2025-05-04 01:53:24.000000000,Social Media,Product Question,Urgent,Agent_06,1.89,4.0,Resolved
TCK-01934,2025-05-05,2025-05-05 06:08:24.000000000,Phone,Product Question,Medium,Agent_18,6.14,3.0,Closed
TCK-03447,2025-05-05,2025-05-05 06:09:36.000000000,Chat,Account Access,Medium,Agent_12,6.16,5.0,Resolved
TCK-04178,2025-05-05,2025-05-05 04:39:00.000000000,Email,Account Access,Low,Agent_05,4.65,4.0,Resolved
TCK-02421,2025-05-05,2025-05-05 03:02:24.000000000,Chat,Complaint,Medium,Agent_01,3.04,5.0,Resolved
TCK-02451,2025-05-05,2025-05-05 03:45:00.000000000,Phone,Product Question,Medium,Agent_09,3.75,,Resolved
TCK-04215,2025-05-05,2025-05-05 04:21:36.000000000,Email,Complaint,Medium,Agent_12,4.36,3.0,Resolved
TCK-03173,2025-05-05,2025-05-05 06:52:48.000000000,Phone,Billing,Medium,Agent_09,6.88,,Resolved
TCK-02287,2025-05-05,2025-05-05 08:20:24.000000000,Email,Product Question,Medium,Agent_02,8.34,,Resolved
TCK-03689,2025-05-05,2025-05-05 03:25:12.000000000,Email,Complaint,Medium,Agent_05,3.42,4.0,Closed
TCK-02034,2025-05-05,2025-05-05 04:27:00.000000000,Phone,Billing,High,Agent_07,4.45,4.0,Resolved
TCK-01938,2025-05-05,2025-05-05 05:22:48.000000000,Phone,Billing,Low,Agent_12,5.38,,Resolved
TCK-01120,2025-05-05,2025-05-05 02:43:12.000000000,Phone,Billing,Low,Agent_20,2.72,4.0,Resolved
TCK-01290,2025-05-05,2025-05-05 01:15:00.000000000,Chat,Complaint,Urgent,Agent_06,1.25,3.0,Resolved
TCK-03946,2025-05-05,2025-05-05 01:56:24.000000000,Chat,Product Question,High,Agent_06,1.94,3.0,Closed
TCK-04163,2025-05-06,2025-05-06 07:20:24.000000000,Phone,Complaint,Medium,Agent_15,7.34,,Reopened
TCK-01332,2025-05-06,2025-05-06 02:33:00.000000000,Email,Billing,Medium,Agent_03,2.55,5.0,Resolved
TCK-01671,2025-05-06,2025-05-06 03:21:00.000000000,Email,Technical Issue,Low,Agent_09,3.35,,Resolved
TCK-02700,2025-05-06,2025-05-06 03:08:24.000000000,Email,Product Question,Medium,Agent_03,3.14,4.0,Resolved
TCK-01990,2025-05-06,2025-05-06 00:59:24.000000000,Email,Billing,High,Agent_08,0.99,4.0,Resolved
TCK-03051,2025-05-06,2025-05-06 15:27:00.000000000,Email,Account Access,Low,Agent_05,15.45,4.0,Closed
TCK-00157,2025-05-06,2025-05-06 04:44:24.000000000,Phone,Technical Issue,Low,Agent_02,4.74,4.0,Resolved
TCK-03134,2025-05-06,2025-05-06 07:06:00.000000000,Email,Billing,Low,Agent_12,7.1,3.0,Closed
TCK-01607,2025-05-06,2025-05-06 08:19:12.000000000,Phone,Technical Issue,Low,Agent_13,8.32,,Resolved
TCK-02445,2025-05-06,2025-05-06 03:21:00.000000000,Email,Billing,Medium,Agent_16,3.35,,Resolved
TCK-04026,2025-05-06,2025-05-06 07:01:12.000000000,Chat,Product Question,Medium,Agent_12,7.02,4.0,Resolved
TCK-04152,2025-05-06,2025-05-06 01:20:24.000000000,Email,Account Access,High,Agent_18,1.34,,Closed
TCK-04399,2025-05-06,2025-05-06 04:30:36.000000000,Email,Refund Request,Low,Agent_07,4.51,3.0,Resolved
TCK-04743,2025-05-06,2025-05-06 10:27:36.000000000,Phone,Technical Issue,Low,Agent_13,10.46,,Resolved
TCK-01317,2025-05-06,2025-05-06 02:48:00.000000000,Phone,Account Access,High,Agent_16,2.8,,Resolved
TCK-00951,2025-05-06,2025-05-06 00:40:12.000000000,Email,Technical Issue,Medium,Agent_05,0.67,,Resolved
TCK-01753,2025-05-06,2025-05-06 02:34:11.999999999,Chat,Refund Request,High,Agent_06,2.57,,Resolved
TCK-02870,2025-05-07,2025-05-07 01:40:12.000000000,Chat,Billing,Low,Agent_14,1.67,3.0,Resolved
TCK-02958,2025-05-07,2025-05-07 06:39:00.000000000,Phone,Technical Issue,High,Agent_14,6.65,,Resolved
TCK-01367,2025-05-07,2025-05-07 02:57:36.000000000,Social Media,Billing,Urgent,Agent_20,2.96,2.0,Resolved
TCK-00228,2025-05-07,2025-05-07 07:16:12.000000000,Email,Account Access,Low,Agent_19,7.27,3.0,Resolved
TCK-03518,2025-05-07,2025-05-07 03:50:24.000000000,Email,Technical Issue,Low,Agent_11,3.84,3.0,Closed
TCK-04189,2025-05-07,2025-05-07 02:44:24.000000000,Phone,Technical Issue,Medium,Agent_14,2.74,5.0,Resolved
TCK-01196,2025-05-07,2025-05-07 07:16:12.000000000,Chat,Billing,Low,Agent_03,7.27,3.0,Resolved
TCK-04460,2025-05-07,2025-05-07 01:36:36.000000000,Phone,Complaint,High,Agent_16,1.61,,Resolved
TCK-01343,2025-05-07,2025-05-07 08:49:12.000000000,Phone,Complaint,Medium,Agent_19,8.82,3.0,Closed
TCK-04861,2025-05-07,2025-05-07 01:28:48.000000000,Email,Product Question,High,Agent_20,1.48,4.0,Reopened
TCK-00099,2025-05-07,2025-05-07 07:39:00.000000000,Chat,Product Question,Low,Agent_20,7.65,3.0,Resolved
TCK-01552,2025-05-07,2025-05-07 01:21:36.000000000,Phone,Technical Issue,Medium,Agent_19,1.36,5.0,Resolved
TCK-02550,2025-05-07,2025-05-07 03:19:12.000000000,Phone,Billing,Medium,Agent_06,3.32,4.0,Resolved
TCK-01272,2025-05-08,2025-05-08 01:27:00.000000000,Email,Complaint,High,Agent_07,1.45,4.0,Reopened
TCK-01717,2025-05-08,2025-05-08 02:42:00.000000000,Email,Technical Issue,High,Agent_19,2.7,,Resolved
TCK-03414,2025-05-08,2025-05-08 02:04:48.000000000,Email,Account Access,Urgent,Agent_01,2.08,,Resolved
TCK-04273,2025-05-08,2025-05-08 03:45:00.000000000,Phone,Product Question,Medium,Agent_18,3.75,4.0,Reopened
TCK-04699,2025-05-08,2025-05-08 02:36:00.000000000,Email,Refund Request,Low,Agent_09,2.6,4.0,Resolved
TCK-02545,2025-05-08,2025-05-08 11:13:12.000000000,Chat,Account Access,Medium,Agent_15,11.22,,Closed
TCK-02981,2025-05-08,2025-05-08 01:19:48.000000000,Email,Technical Issue,Medium,Agent_18,1.33,4.0,Resolved
TCK-03677,2025-05-08,2025-05-08 03:17:23.999999999,Chat,Billing,Medium,Agent_16,3.29,,Resolved
TCK-02385,2025-05-08,2025-05-08 05:45:36.000000000,Phone,Account Access,Low,Agent_03,5.76,4.0,Closed
TCK-04791,2025-05-08,2025-05-08 01:37:48.000000000,Email,Complaint,Medium,Agent_01,1.63,,Resolved
TCK-03470,2025-05-08,2025-05-08 03:50:24.000000000,Phone,Complaint,Medium,Agent_05,3.84,,Closed
TCK-04136,2025-05-08,2025-05-08 02:12:36.000000000,Email,Account Access,High,Agent_05,2.21,,Resolved
TCK-04477,2025-05-09,2025-05-09 02:05:24.000000000,Phone,Billing,High,Agent_02,2.09,,Resolved
TCK-04310,2025-05-09,2025-05-09 03:01:12.000000000,Phone,Billing,Medium,Agent_15,3.02,4.0,Resolved
TCK-03971,2025-05-09,2025-05-09 02:03:00.000000000,Email,Billing,Medium,Agent_02,2.05,,Resolved
TCK-04227,2025-05-09,2025-05-09 04:13:12.000000000,Phone,Technical Issue,Low,Agent_05,4.22,4.0,Resolved
TCK-03814,2025-05-09,2025-05-09 04:14:24.000000000,Phone,Technical Issue,High,Agent_17,4.24,4.0,Resolved
TCK-04343,2025-05-09,2025-05-09 06:23:24.000000000,Email,Complaint,Low,Agent_16,6.39,,Resolved
TCK-04205,2025-05-09,2025-05-09 01:42:36.000000000,Email,Billing,High,Agent_14,1.71,,Closed
TCK-00939,2025-05-09,2025-05-09 01:27:00.000000000,Email,Product Question,Medium,Agent_15,1.45,5.0,Resolved
TCK-01323,2025-05-09,2025-05-09 03:30:00.000000000,Phone,Billing,Medium,Agent_20,3.5,,Resolved
TCK-03366,2025-05-09,2025-05-09 02:50:24.000000000,Email,Technical Issue,Medium,Agent_07,2.84,3.0,Resolved
TCK-02242,2025-05-09,2025-05-09 05:22:12.000000000,Phone,Billing,Medium,Agent_04,5.37,3.0,Resolved
TCK-04590,2025-05-09,2025-05-09 22:26:24.000000000,Email,Billing,Medium,Agent_15,22.44,,Closed
TCK-02845,2025-05-10,2025-05-10 02:37:12.000000000,Chat,Billing,Medium,Agent_07,2.62,4.0,Resolved
TCK-04402,2025-05-10,2025-05-10 01:56:24.000000000,Chat,Product Question,Medium,Agent_10,1.94,5.0,Resolved
TCK-00004,2025-05-10,2025-05-10 03:34:47.999999999,Phone,Billing,Low,Agent_10,3.58,5.0,Closed
TCK-04134,2025-05-10,2025-05-10 07:13:12.000000000,Phone,Account Access,Medium,Agent_03,7.22,,Resolved
TCK-03367,2025-05-10,2025-05-10 01:22:48.000000000,Email,Account Access,High,Agent_06,1.38,5.0,Resolved
TCK-01791,2025-05-10,2025-05-10 03:12:36.000000000,Phone,Technical Issue,Low,Agent_04,3.21,,Resolved
TCK-03014,2025-05-11,2025-05-11 01:06:00.000000000,Email,Product Question,High,Agent_02,1.1,,Resolved
TCK-03091,2025-05-11,2025-05-11 07:07:12.000000000,Email,Technical Issue,Low,Agent_12,7.12,,Resolved
TCK-00481,2025-05-11,2025-05-11 03:00:36.000000000,Chat,Account Access,Medium,Agent_09,3.01,5.0,Closed
TCK-01645,2025-05-11,2025-05-11 09:01:48.000000000,Phone,Technical Issue,Low,Agent_19,9.03,4.0,Resolved
TCK-02522,2025-05-11,2025-05-11 02:57:36.000000000,Email,Technical Issue,High,Agent_12,2.96,4.0,Resolved
TCK-02450,2025-05-11,2025-05-11 02:41:24.000000000,Phone,Account Access,Urgent,Agent_09,2.69,5.0,Resolved
TCK-03817,2025-05-12,2025-05-12 06:13:48.000000000,Email,Technical Issue,Low,Agent_13,6.23,2.0,Resolved
TCK-03671,2025-05-12,2025-05-12 03:01:48.000000000,Chat,Technical Issue,Low,Agent_01,3.03,,Resolved
TCK-00958,2025-05-12,2025-05-12 09:17:23.999999999,Chat,Technical Issue,Medium,Agent_18,9.29,,Closed
TCK-04142,2025-05-12,2025-05-12 01:15:36.000000000,Chat,Technical Issue,Urgent,Agent_01,1.26,3.0,Resolved
TCK-02446,2025-05-12,2025-05-12 04:12:36.000000000,Email,Billing,Medium,Agent_09,4.21,,Closed
TCK-03046,2025-05-12,2025-05-12 01:00:00.000000000,Email,Technical Issue,High,Agent_15,1.0,5.0,Closed
TCK-01532,2025-05-12,2025-05-12 02:31:12.000000000,Phone,Account Access,High,Agent_10,2.52,4.0,Resolved
TCK-04993,2025-05-12,2025-05-12 06:58:12.000000000,Email,Technical Issue,Medium,Agent_17,6.97,,Closed
TCK-01659,2025-05-12,2025-05-12 08:04:12.000000000,Phone,Product Question,Medium,Agent_04,8.07,3.0,Resolved
TCK-01885,2025-05-12,2025-05-12 01:21:36.000000000,Phone,Product Question,High,Agent_10,1.36,,Resolved
TCK-00725,2025-05-12,2025-05-12 04:30:00.000000000,Email,Refund Request,Low,Agent_19,4.5,4.0,Resolved
TCK-04746,2025-05-12,2025-05-12 15:46:48.000000000,Email,Billing,Medium,Agent_17,15.78,2.0,Resolved
TCK-02719,2025-05-12,2025-05-12 03:36:36.000000000,Email,Technical Issue,Medium,Agent_15,3.61,3.0,Resolved
TCK-02810,2025-05-12,2025-05-12 04:27:36.000000000,Email,Complaint,Low,Agent_04,4.46,4.0,Resolved
TCK-03808,2025-05-12,2025-05-12 02:05:24.000000000,Phone,Billing,Medium,Agent_20,2.09,4.0,Resolved
TCK-01887,2025-05-12,2025-05-12 02:53:24.000000000,Chat,Technical Issue,Low,Agent_02,2.89,4.0,Resolved
TCK-03425,2025-05-12,2025-05-12 02:19:48.000000000,Email,Refund Request,Low,Agent_18,2.33,,Resolved
TCK-02013,2025-05-12,2025-05-12 09:15:00.000000000,Phone,Refund Request,Medium,Agent_07,9.25,4.0,Reopened
TCK-00013,2025-05-13,2025-05-13 04:12:00.000000000,Phone,Technical Issue,Medium,Agent_17,4.2,,Resolved
TCK-03197,2025-05-13,2025-05-13 03:31:12.000000000,Chat,Account Access,Low,Agent_06,3.52,,Resolved
TCK-02151,2025-05-13,2025-05-13 03:58:48.000000000,Email,Technical Issue,Medium,Agent_06,3.98,5.0,Closed
TCK-02853,2025-05-13,2025-05-13 01:37:12.000000000,Email,Billing,High,Agent_20,1.62,5.0,Resolved
TCK-01733,2025-05-13,2025-05-13 03:30:36.000000000,Email,Product Question,Medium,Agent_13,3.51,4.0,Resolved
TCK-00706,2025-05-13,2025-05-13 04:28:48.000000000,Chat,Billing,Medium,Agent_07,4.48,,Resolved
TCK-02787,2025-05-13,2025-05-13 02:57:36.000000000,Social Media,Account Access,Medium,Agent_02,2.96,3.0,Resolved
TCK-00261,2025-05-13,2025-05-13 13:36:36.000000000,Email,Product Question,Low,Agent_02,13.61,,Closed
TCK-02401,2025-05-13,2025-05-13 04:07:12.000000000,Email,Technical Issue,Medium,Agent_05,4.12,,Resolved
TCK-00154,2025-05-13,2025-05-13 02:18:00.000000000,Phone,Technical Issue,Medium,Agent_02,2.3,5.0,Closed
TCK-02105,2025-05-13,2025-05-13 01:28:12.000000000,Email,Product Question,Urgent,Agent_08,1.47,4.0,Resolved
TCK-01012,2025-05-14,2025-05-14 03:31:12.000000000,Email,Billing,Low,Agent_19,3.52,4.0,Resolved
TCK-03075,2025-05-14,2025-05-14 03:36:00.000000000,Phone,Complaint,Medium,Agent_02,3.6,,Resolved
TCK-00590,2025-05-14,2025-05-14 07:57:00.000000000,Chat,Account Access,Low,Agent_17,7.95,4.0,Closed
TCK-02016,2025-05-14,2025-05-14 02:04:48.000000000,Email,Technical Issue,Medium,Agent_06,2.08,4.0,Closed
TCK-03637,2025-05-14,2025-05-14 04:18:00.000000000,Phone,Complaint,Low,Agent_03,4.3,4.0,Resolved
TCK-04710,2025-05-14,2025-05-14 07:41:24.000000000,Social Media,Account Access,High,Agent_03,7.69,4.0,Resolved
TCK-00023,2025-05-14,2025-05-14 03:22:48.000000000,Email,Account Access,Low,Agent_01,3.38,3.0,Resolved
TCK-01320,2025-05-14,2025-05-14 02:54:00.000000000,Email,Product Question,Medium,Agent_17,2.9,4.0,Resolved
TCK-00161,2025-05-14,2025-05-14 00:45:00.000000000,Chat,Refund Request,Urgent,Agent_20,0.75,4.0,Resolved
TCK-03061,2025-05-14,2025-05-14 03:28:48.000000000,Phone,Product Question,Low,Agent_19,3.48,4.0,Closed
TCK-04698,2025-05-14,2025-05-14 02:39:00.000000000,Phone,Technical Issue,High,Agent_19,2.65,4.0,Resolved
TCK-02161,2025-05-14,2025-05-14 01:43:12.000000000,Chat,Account Access,High,Agent_09,1.72,5.0,Resolved
TCK-01098,2025-05-14,2025-05-14 03:12:36.000000000,Email,Product Question,Urgent,Agent_19,3.21,,Resolved
TCK-04053,2025-05-14,2025-05-14 01:01:12.000000000,Phone,Technical Issue,Medium,Agent_10,1.02,4.0,Closed
TCK-02723,2025-05-14,2025-05-14 04:15:36.000000000,Email,Technical Issue,Low,Agent_01,4.26,4.0,Closed
TCK-02316,2025-05-15,2025-05-15 03:36:36.000000000,Chat,Billing,Medium,Agent_04,3.61,4.0,Resolved
TCK-02239,2025-05-15,2025-05-15 03:48:00.000000000,Email,Billing,Low,Agent_16,3.8,,Resolved
TCK-03068,2025-05-15,2025-05-15 06:49:48.000000000,Email,Refund Request,Low,Agent_14,6.83,3.0,Closed
TCK-00353,2025-05-15,2025-05-15 10:01:48.000000000,Email,Technical Issue,Low,Agent_02,10.03,3.0,Resolved
TCK-03908,2025-05-15,2025-05-15 02:15:36.000000000,Email,Billing,Low,Agent_02,2.26,,Resolved
TCK-04910,2025-05-15,2025-05-15 07:04:48.000000000,Chat,Technical Issue,Low,Agent_04,7.08,4.0,Resolved
TCK-01231,2025-05-15,2025-05-15 09:16:48.000000000,Email,Product Question,Medium,Agent_14,9.28,4.0,Closed
TCK-04636,2025-05-15,2025-05-15 02:31:12.000000000,Phone,Billing,Medium,Agent_10,2.52,,Closed
TCK-02547,2025-05-15,2025-05-15 01:58:48.000000000,Phone,Technical Issue,High,Agent_06,1.98,5.0,Resolved
TCK-02971,2025-05-15,2025-05-15 04:50:24.000000000,Email,Technical Issue,Medium,Agent_13,4.84,3.0,Resolved
TCK-00588,2025-05-15,2025-05-15 02:33:36.000000000,Phone,Complaint,Low,Agent_09,2.56,4.0,Resolved
TCK-04446,2025-05-15,2025-05-15 05:28:48.000000000,Phone,Billing,Medium,Agent_03,5.48,3.0,Resolved
TCK-04438,2025-05-15,2025-05-15 05:15:36.000000000,Phone,Billing,Medium,Agent_07,5.26,4.0,Closed
TCK-02727,2025-05-15,2025-05-15 02:29:24.000000000,Phone,Billing,High,Agent_19,2.49,,Resolved
TCK-02656,2025-05-16,2025-05-16 03:15:36.000000000,Email,Product Question,High,Agent_18,3.26,4.0,Resolved
TCK-04907,2025-05-16,2025-05-16 03:25:12.000000000,Social Media,Product Question,Medium,Agent_05,3.42,3.0,Resolved
TCK-01824,2025-05-16,2025-05-16 02:05:24.000000000,Email,Technical Issue,Medium,Agent_12,2.09,5.0,Resolved
TCK-00028,2025-05-16,2025-05-16 04:25:12.000000000,Email,Billing,Low,Agent_05,4.42,,Resolved
TCK-01927,2025-05-16,2025-05-16 03:20:24.000000000,Email,Account Access,Medium,Agent_10,3.34,4.0,Resolved
TCK-02375,2025-05-16,2025-05-16 07:40:48.000000000,Phone,Account Access,Medium,Agent_15,7.68,5.0,Resolved
TCK-01897,2025-05-16,2025-05-16 00:48:00.000000000,Phone,Technical Issue,High,Agent_12,0.8,4.0,Resolved
TCK-01111,2025-05-16,2025-05-16 06:30:36.000000000,Email,Account Access,Low,Agent_04,6.51,3.0,Closed
TCK-02966,2025-05-16,2025-05-16 01:24:36.000000000,Chat,Account Access,High,Agent_19,1.41,,Resolved
TCK-00292,2025-05-16,2025-05-16 03:39:36.000000000,Chat,Account Access,Medium,Agent_05,3.66,,Resolved
TCK-00869,2025-05-16,2025-05-16 01:18:36.000000000,Email,Technical Issue,Medium,Agent_13,1.31,,Resolved
TCK-01004,2025-05-16,2025-05-16 07:46:48.000000000,Email,Technical Issue,Low,Agent_17,7.78,,Resolved
TCK-03453,2025-05-16,2025-05-16 06:28:48.000000000,Phone,Complaint,Medium,Agent_12,6.48,,Resolved
TCK-03214,2025-05-16,2025-05-16 03:40:12.000000000,Chat,Refund Request,Medium,Agent_03,3.67,4.0,Resolved
TCK-02367,2025-05-16,2025-05-16 05:51:00.000000000,Email,Product Question,Medium,Agent_09,5.85,3.0,Resolved
TCK-00334,2025-05-17,2025-05-17 09:19:12.000000000,Email,Technical Issue,Low,Agent_06,9.32,4.0,Resolved
TCK-04305,2025-05-17,2025-05-17 04:45:36.000000000,Phone,Product Question,Low,Agent_10,4.76,,Resolved
TCK-02640,2025-05-17,2025-05-17 07:15:00.000000000,Email,Product Question,Low,Agent_11,7.25,3.0,Resolved
TCK-02985,2025-05-17,2025-05-17 06:38:24.000000000,Chat,Product Question,Low,Agent_10,6.64,4.0,Resolved
TCK-04131,2025-05-17,2025-05-17 03:25:48.000000000,Phone,Technical Issue,Low,Agent_07,3.43,3.0,Resolved
TCK-00536,2025-05-17,2025-05-17 02:42:36.000000000,Phone,Account Access,Low,Agent_04,2.71,4.0,Resolved
TCK-02614,2025-05-17,2025-05-17 03:10:12.000000000,Phone,Complaint,Medium,Agent_12,3.17,3.0,Resolved
TCK-04918,2025-05-17,2025-05-17 06:15:00.000000000,Email,Billing,Medium,Agent_15,6.25,4.0,Resolved
TCK-01228,2025-05-17,2025-05-17 02:15:00.000000000,Chat,Complaint,Medium,Agent_08,2.25,3.0,Resolved
TCK-00458,2025-05-17,2025-05-17 01:40:12.000000000,Phone,Refund Request,Medium,Agent_11,1.67,,Resolved
TCK-01817,2025-05-17,2025-05-17 03:14:24.000000000,Email,Technical Issue,Medium,Agent_09,3.24,4.0,Resolved
TCK-04000,2025-05-17,2025-05-17 02:57:00.000000000,Email,Account Access,Medium,Agent_09,2.95,3.0,Resolved
TCK-03911,2025-05-18,2025-05-18 03:05:24.000000000,Email,Billing,High,Agent_07,3.09,,Resolved
TCK-04915,2025-05-18,2025-05-18 06:19:12.000000000,Email,Product Question,Low,Agent_16,6.32,3.0,Resolved
TCK-00873,2025-05-18,2025-05-18 01:04:48.000000000,Social Media,Technical Issue,High,Agent_06,1.08,3.0,Resolved
TCK-04016,2025-05-18,2025-05-18 03:06:00.000000000,Email,Technical Issue,Low,Agent_15,3.1,,Resolved
TCK-02684,2025-05-18,2025-05-18 00:45:00.000000000,Phone,Technical Issue,High,Agent_03,0.75,4.0,Resolved
TCK-04624,2025-05-18,2025-05-18 03:30:00.000000000,Email,Billing,Low,Agent_19,3.5,5.0,Closed
TCK-01732,2025-05-18,2025-05-18 01:15:36.000000000,Email,Technical Issue,Low,Agent_06,1.26,4.0,Resolved
TCK-00730,2025-05-18,2025-05-18 15:41:24.000000000,Phone,Billing,Low,Agent_08,15.69,2.0,Resolved
TCK-01708,2025-05-18,2025-05-18 03:49:12.000000000,Email,Product Question,Low,Agent_09,3.82,,Resolved
TCK-02504,2025-05-19,2025-05-19 07:33:36.000000000,Phone,Refund Request,Medium,Agent_09,7.56,3.0,Resolved
TCK-03491,2025-05-19,2025-05-19 02:38:24.000000000,Chat,Account Access,Medium,Agent_11,2.64,5.0,Reopened
TCK-01678,2025-05-19,2025-05-19 17:18:00.000000000,Chat,Technical Issue,Low,Agent_03,17.3,2.0,Closed
TCK-04361,2025-05-19,2025-05-19 06:09:00.000000000,Email,Account Access,Low,Agent_18,6.15,4.0,Resolved
TCK-00594,2025-05-19,2025-05-19 08:00:36.000000000,Phone,Product Question,Low,Agent_13,8.01,2.0,Resolved
TCK-04841,2025-05-19,2025-05-19 01:13:48.000000000,Phone,Billing,High,Agent_08,1.23,4.0,Resolved
TCK-04895,2025-05-19,2025-05-19 02:01:48.000000000,Phone,Account Access,Medium,Agent_10,2.03,4.0,Resolved
TCK-02529,2025-05-19,2025-05-19 04:20:24.000000000,Email,Refund Request,Medium,Agent_17,4.34,3.0,Closed
TCK-00339,2025-05-19,2025-05-19 01:33:00.000000000,Phone,Complaint,High,Agent_15,1.55,5.0,Resolved
TCK-03188,2025-05-19,2025-05-19 00:27:00.000000000,Chat,Account Access,Urgent,Agent_10,0.45,4.0,Resolved
TCK-04210,2025-05-19,2025-05-19 01:45:00.000000000,Phone,Billing,High,Agent_01,1.75,5.0,Resolved
TCK-03924,2025-05-19,2025-05-19 05:33:36.000000000,Chat,Billing,High,Agent_02,5.56,3.0,Resolved
TCK-02552,2025-05-19,2025-05-19 02:59:24.000000000,Email,Complaint,High,Agent_20,2.99,,Resolved
TCK-03697,2025-05-19,2025-05-19 08:37:48.000000000,Phone,Complaint,Medium,Agent_17,8.63,3.0,Resolved
TCK-01905,2025-05-19,2025-05-19 03:04:12.000000000,Phone,Account Access,Low,Agent_06,3.07,5.0,Closed
TCK-04466,2025-05-19,2025-05-19 01:21:00.000000000,Phone,Technical Issue,Medium,Agent_05,1.35,5.0,Reopened
TCK-02880,2025-05-19,2025-05-19 03:58:48.000000000,Email,Complaint,Low,Agent_07,3.98,,Resolved
TCK-04932,2025-05-20,2025-05-20 12:59:24.000000000,Email,Complaint,Low,Agent_09,12.99,2.0,Closed
TCK-00718,2025-05-20,2025-05-20 05:46:12.000000000,Email,Account Access,Medium,Agent_04,5.77,4.0,Resolved
TCK-00148,2025-05-20,2025-05-20 03:21:36.000000000,Email,Technical Issue,Medium,Agent_12,3.36,,Resolved
TCK-03775,2025-05-20,2025-05-20 06:20:24.000000000,Email,Technical Issue,Medium,Agent_17,6.34,,Resolved
TCK-01553,2025-05-20,2025-05-20 06:15:36.000000000,Email,Product Question,Medium,Agent_07,6.26,4.0,Closed
TCK-04921,2025-05-20,2025-05-20 09:13:12.000000000,Chat,Complaint,Low,Agent_20,9.22,2.0,Closed
TCK-02835,2025-05-20,2025-05-20 06:27:00.000000000,Chat,Technical Issue,Low,Agent_08,6.45,,Closed
TCK-03023,2025-05-20,2025-05-20 03:25:48.000000000,Phone,Billing,Low,Agent_08,3.43,5.0,Resolved
TCK-01245,2025-05-20,2025-05-20 03:38:24.000000000,Email,Technical Issue,Medium,Agent_04,3.64,,Closed
TCK-04345,2025-05-20,2025-05-20 01:47:24.000000000,Phone,Technical Issue,High,Agent_02,1.79,,Resolved
TCK-03384,2025-05-20,2025-05-20 03:02:24.000000000,Chat,Technical Issue,High,Agent_05,3.04,4.0,Resolved
TCK-04212,2025-05-21,2025-05-21 02:18:00.000000000,Phone,Technical Issue,Medium,Agent_02,2.3,4.0,Resolved
TCK-04586,2025-05-21,2025-05-21 04:27:00.000000000,Email,Account Access,Medium,Agent_13,4.45,3.0,Resolved
TCK-02388,2025-05-21,2025-05-21 04:51:36.000000000,Email,Product Question,Low,Agent_11,4.86,4.0,Resolved
TCK-01841,2025-05-21,2025-05-21 02:11:24.000000000,Email,Technical Issue,Low,Agent_02,2.19,,Resolved
TCK-01428,2025-05-21,2025-05-21 05:41:24.000000000,Email,Product Question,Low,Agent_15,5.69,2.0,Resolved
TCK-02365,2025-05-21,2025-05-21 02:10:12.000000000,Chat,Technical Issue,High,Agent_18,2.17,4.0,Resolved
TCK-02541,2025-05-21,2025-05-21 09:09:36.000000000,Email,Complaint,Low,Agent_02,9.16,2.0,Closed
TCK-01119,2025-05-21,2025-05-21 01:37:12.000000000,Chat,Account Access,High,Agent_18,1.62,4.0,Resolved
TCK-00977,2025-05-21,2025-05-21 02:54:00.000000000,Phone,Billing,Low,Agent_06,2.9,5.0,Resolved
TCK-00574,2025-05-21,2025-05-21 02:01:48.000000000,Social Media,Refund Request,High,Agent_04,2.03,5.0,Resolved
TCK-01721,2025-05-21,2025-05-21 05:33:00.000000000,Chat,Technical Issue,Low,Agent_13,5.55,3.0,Resolved
TCK-04450,2025-05-21,2025-05-21 02:12:00.000000000,Phone,Technical Issue,Medium,Agent_05,2.2,,Resolved
TCK-01345,2025-05-22,2025-05-22 05:52:48.000000000,Chat,Billing,Low,Agent_11,5.88,,Closed
TCK-02808,2025-05-22,2025-05-22 03:00:36.000000000,Chat,Billing,Low,Agent_04,3.01,3.0,Resolved
TCK-02795,2025-05-22,2025-05-22 01:37:48.000000000,Email,Product Question,Medium,Agent_15,1.63,,Resolved
TCK-04458,2025-05-22,2025-05-22 02:30:00.000000000,Email,Technical Issue,Medium,Agent_06,2.5,3.0,Resolved
TCK-02739,2025-05-22,2025-05-22 14:27:00.000000000,Email,Technical Issue,Low,Agent_09,14.45,3.0,Closed
TCK-00054,2025-05-22,2025-05-22 02:03:36.000000000,Chat,Technical Issue,Low,Agent_04,2.06,,Resolved
TCK-01589,2025-05-22,2025-05-22 07:06:00.000000000,Chat,Complaint,Medium,Agent_15,7.1,4.0,Resolved
TCK-01026,2025-05-22,2025-05-22 00:37:12.000000000,Phone,Account Access,High,Agent_05,0.62,4.0,Resolved
TCK-02983,2025-05-22,2025-05-22 06:06:00.000000000,Email,Billing,Medium,Agent_03,6.1,,Resolved
TCK-04769,2025-05-23,2025-05-23 07:12:36.000000000,Phone,Refund Request,Medium,Agent_16,7.21,,Resolved
TCK-04759,2025-05-23,2025-05-23 06:09:00.000000000,Phone,Account Access,Low,Agent_13,6.15,4.0,Resolved
TCK-02176,2025-05-23,2025-05-23 04:42:00.000000000,Phone,Technical Issue,Medium,Agent_15,4.7,3.0,Resolved
TCK-02643,2025-05-23,2025-05-23 01:49:12.000000000,Email,Technical Issue,Medium,Agent_19,1.82,4.0,Resolved
TCK-02812,2025-05-23,2025-05-23 04:48:00.000000000,Phone,Complaint,Medium,Agent_04,4.8,4.0,Resolved
TCK-02534,2025-05-23,2025-05-23 05:03:00.000000000,Email,Technical Issue,Medium,Agent_14,5.05,2.0,Resolved
TCK-04793,2025-05-23,2025-05-23 03:28:12.000000000,Email,Billing,Low,Agent_02,3.47,5.0,Closed
TCK-02560,2025-05-23,2025-05-23 04:30:00.000000000,Phone,Product Question,Low,Agent_08,4.5,,Resolved
TCK-01133,2025-05-23,2025-05-23 02:39:00.000000000,Email,Refund Request,Low,Agent_06,2.65,4.0,Resolved
TCK-03019,2025-05-23,2025-05-23 06:06:00.000000000,Email,Account Access,Medium,Agent_12,6.1,,Resolved
TCK-00769,2025-05-23,2025-05-23 01:44:24.000000000,Email,Technical Issue,Medium,Agent_13,1.74,,Resolved
TCK-04110,2025-05-23,2025-05-23 03:00:36.000000000,Phone,Product Question,Low,Agent_18,3.01,4.0,Resolved
TCK-04012,2025-05-24,2025-05-24 05:28:48.000000000,Social Media,Billing,Low,Agent_16,5.48,,Resolved
TCK-00512,2025-05-24,2025-05-24 02:28:12.000000000,Email,Technical Issue,Medium,Agent_06,2.47,3.0,Resolved
TCK-02302,2025-05-24,2025-05-24 02:55:48.000000000,Email,Complaint,Medium,Agent_19,2.93,4.0,Resolved
TCK-03289,2025-05-24,2025-05-24 01:52:48.000000000,Email,Technical Issue,Low,Agent_16,1.88,4.0,Resolved
TCK-01881,2025-05-24,2025-05-24 05:23:24.000000000,Chat,Product Question,Low,Agent_02,5.39,3.0,Closed
TCK-01734,2025-05-24,2025-05-24 02:43:48.000000000,Phone,Product Question,Low,Agent_20,2.73,4.0,Resolved
TCK-01243,2025-05-24,2025-05-24 06:23:24.000000000,Email,Technical Issue,Low,Agent_19,6.39,3.0,Reopened
TCK-04286,2025-05-24,2025-05-24 05:15:36.000000000,Chat,Product Question,High,Agent_10,5.26,5.0,Resolved
TCK-02582,2025-05-24,2025-05-24 05:43:12.000000000,Email,Product Question,Medium,Agent_16,5.72,4.0,Resolved
TCK-01972,2025-05-24,2025-05-24 07:57:36.000000000,Chat,Refund Request,Medium,Agent_14,7.96,4.0,Resolved
TCK-03052,2025-05-24,2025-05-24 01:24:00.000000000,Email,Account Access,Urgent,Agent_17,1.4,,Resolved
TCK-04585,2025-05-24,2025-05-24 03:52:12.000000000,Email,Account Access,Low,Agent_18,3.87,3.0,Resolved
TCK-01054,2025-05-24,2025-05-24 02:13:12.000000000,Email,Technical Issue,Medium,Agent_02,2.22,4.0,Resolved
TCK-04122,2025-05-24,2025-05-24 01:31:48.000000000,Chat,Billing,Medium,Agent_05,1.53,4.0,Resolved
TCK-01312,2025-05-24,2025-05-24 05:06:00.000000000,Phone,Account Access,Low,Agent_01,5.1,4.0,Closed
TCK-03365,2025-05-24,2025-05-24 02:07:12.000000000,Phone,Complaint,Medium,Agent_12,2.12,5.0,Reopened
TCK-02019,2025-05-24,2025-05-24 00:43:48.000000000,Email,Product Question,Urgent,Agent_06,0.73,,Resolved
TCK-01438,2025-05-24,2025-05-24 03:05:24.000000000,Chat,Product Question,Medium,Agent_07,3.09,5.0,Resolved
TCK-02344,2025-05-24,2025-05-24 02:34:47.999999999,Chat,Refund Request,Low,Agent_07,2.58,,Resolved
TCK-01626,2025-05-25,2025-05-25 01:24:00.000000000,Email,Product Question,High,Agent_07,1.4,,Resolved
TCK-03420,2025-05-25,2025-05-25 08:42:00.000000000,Chat,Complaint,Low,Agent_03,8.7,,Closed
TCK-01280,2025-05-25,2025-05-25 06:07:48.000000000,Email,Technical Issue,Medium,Agent_09,6.13,,Resolved
TCK-03655,2025-05-25,2025-05-25 05:09:36.000000000,Email,Account Access,High,Unknown,5.16,4.0,Resolved
TCK-04755,2025-05-25,2025-05-25 04:24:00.000000000,Phone,Product Question,Low,Agent_19,4.4,,Resolved
TCK-02760,2025-05-25,2025-05-25 01:45:00.000000000,Phone,Refund Request,Urgent,Agent_12,1.75,,Closed
TCK-03340,2025-05-25,2025-05-25 01:03:36.000000000,Email,Technical Issue,Urgent,Agent_12,1.06,5.0,Resolved
TCK-01714,2025-05-25,2025-05-25 10:41:24.000000000,Chat,Complaint,Low,Agent_14,10.69,3.0,Resolved
TCK-01654,2025-05-25,2025-05-25 02:02:24.000000000,Email,Billing,Medium,Agent_14,2.04,4.0,Resolved
TCK-03001,2025-05-25,2025-05-25 03:01:48.000000000,Email,Complaint,Low,Agent_05,3.03,5.0,Resolved
TCK-03210,2025-05-25,2025-05-25 04:48:36.000000000,Email,Complaint,Urgent,Agent_03,4.81,,Closed
TCK-02251,2025-05-25,2025-05-25 03:45:36.000000000,Phone,Technical Issue,Low,Agent_08,3.76,4.0,Closed
TCK-00400,2025-05-26,2025-05-26 03:49:12.000000000,Phone,Technical Issue,Medium,Agent_08,3.82,,Resolved
TCK-04363,2025-05-26,2025-05-26 04:03:00.000000000,Email,Account Access,Medium,Agent_16,4.05,,Resolved
TCK-02094,2025-05-26,2025-05-26 12:55:12.000000000,Phone,Technical Issue,Low,Agent_13,12.92,,Resolved
TCK-01128,2025-05-26,2025-05-26 02:23:24.000000000,Email,Technical Issue,High,Agent_14,2.39,3.0,Resolved
TCK-04887,2025-05-26,2025-05-26 03:37:48.000000000,Social Media,Account Access,Low,Agent_15,3.63,3.0,Resolved
TCK-03278,2025-05-26,2025-05-26 06:04:48.000000000,Chat,Technical Issue,Medium,Agent_03,6.08,4.0,Resolved
TCK-02334,2025-05-26,2025-05-26 04:52:48.000000000,Email,Billing,Low,Agent_02,4.88,4.0,Resolved
TCK-04611,2025-05-26,2025-05-26 06:48:36.000000000,Phone,Account Access,High,Agent_04,6.81,4.0,Closed
TCK-02506,2025-05-26,2025-05-26 01:31:48.000000000,Phone,Billing,Medium,Agent_05,1.53,5.0,Closed
TCK-01963,2025-05-26,2025-05-26 04:42:36.000000000,Chat,Refund Request,High,Agent_04,4.71,3.0,Resolved
TCK-02185,2025-05-27,2025-05-27 04:17:23.999999999,Email,Technical Issue,Low,Agent_11,4.29,,Resolved
TCK-02100,2025-05-27,2025-05-27 02:15:00.000000000,Phone,Product Question,Low,Agent_10,2.25,,Resolved
TCK-02033,2025-05-27,2025-05-27 03:01:12.000000000,Email,Account Access,Medium,Agent_04,3.02,,Resolved
TCK-03126,2025-05-27,2025-05-27 07:39:36.000000000,Email,Technical Issue,Low,Agent_15,7.66,4.0,Reopened
TCK-03693,2025-05-27,2025-05-27 08:53:24.000000000,Email,Technical Issue,Low,Agent_03,8.89,3.0,Resolved
TCK-03651,2025-05-27,2025-05-27 01:14:24.000000000,Social Media,Billing,High,Agent_06,1.24,5.0,Resolved
TCK-04431,2025-05-27,2025-05-27 01:33:00.000000000,Phone,Complaint,High,Agent_04,1.55,,Closed
TCK-02484,2025-05-27,2025-05-27 00:50:24.000000000,Email,Billing,High,Agent_01,0.84,5.0,Closed
TCK-01807,2025-05-27,2025-05-27 04:46:48.000000000,Email,Account Access,Low,Agent_08,4.78,5.0,Resolved
TCK-04944,2025-05-27,2025-05-27 05:44:24.000000000,Chat,Billing,Low,Agent_02,5.74,4.0,Resolved
TCK-03272,2025-05-27,2025-05-27 01:21:36.000000000,Phone,Complaint,High,Agent_18,1.36,4.0,Resolved
TCK-00917,2025-05-27,2025-05-27 05:45:36.000000000,Email,Technical Issue,Low,Agent_08,5.76,5.0,Reopened
TCK-04135,2025-05-27,2025-05-27 05:47:24.000000000,Phone,Technical Issue,Low,Agent_04,5.79,3.0,Resolved
TCK-01262,2025-05-27,2025-05-27 01:25:12.000000000,Chat,Billing,Urgent,Agent_15,1.42,4.0,Resolved
TCK-01916,2025-05-27,2025-05-27 01:45:00.000000000,Phone,Account Access,High,Agent_12,1.75,4.0,Resolved
TCK-04679,2025-05-27,2025-05-27 04:21:36.000000000,Phone,Account Access,Medium,Agent_19,4.36,,Resolved
TCK-03234,2025-05-28,2025-05-28 03:13:12.000000000,Chat,Billing,Medium,Agent_18,3.22,4.0,Closed
TCK-03275,2025-05-28,2025-05-28 06:36:00.000000000,Chat,Billing,Medium,Agent_11,6.6,5.0,Resolved
TCK-02123,2025-05-28,2025-05-28 03:00:00.000000000,Phone,Complaint,Medium,Agent_08,3.0,,Resolved
TCK-04856,2025-05-28,2025-05-28 05:49:12.000000000,Email,Billing,Medium,Agent_02,5.82,,Resolved
TCK-00545,2025-05-28,2025-05-28 04:33:00.000000000,Email,Refund Request,Medium,Agent_11,4.55,3.0,Resolved
TCK-01826,2025-05-28,2025-05-28 05:07:48.000000000,Chat,Account Access,Medium,Agent_11,5.13,,Resolved
TCK-04121,2025-05-28,2025-05-28 11:35:24.000000000,Email,Product Question,Medium,Agent_01,11.59,3.0,Reopened
TCK-02020,2025-05-28,2025-05-28 01:16:48.000000000,Email,Billing,High,Agent_01,1.28,,Resolved
TCK-02706,2025-05-28,2025-05-28 17:50:24.000000000,Email,Product Question,Low,Agent_15,17.84,,Closed
TCK-04606,2025-05-28,2025-05-28 01:03:36.000000000,Social Media,Complaint,High,Agent_02,1.06,4.0,Resolved
TCK-03251,2025-05-28,2025-05-28 00:58:12.000000000,Chat,Billing,Urgent,Agent_08,0.97,,Resolved
TCK-00902,2025-05-28,2025-05-28 03:39:36.000000000,Email,Complaint,High,Agent_17,3.66,4.0,Closed
TCK-03148,2025-05-28,2025-05-28 01:47:24.000000000,Chat,Billing,Urgent,Agent_15,1.79,,Resolved
TCK-02875,2025-05-29,2025-05-29 02:13:48.000000000,Email,Account Access,Low,Agent_04,2.23,,Closed
TCK-02469,2025-05-29,2025-05-29 01:28:48.000000000,Chat,Technical Issue,Medium,Agent_19,1.48,4.0,Resolved
TCK-02036,2025-05-29,2025-05-29 02:57:36.000000000,Phone,Billing,Medium,Agent_17,2.96,4.0,Resolved
TCK-01300,2025-05-29,2025-05-29 03:41:24.000000000,Chat,Complaint,High,Agent_16,3.69,,Resolved
TCK-01091,2025-05-29,2025-05-29 01:39:36.000000000,Phone,Billing,High,Agent_13,1.66,5.0,Resolved
TCK-03445,2025-05-29,2025-05-29 01:59:24.000000000,Phone,Account Access,Low,Agent_02,1.99,5.0,Resolved
TCK-00124,2025-05-29,2025-05-29 03:07:12.000000000,Chat,Product Question,Low,Agent_20,3.12,5.0,Resolved
TCK-03102,2025-05-29,2025-05-29 02:19:48.000000000,Email,Technical Issue,Medium,Agent_10,2.33,5.0,Closed
TCK-01648,2025-05-29,2025-05-29 00:24:00.000000000,Email,Billing,High,Agent_12,0.4,,Resolved
TCK-00647,2025-05-29,2025-05-29 03:13:12.000000000,Email,Product Question,Low,Agent_09,3.22,,Resolved
TCK-01795,2025-05-30,2025-05-30 04:33:36.000000000,Email,Billing,Urgent,Agent_07,4.56,,Resolved
TCK-01835,2025-05-30,2025-05-30 03:12:00.000000000,Chat,Product Question,High,Agent_17,3.2,4.0,Resolved
TCK-00922,2025-05-30,2025-05-30 10:13:48.000000000,Email,Technical Issue,Low,Agent_20,10.23,,Resolved
TCK-01455,2025-05-30,2025-05-30 03:31:12.000000000,Email,Technical Issue,Low,Agent_03,3.52,5.0,Resolved
TCK-03578,2025-05-30,2025-05-30 09:30:36.000000000,Phone,Product Question,Low,Agent_13,9.51,3.0,Resolved
TCK-03613,2025-05-30,2025-05-30 02:37:48.000000000,Phone,Billing,Low,Agent_01,2.63,,Resolved
TCK-03439,2025-05-30,2025-05-30 05:16:12.000000000,Phone,Technical Issue,Low,Agent_15,5.27,,Resolved
TCK-00025,2025-05-30,2025-05-30 11:27:00.000000000,Phone,Account Access,Medium,Agent_04,11.45,2.0,Resolved
TCK-03726,2025-05-30,2025-05-30 06:39:36.000000000,Email,Technical Issue,Low,Agent_09,6.66,3.0,Resolved
TCK-02524,2025-05-30,2025-05-30 02:36:00.000000000,Email,Product Question,Medium,Agent_20,2.6,,Resolved
TCK-03220,2025-05-30,2025-05-30 07:01:48.000000000,Email,Technical Issue,Medium,Agent_14,7.03,4.0,Resolved
TCK-03507,2025-05-30,2025-05-30 02:36:36.000000000,Email,Billing,High,Agent_16,2.61,,Closed
TCK-02152,2025-05-30,2025-05-30 04:06:36.000000000,Email,Refund Request,Low,Agent_02,4.11,4.0,Resolved
TCK-00123,2025-05-30,2025-05-30 05:01:12.000000000,Phone,Technical Issue,Low,Agent_01,5.02,,Closed
TCK-01722,2025-05-30,2025-05-30 07:43:48.000000000,Chat,Technical Issue,Low,Agent_03,7.73,4.0,Resolved
TCK-00333,2025-05-30,2025-05-30 05:02:24.000000000,Chat,Account Access,Low,Agent_10,5.04,,Resolved
TCK-00104,2025-05-30,2025-05-30 02:44:24.000000000,Chat,Billing,Medium,Agent_04,2.74,,Resolved
TCK-03725,2025-05-31,2025-05-31 03:07:12.000000000,Email,Complaint,Low,Agent_02,3.12,4.0,Resolved
TCK-00456,2025-05-31,2025-05-31 07:39:00.000000000,Chat,Complaint,Low,Agent_15,7.65,3.0,Resolved
TCK-01848,2025-05-31,2025-05-31 02:22:12.000000000,Phone,Complaint,High,Agent_12,2.37,5.0,Resolved
TCK-03232,2025-05-31,2025-05-31 03:02:24.000000000,Email,Technical Issue,High,Agent_16,3.04,3.0,Resolved
TCK-03658,2025-05-31,2025-05-31 02:55:12.000000000,Email,Product Question,Medium,Agent_17,2.92,4.0,Resolved
TCK-01679,2025-05-31,2025-05-31 02:13:48.000000000,Email,Technical Issue,High,Agent_06,2.23,,Closed
TCK-03376,2025-05-31,2025-05-31 06:40:12.000000000,Chat,Refund Request,High,Agent_17,6.67,3.0,Closed
TCK-00867,2025-05-31,2025-05-31 03:32:24.000000000,Phone,Refund Request,Low,Agent_05,3.54,,Resolved
TCK-04837,2025-05-31,2025-05-31 06:52:12.000000000,Phone,Refund Request,Medium,Agent_01,6.87,,Resolved
TCK-02317,2025-05-31,2025-05-31 04:17:23.999999999,Email,Billing,Medium,Agent_11,4.29,3.0,Resolved
TCK-04005,2025-05-31,2025-05-31 02:42:36.000000000,Email,Complaint,Medium,Agent_08,2.71,,Resolved
TCK-00920,2025-05-31,2025-05-31 02:49:48.000000000,Phone,Billing,Low,Agent_03,2.83,,Resolved
TCK-04107,2025-05-31,2025-05-31 04:09:36.000000000,Phone,Technical Issue,Low,Agent_06,4.16,4.0,Resolved
TCK-04314,2025-05-31,2025-05-31 03:24:36.000000000,Social Media,Technical Issue,High,Agent_13,3.41,4.0,Closed
TCK-01212,2025-05-31,2025-05-31 02:22:12.000000000,Chat,Account Access,Medium,Agent_11,2.37,4.0,Closed
TCK-02709,2025-06-01,2025-06-01 02:25:12.000000000,Email,Billing,Low,Agent_06,2.42,4.0,Resolved
TCK-01445,2025-06-01,2025-06-01 01:28:12.000000000,Email,Technical Issue,High,Agent_05,1.47,,Resolved
TCK-01269,2025-06-01,2025-06-01 07:09:00.000000000,Email,Technical Issue,Low,Agent_20,7.15,3.0,Resolved
TCK-03421,2025-06-01,2025-06-01 02:19:48.000000000,Phone,Product Question,Medium,Agent_20,2.33,5.0,Resolved
TCK-03245,2025-06-01,2025-06-01 08:36:00.000000000,Phone,Account Access,Medium,Agent_07,8.6,3.0,Resolved
TCK-01151,2025-06-01,2025-06-01 02:40:12.000000000,Email,Billing,High,Agent_11,2.67,,Resolved
TCK-03515,2025-06-01,2025-06-01 11:18:36.000000000,Social Media,Complaint,Low,Agent_13,11.31,2.0,Resolved
TCK-03949,2025-06-01,2025-06-01 07:16:48.000000000,Social Media,Complaint,Medium,Agent_17,7.28,4.0,Resolved
TCK-00208,2025-06-01,2025-06-01 08:25:48.000000000,Email,Technical Issue,Medium,Agent_14,8.43,,Resolved
TCK-03846,2025-06-01,2025-06-01 10:59:24.000000000,Email,Refund Request,Low,Agent_07,10.99,3.0,Resolved
TCK-01977,2025-06-01,2025-06-01 01:31:12.000000000,Phone,Billing,Urgent,Agent_16,1.52,4.0,Resolved
TCK-01544,2025-06-01,2025-06-01 04:10:12.000000000,Phone,Product Question,Medium,Agent_08,4.17,4.0,Resolved
TCK-01003,2025-06-01,2025-06-01 02:27:36.000000000,Email,Refund Request,Medium,Agent_12,2.46,,Resolved
TCK-04406,2025-06-01,2025-06-01 01:35:24.000000000,Email,Technical Issue,Urgent,Agent_07,1.59,4.0,Resolved
TCK-04173,2025-06-01,2025-06-01 01:37:48.000000000,Chat,Billing,Medium,Agent_14,1.63,3.0,Resolved
TCK-02433,2025-06-01,2025-06-01 05:19:12.000000000,Email,Complaint,Medium,Agent_09,5.32,,Resolved
TCK-01595,2025-06-01,2025-06-01 03:46:48.000000000,Chat,Technical Issue,Medium,Agent_04,3.78,4.0,Resolved
TCK-03990,2025-06-01,2025-06-01 04:09:00.000000000,Phone,Technical Issue,Low,Agent_05,4.15,,Resolved
TCK-00532,2025-06-01,2025-06-01 00:48:36.000000000,Email,Product Question,High,Agent_05,0.81,5.0,Closed
TCK-04278,2025-06-01,2025-06-01 10:03:36.000000000,Email,Technical Issue,Medium,Agent_07,10.06,2.0,Resolved
TCK-00692,2025-06-02,2025-06-02 02:07:12.000000000,Phone,Refund Request,Medium,Agent_12,2.12,,Closed
TCK-02658,2025-06-02,2025-06-02 12:33:36.000000000,Email,Product Question,Low,Agent_20,12.56,3.0,Resolved
TCK-02455,2025-06-02,2025-06-02 12:10:12.000000000,Phone,Account Access,Low,Agent_12,12.17,3.0,Closed
TCK-04696,2025-06-02,2025-06-02 01:51:00.000000000,Email,Billing,Medium,Agent_05,1.85,,Resolved
TCK-00932,2025-06-02,2025-06-02 05:51:00.000000000,Phone,Billing,Medium,Agent_07,5.85,4.0,Resolved
TCK-00889,2025-06-02,2025-06-02 07:01:48.000000000,Phone,Complaint,Low,Agent_19,7.03,4.0,Resolved
TCK-03884,2025-06-02,2025-06-02 02:16:12.000000000,Phone,Billing,Medium,Agent_17,2.27,,Resolved
TCK-01039,2025-06-02,2025-06-02 05:40:48.000000000,Phone,Technical Issue,High,Agent_13,5.68,3.0,Resolved
TCK-00424,2025-06-02,2025-06-02 02:28:48.000000000,Email,Account Access,High,Agent_02,2.48,3.0,Resolved
TCK-01440,2025-06-02,2025-06-02 12:25:12.000000000,Email,Account Access,Low,Agent_01,12.42,3.0,Resolved
TCK-02380,2025-06-02,2025-06-02 03:25:48.000000000,Chat,Refund Request,Medium,Agent_16,3.43,3.0,Resolved
TCK-00584,2025-06-02,2025-06-02 03:28:12.000000000,Chat,Product Question,Medium,Agent_18,3.47,,Resolved
TCK-04302,2025-06-02,2025-06-02 01:48:36.000000000,Chat,Technical Issue,Urgent,Agent_03,1.81,,Resolved
TCK-00125,2025-06-02,2025-06-02 02:36:36.000000000,Email,Product Question,Medium,Agent_18,2.61,4.0,Reopened
TCK-01185,2025-06-02,2025-06-02 05:40:48.000000000,Email,Technical Issue,Low,Agent_09,5.68,3.0,Resolved
TCK-00385,2025-06-02,2025-06-02 05:10:12.000000000,Email,Refund Request,Low,Agent_05,5.17,4.0,Resolved
TCK-00235,2025-06-02,2025-06-02 01:09:00.000000000,Chat,Technical Issue,High,Agent_10,1.15,5.0,Reopened
TCK-04786,2025-06-02,2025-06-02 02:06:00.000000000,Phone,Technical Issue,High,Agent_05,2.1,5.0,Closed
TCK-04211,2025-06-02,2025-06-02 07:12:36.000000000,Chat,Complaint,Low,Agent_01,7.21,3.0,Resolved
TCK-02250,2025-06-02,2025-06-02 09:46:12.000000000,Phone,Billing,Low,Agent_13,9.77,4.0,Closed
TCK-02922,2025-06-03,2025-06-03 01:16:12.000000000,Chat,Technical Issue,High,Agent_09,1.27,,Resolved
TCK-02030,2025-06-03,2025-06-03 03:17:23.999999999,Email,Billing,Low,Agent_07,3.29,5.0,Resolved
TCK-01145,2025-06-03,2025-06-03 04:35:24.000000000,Email,Billing,High,Agent_10,4.59,4.0,Resolved
TCK-03169,2025-06-03,2025-06-03 20:01:48.000000000,Chat,Technical Issue,Low,Agent_15,20.03,3.0,Resolved
TCK-01334,2025-06-03,2025-06-03 07:30:00.000000000,Email,Account Access,Medium,Agent_08,7.5,,Resolved
TCK-03523,2025-06-03,2025-06-03 10:46:12.000000000,Chat,Product Question,Low,Agent_08,10.77,,Resolved
TCK-01638,2025-06-03,2025-06-03 04:42:36.000000000,Email,Billing,High,Agent_17,4.71,,Closed
TCK-04028,2025-06-03,2025-06-03 03:51:00.000000000,Phone,Technical Issue,Medium,Agent_15,3.85,,Resolved
TCK-04522,2025-06-03,2025-06-03 01:34:47.999999999,Email,Complaint,High,Agent_17,1.58,5.0,Resolved
TCK-04984,2025-06-03,2025-06-03 14:47:24.000000000,Email,Complaint,Medium,Agent_18,14.79,2.0,Resolved
TCK-04619,2025-06-03,2025-06-03 02:38:24.000000000,Phone,Complaint,Medium,Agent_15,2.64,4.0,Resolved
TCK-02301,2025-06-04,2025-06-04 04:19:12.000000000,Phone,Complaint,Low,Agent_18,4.32,4.0,Reopened
TCK-02436,2025-06-04,2025-06-04 05:10:48.000000000,Email,Technical Issue,Medium,Agent_14,5.18,,Resolved
TCK-02210,2025-06-04,2025-06-04 07:07:12.000000000,Email,Refund Request,Medium,Agent_08,7.12,3.0,Resolved
TCK-03031,2025-06-04,2025-06-04 04:13:48.000000000,Email,Refund Request,Medium,Agent_17,4.23,4.0,Resolved
TCK-03731,2025-06-04,2025-06-04 03:39:00.000000000,Chat,Technical Issue,Low,Agent_20,3.65,4.0,Resolved
TCK-02184,2025-06-04,2025-06-04 06:24:00.000000000,Email,Technical Issue,Low,Agent_14,6.4,3.0,Closed
TCK-03527,2025-06-04,2025-06-04 02:58:12.000000000,Email,Complaint,Medium,Agent_01,2.97,4.0,Resolved
TCK-01019,2025-06-04,2025-06-04 08:03:36.000000000,Email,Billing,Low,Agent_03,8.06,,Closed
TCK-02885,2025-06-04,2025-06-04 03:19:12.000000000,Phone,Technical Issue,Medium,Agent_02,3.32,4.0,Resolved
TCK-00737,2025-06-04,2025-06-04 04:52:48.000000000,Email,Product Question,Medium,Agent_13,4.88,3.0,Resolved
TCK-03329,2025-06-04,2025-06-04 04:36:00.000000000,Email,Product Question,Urgent,Agent_07,4.6,,Resolved
TCK-04090,2025-06-04,2025-06-04 02:21:36.000000000,Email,Billing,High,Agent_03,2.36,,Resolved
TCK-01801,2025-06-05,2025-06-05 10:43:48.000000000,Chat,Product Question,Medium,Agent_04,10.73,2.0,Resolved
TCK-04288,2025-06-05,2025-06-05 06:15:00.000000000,Social Media,Account Access,Low,Agent_10,6.25,,Resolved
TCK-02968,2025-06-05,2025-06-05 14:29:24.000000000,Email,Billing,Medium,Agent_06,14.49,2.0,Resolved
TCK-04296,2025-06-05,2025-06-05 01:27:00.000000000,Email,Product Question,Medium,Agent_07,1.45,,Resolved
TCK-02236,2025-06-05,2025-06-05 01:29:24.000000000,Phone,Technical Issue,High,Agent_17,1.49,5.0,Resolved
TCK-03629,2025-06-05,2025-06-05 03:50:24.000000000,Chat,Billing,Low,Agent_06,3.84,3.0,Resolved
TCK-04670,2025-06-05,2025-06-05 08:25:12.000000000,Phone,Billing,Low,Agent_04,8.42,3.0,Resolved
TCK-00460,2025-06-05,2025-06-05 02:18:36.000000000,Chat,Technical Issue,High,Agent_09,2.31,4.0,Closed
TCK-03995,2025-06-05,2025-06-05 06:11:24.000000000,Email,Technical Issue,Low,Agent_14,6.19,4.0,Resolved
TCK-02654,2025-06-05,2025-06-05 00:37:48.000000000,Email,Billing,High,Agent_18,0.63,4.0,Resolved
TCK-01293,2025-06-05,2025-06-05 07:24:36.000000000,Phone,Account Access,Medium,Agent_12,7.41,,Resolved
TCK-01397,2025-06-05,2025-06-05 04:23:24.000000000,Phone,Account Access,Low,Agent_10,4.39,3.0,Resolved
TCK-04151,2025-06-06,2025-06-06 03:21:36.000000000,Email,Technical Issue,Urgent,Agent_19,3.36,4.0,Resolved
TCK-04480,2025-06-06,2025-06-06 02:31:48.000000000,Phone,Account Access,Medium,Agent_12,2.53,4.0,Resolved
TCK-04630,2025-06-06,2025-06-06 06:06:00.000000000,Phone,Account Access,Low,Agent_17,6.1,4.0,Resolved
TCK-02720,2025-06-06,2025-06-06 01:54:00.000000000,Phone,Technical Issue,Low,Agent_10,1.9,5.0,Resolved
TCK-00507,2025-06-06,2025-06-06 12:24:36.000000000,Email,Technical Issue,Medium,Agent_17,12.41,2.0,Resolved
TCK-03178,2025-06-06,2025-06-06 11:33:00.000000000,Chat,Account Access,Low,Agent_17,11.55,4.0,Resolved
TCK-02950,2025-06-06,2025-06-06 05:14:24.000000000,Email,Technical Issue,Low,Agent_09,5.24,4.0,Resolved
TCK-01647,2025-06-06,2025-06-06 02:05:24.000000000,Email,Account Access,Medium,Agent_14,2.09,,Resolved
TCK-04703,2025-06-06,2025-06-06 06:05:24.000000000,Phone,Product Question,Low,Agent_09,6.09,2.0,Closed
TCK-03735,2025-06-06,2025-06-06 10:43:12.000000000,Chat,Technical Issue,Low,Agent_14,10.72,3.0,Reopened
TCK-00914,2025-06-06,2025-06-06 07:55:48.000000000,Email,Account Access,Medium,Agent_13,7.93,,Resolved
TCK-02722,2025-06-07,2025-06-07 05:39:36.000000000,Email,Billing,High,Agent_07,5.66,,Resolved
TCK-03133,2025-06-07,2025-06-07 01:56:24.000000000,Phone,Complaint,High,Agent_08,1.94,4.0,Resolved
TCK-00198,2025-06-07,2025-06-07 10:40:48.000000000,Social Media,Complaint,Medium,Agent_19,10.68,3.0,Resolved
TCK-03180,2025-06-07,2025-06-07 03:54:00.000000000,Email,Complaint,Low,Agent_05,3.9,,Resolved
TCK-04576,2025-06-07,2025-06-07 04:18:36.000000000,Email,Technical Issue,Medium,Agent_14,4.31,4.0,Resolved
TCK-00433,2025-06-07,2025-06-07 19:33:36.000000000,Email,Complaint,Low,Agent_04,19.56,,Closed
TCK-02526,2025-06-07,2025-06-07 03:16:48.000000000,Social Media,Technical Issue,High,Agent_04,3.28,4.0,Closed
TCK-03636,2025-06-07,2025-06-07 02:16:12.000000000,Email,Billing,High,Agent_19,2.27,5.0,Resolved
TCK-01701,2025-06-07,2025-06-07 02:28:12.000000000,Email,Refund Request,Medium,Agent_04,2.47,4.0,Resolved
TCK-01456,2025-06-07,2025-06-07 02:13:48.000000000,Email,Billing,High,Agent_12,2.23,4.0,Resolved
TCK-00954,2025-06-07,2025-06-07 05:43:48.000000000,Email,Billing,Low,Agent_13,5.73,,Resolved
TCK-01113,2025-06-07,2025-06-07 05:34:11.999999999,Phone,Billing,High,Agent_10,5.57,,Reopened
TCK-00755,2025-06-07,2025-06-07 04:14:24.000000000,Phone,Technical Issue,Medium,Agent_03,4.24,4.0,Resolved
TCK-01060,2025-06-08,2025-06-08 10:24:00.000000000,Email,Billing,Low,Agent_11,10.4,4.0,Resolved
TCK-02621,2025-06-08,2025-06-08 03:56:24.000000000,Phone,Billing,Medium,Agent_17,3.94,4.0,Reopened
TCK-00051,2025-06-08,2025-06-08 01:37:48.000000000,Email,Product Question,Medium,Agent_05,1.63,4.0,Resolved
TCK-02959,2025-06-08,2025-06-08 03:01:12.000000000,Phone,Billing,Low,Unknown,3.02,5.0,Closed
TCK-00367,2025-06-08,2025-06-08 11:33:36.000000000,Email,Technical Issue,Low,Agent_14,11.56,,Resolved
TCK-04244,2025-06-08,2025-06-08 06:22:48.000000000,Phone,Billing,Low,Agent_09,6.38,4.0,Resolved
TCK-01967,2025-06-08,2025-06-08 10:14:24.000000000,Chat,Account Access,Low,Agent_03,10.24,2.0,Resolved
TCK-02894,2025-06-08,2025-06-08 03:16:12.000000000,Email,Account Access,Medium,Agent_16,3.27,,Resolved
TCK-00314,2025-06-08,2025-06-08 03:09:36.000000000,Chat,Product Question,Low,Agent_17,3.16,4.0,Resolved
TCK-01404,2025-06-08,2025-06-08 02:14:24.000000000,Chat,Technical Issue,Urgent,Agent_16,2.24,4.0,Resolved
TCK-00581,2025-06-08,2025-06-08 01:59:24.000000000,Social Media,Billing,Low,Agent_15,1.99,5.0,Resolved
TCK-01884,2025-06-08,2025-06-08 07:05:24.000000000,Email,Technical Issue,Medium,Agent_08,7.09,4.0,Resolved
TCK-00115,2025-06-08,2025-06-08 10:54:36.000000000,Phone,Billing,Low,Agent_17,10.91,4.0,Resolved
TCK-03579,2025-06-08,2025-06-08 05:22:48.000000000,Phone,Billing,Medium,Agent_07,5.38,3.0,Resolved
TCK-03285,2025-06-08,2025-06-08 03:03:00.000000000,Phone,Account Access,Medium,Agent_18,3.05,3.0,Resolved
TCK-00395,2025-06-08,2025-06-08 03:31:12.000000000,Phone,Complaint,Low,Agent_01,3.52,3.0,Resolved
TCK-00593,2025-06-08,2025-06-08 02:02:24.000000000,Phone,Refund Request,Low,Agent_01,2.04,4.0,Resolved
TCK-02677,2025-06-08,2025-06-08 01:48:00.000000000,Email,Billing,High,Agent_17,1.8,,Resolved
TCK-03221,2025-06-08,2025-06-08 06:32:24.000000000,Phone,Refund Request,Medium,Agent_16,6.54,5.0,Resolved
TCK-00042,2025-06-09,2025-06-09 09:42:36.000000000,Phone,Technical Issue,Low,Agent_19,9.71,,Resolved
TCK-01952,2025-06-09,2025-06-09 05:34:47.999999999,Email,Billing,Low,Agent_14,5.58,,Resolved
TCK-04838,2025-06-09,2025-06-09 01:36:00.000000000,Email,Technical Issue,Medium,Agent_08,1.6,,Closed
TCK-02876,2025-06-09,2025-06-09 03:09:36.000000000,Email,Technical Issue,High,Agent_01,3.16,4.0,Resolved
TCK-02801,2025-06-09,2025-06-09 08:52:48.000000000,Email,Complaint,Medium,Agent_03,8.88,,Resolved
TCK-04725,2025-06-09,2025-06-09 02:10:12.000000000,Phone,Complaint,High,Agent_06,2.17,,Closed
TCK-04570,2025-06-09,2025-06-09 01:50:24.000000000,Email,Account Access,Medium,Agent_02,1.84,,Resolved
TCK-00100,2025-06-09,2025-06-09 03:33:36.000000000,Chat,Complaint,Urgent,Agent_14,3.56,,Resolved
TCK-02278,2025-06-09,2025-06-09 08:22:12.000000000,Phone,Technical Issue,Low,Agent_08,8.37,3.0,Resolved
TCK-02914,2025-06-09,2025-06-09 02:34:47.999999999,Email,Technical Issue,High,Agent_03,2.58,,Resolved
TCK-03853,2025-06-09,2025-06-09 01:55:12.000000000,Social Media,Billing,High,Agent_20,1.92,5.0,Resolved
TCK-00716,2025-06-09,2025-06-09 10:42:00.000000000,Email,Billing,Low,Agent_19,10.7,3.0,Closed
TCK-00999,2025-06-09,2025-06-09 03:30:00.000000000,Phone,Account Access,Medium,Agent_17,3.5,,Resolved
TCK-00081,2025-06-10,2025-06-10 07:04:48.000000000,Email,Refund Request,Medium,Agent_15,7.08,,Resolved
TCK-03085,2025-06-10,2025-06-10 05:04:48.000000000,Phone,Technical Issue,Medium,Agent_03,5.08,4.0,Resolved
TCK-03988,2025-06-10,2025-06-10 04:25:12.000000000,Email,Billing,Low,Agent_18,4.42,5.0,Resolved
TCK-03064,2025-06-10,2025-06-10 06:41:24.000000000,Phone,Technical Issue,Low,Agent_04,6.69,4.0,Resolved
TCK-02095,2025-06-10,2025-06-10 02:01:12.000000000,Email,Billing,High,Agent_18,2.02,,Resolved
TCK-02525,2025-06-10,2025-06-10 03:58:12.000000000,Email,Technical Issue,Medium,Agent_12,3.97,4.0,Resolved
TCK-03584,2025-06-10,2025-06-10 04:10:12.000000000,Chat,Account Access,Medium,Agent_17,4.17,3.0,Resolved
TCK-01378,2025-06-10,2025-06-10 01:30:36.000000000,Email,Technical Issue,Low,Agent_02,1.51,,Resolved
TCK-03704,2025-06-10,2025-06-10 02:02:24.000000000,Email,Technical Issue,High,Agent_20,2.04,4.0,Resolved
TCK-03041,2025-06-10,2025-06-10 05:50:24.000000000,Chat,Technical Issue,Low,Agent_18,5.84,3.0,Resolved
TCK-03511,2025-06-10,2025-06-10 04:52:48.000000000,Email,Technical Issue,High,Agent_12,4.88,3.0,Resolved
TCK-02038,2025-06-10,2025-06-10 00:38:24.000000000,Phone,Account Access,High,Agent_14,0.64,4.0,Closed
TCK-03820,2025-06-10,2025-06-10 02:48:36.000000000,Phone,Technical Issue,Low,Agent_20,2.81,,Resolved
TCK-01180,2025-06-10,2025-06-10 05:24:00.000000000,Email,Billing,Low,Agent_17,5.4,4.0,Resolved
TCK-00258,2025-06-10,2025-06-10 07:22:12.000000000,Phone,Complaint,Low,Agent_09,7.37,3.0,Resolved
TCK-00245,2025-06-11,2025-06-11 03:12:36.000000000,Email,Account Access,Medium,Agent_06,3.21,5.0,Resolved
TCK-01253,2025-06-11,2025-06-11 01:13:48.000000000,Phone,Product Question,Medium,Agent_06,1.23,,Resolved
TCK-02481,2025-06-11,2025-06-11 04:31:48.000000000,Email,Product Question,Low,Agent_03,4.53,2.0,Closed
TCK-03774,2025-06-11,2025-06-11 02:51:00.000000000,Social Media,Account Access,Medium,Agent_17,2.85,4.0,Resolved
TCK-03316,2025-06-11,2025-06-11 09:56:24.000000000,Email,Billing,Medium,Agent_03,9.94,3.0,Resolved
TCK-04489,2025-06-11,2025-06-11 08:02:24.000000000,Email,Product Question,Medium,Agent_16,8.04,2.0,Resolved
TCK-00760,2025-06-11,2025-06-11 04:15:36.000000000,Email,Technical Issue,Medium,Agent_09,4.26,,Closed
TCK-00895,2025-06-11,2025-06-11 09:46:12.000000000,Email,Billing,Low,Agent_07,9.77,,Resolved
TCK-04376,2025-06-11,2025-06-11 01:34:11.999999999,Email,Billing,High,Agent_17,1.57,,Resolved
TCK-02117,2025-06-11,2025-06-11 03:26:24.000000000,Email,Account Access,Medium,Agent_13,3.44,,Resolved
TCK-03449,2025-06-11,2025-06-11 02:31:48.000000000,Phone,Account Access,Low,Agent_05,2.53,4.0,Resolved
TCK-02762,2025-06-12,2025-06-12 10:19:48.000000000,Email,Complaint,Low,Agent_15,10.33,,Resolved
TCK-04054,2025-06-12,2025-06-12 11:54:00.000000000,Phone,Complaint,Low,Agent_12,11.9,3.0,Resolved
TCK-01689,2025-06-12,2025-06-12 05:48:00.000000000,Email,Technical Issue,Low,Agent_11,5.8,4.0,Resolved
TCK-00883,2025-06-12,2025-06-12 01:53:24.000000000,Phone,Account Access,Medium,Agent_06,1.89,4.0,Closed
TCK-04902,2025-06-12,2025-06-12 02:52:12.000000000,Email,Technical Issue,Medium,Agent_19,2.87,3.0,Resolved
TCK-01223,2025-06-12,2025-06-12 02:40:12.000000000,Chat,Billing,Medium,Agent_05,2.67,,Resolved
TCK-03964,2025-06-12,2025-06-12 06:06:36.000000000,Phone,Product Question,Low,Agent_02,6.11,4.0,Closed
TCK-00649,2025-06-12,2025-06-12 07:20:24.000000000,Email,Technical Issue,Medium,Agent_20,7.34,3.0,Resolved
TCK-00007,2025-06-12,2025-06-12 01:40:12.000000000,Chat,Product Question,Medium,Agent_13,1.67,4.0,Resolved
TCK-03740,2025-06-12,2025-06-12 02:24:36.000000000,Email,Technical Issue,High,Agent_07,2.41,4.0,Resolved
TCK-03772,2025-06-12,2025-06-12 21:07:12.000000000,Chat,Technical Issue,Low,Agent_17,21.12,2.0,Closed
TCK-03561,2025-06-12,2025-06-12 17:45:36.000000000,Email,Product Question,Low,Agent_11,17.76,1.0,Reopened
TCK-00829,2025-06-12,2025-06-12 01:46:48.000000000,Chat,Billing,Medium,Agent_09,1.78,5.0,Resolved
TCK-02820,2025-06-12,2025-06-12 10:06:00.000000000,Email,Product Question,Medium,Agent_08,10.1,4.0,Resolved
TCK-00146,2025-06-12,2025-06-12 04:00:00.000000000,Chat,Technical Issue,Medium,Agent_03,4.0,,Resolved
TCK-04425,2025-06-12,2025-06-12 00:45:36.000000000,Email,Billing,High,Agent_12,0.76,3.0,Closed
TCK-02106,2025-06-12,2025-06-12 03:34:47.999999999,Phone,Product Question,Low,Agent_09,3.58,5.0,Resolved
TCK-04257,2025-06-12,2025-06-12 04:19:12.000000000,Email,Billing,Medium,Agent_04,4.32,2.0,Closed
TCK-04505,2025-06-12,2025-06-13 07:22:12.000000000,Email,Product Question,Low,Agent_12,31.37,,Resolved
TCK-01433,2025-06-13,2025-06-13 03:21:36.000000000,Chat,Technical Issue,High,Agent_10,3.36,5.0,Resolved
TCK-04104,2025-06-13,2025-06-13 12:37:12.000000000,Email,Product Question,Medium,Agent_16,12.62,,Resolved
TCK-03516,2025-06-13,2025-06-13 06:17:23.999999999,Chat,Complaint,High,Agent_09,6.29,4.0,Closed
TCK-00227,2025-06-13,2025-06-13 04:55:12.000000000,Email,Account Access,High,Agent_09,4.92,,Resolved
TCK-02695,2025-06-13,2025-06-13 13:57:00.000000000,Email,Product Question,Low,Agent_13,13.95,,Resolved
TCK-03707,2025-06-13,2025-06-13 03:00:00.000000000,Phone,Technical Issue,Urgent,Agent_04,3.0,3.0,Resolved
TCK-01279,2025-06-13,2025-06-13 05:49:12.000000000,Email,Billing,Low,Agent_08,5.82,,Closed
TCK-02342,2025-06-13,2025-06-13 08:47:24.000000000,Chat,Account Access,Medium,Agent_06,8.79,5.0,Resolved
TCK-00179,2025-06-13,2025-06-13 01:12:00.000000000,Email,Billing,High,Agent_13,1.2,,Resolved
TCK-01144,2025-06-13,2025-06-13 01:21:00.000000000,Phone,Refund Request,Medium,Agent_13,1.35,3.0,Reopened
TCK-00843,2025-06-13,2025-06-13 12:58:12.000000000,Phone,Technical Issue,Low,Agent_05,12.97,,Resolved
TCK-01603,2025-06-13,2025-06-13 03:13:48.000000000,Chat,Complaint,Medium,Agent_14,3.23,,Closed
TCK-04282,2025-06-13,2025-06-13 06:46:48.000000000,Phone,Technical Issue,Medium,Agent_09,6.78,4.0,Resolved
TCK-01052,2025-06-13,2025-06-13 09:11:24.000000000,Email,Refund Request,Low,Agent_03,9.19,2.0,Resolved
TCK-03040,2025-06-13,2025-06-13 02:13:48.000000000,Email,Complaint,Urgent,Agent_16,2.23,4.0,Resolved
TCK-03576,2025-06-13,2025-06-13 04:37:48.000000000,Email,Complaint,Low,Agent_04,4.63,4.0,Resolved
TCK-01333,2025-06-14,2025-06-14 10:03:36.000000000,Email,Billing,Low,Agent_11,10.06,,Reopened
TCK-03460,2025-06-14,2025-06-14 00:48:00.000000000,Phone,Account Access,Urgent,Agent_03,0.8,4.0,Resolved
TCK-02177,2025-06-14,2025-06-14 06:52:12.000000000,Email,Technical Issue,Low,Agent_03,6.87,5.0,Resolved
TCK-00174,2025-06-14,2025-06-14 03:11:24.000000000,Social Media,Technical Issue,Low,Agent_17,3.19,5.0,Closed
TCK-01291,2025-06-14,2025-06-14 07:24:36.000000000,Phone,Complaint,Low,Agent_16,7.41,3.0,Closed
TCK-03103,2025-06-14,2025-06-15 03:58:48.000000000,Phone,Complaint,Low,Agent_15,27.98,,Resolved
TCK-01017,2025-06-14,2025-06-14 02:01:12.000000000,Email,Billing,Medium,Agent_15,2.02,,Resolved
TCK-01850,2025-06-14,2025-06-14 02:51:36.000000000,Email,Product Question,High,Agent_17,2.86,5.0,Resolved
TCK-02395,2025-06-14,2025-06-14 08:08:24.000000000,Email,Technical Issue,Low,Agent_11,8.14,2.0,Resolved
TCK-04187,2025-06-14,2025-06-14 03:46:12.000000000,Email,Account Access,Low,Agent_11,3.77,,Resolved
TCK-04719,2025-06-14,2025-06-14 03:22:48.000000000,Phone,Refund Request,Low,Agent_11,3.38,,Resolved
TCK-03941,2025-06-14,2025-06-14 10:34:11.999999999,Email,Technical Issue,Low,Agent_16,10.57,2.0,Resolved
TCK-03626,2025-06-14,2025-06-14 07:22:48.000000000,Phone,Product Question,Low,Agent_15,7.38,,Resolved
TCK-01879,2025-06-14,2025-06-14 03:22:48.000000000,Email,Product Question,Low,Agent_16,3.38,4.0,Resolved
TCK-03777,2025-06-14,2025-06-14 06:58:12.000000000,Chat,Product Question,Low,Agent_01,6.97,,Resolved
TCK-02000,2025-06-14,2025-06-14 07:08:24.000000000,Email,Billing,Medium,Agent_07,7.14,4.0,Reopened
TCK-02538,2025-06-14,2025-06-14 01:19:12.000000000,Phone,Technical Issue,High,Agent_20,1.32,,Closed
TCK-01526,2025-06-15,2025-06-15 17:13:48.000000000,Email,Billing,Low,Agent_19,17.23,3.0,Resolved
TCK-01813,2025-06-15,2025-06-15 07:55:48.000000000,Email,Technical Issue,Low,Agent_15,7.93,,Closed
TCK-02605,2025-06-15,2025-06-15 09:14:24.000000000,Phone,Billing,Medium,Agent_01,9.24,2.0,Resolved
TCK-03547,2025-06-15,2025-06-15 06:56:24.000000000,Phone,Complaint,Low,Agent_05,6.94,4.0,Resolved
TCK-02297,2025-06-15,2025-06-15 03:00:00.000000000,Email,Billing,High,Agent_06,3.0,,Resolved
TCK-01328,2025-06-15,2025-06-15 10:24:36.000000000,Phone,Account Access,Low,Agent_17,10.41,3.0,Resolved
TCK-04066,2025-06-15,2025-06-15 07:02:24.000000000,Email,Refund Request,Low,Agent_12,7.04,4.0,Resolved
TCK-00752,2025-06-15,2025-06-15 02:53:24.000000000,Phone,Billing,Medium,Agent_19,2.89,,Resolved
TCK-00466,2025-06-15,2025-06-15 02:17:23.999999999,Email,Technical Issue,Medium,Agent_19,2.29,5.0,Closed
TCK-03357,2025-06-15,2025-06-15 11:34:11.999999999,Phone,Technical Issue,High,Agent_04,11.57,1.0,Resolved
TCK-03985,2025-06-15,2025-06-15 02:26:24.000000000,Chat,Complaint,Medium,Agent_19,2.44,4.0,Reopened
TCK-04404,2025-06-15,2025-06-15 02:28:48.000000000,Phone,Product Question,Medium,Agent_17,2.48,,Resolved
TCK-00793,2025-06-15,2025-06-15 12:21:00.000000000,Phone,Billing,Low,Agent_17,12.35,2.0,Resolved
TCK-03413,2025-06-15,2025-06-15 04:02:24.000000000,Email,Product Question,Low,Agent_03,4.04,,Resolved
TCK-02007,2025-06-15,2025-06-15 02:30:00.000000000,Phone,Account Access,High,Agent_15,2.5,4.0,Resolved
TCK-02351,2025-06-15,2025-06-15 03:43:48.000000000,Email,Billing,Medium,Agent_12,3.73,,Resolved
TCK-04007,2025-06-15,2025-06-15 09:40:12.000000000,Email,Billing,Low,Agent_09,9.67,3.0,Resolved
TCK-01763,2025-06-15,2025-06-15 05:14:24.000000000,Phone,Technical Issue,Medium,Agent_07,5.24,2.0,Resolved
TCK-02165,2025-06-15,2025-06-15 04:26:24.000000000,Social Media,Billing,Medium,Agent_05,4.44,,Resolved
TCK-02203,2025-06-15,2025-06-15 03:22:12.000000000,Email,Technical Issue,Medium,Agent_11,3.37,,Resolved
TCK-04384,2025-06-16,2025-06-16 01:18:36.000000000,Email,Technical Issue,High,Agent_01,1.31,,Resolved
TCK-00497,2025-06-16,2025-06-16 02:24:00.000000000,Chat,Product Question,Medium,Agent_20,2.4,5.0,Resolved
TCK-00831,2025-06-16,2025-06-16 01:38:24.000000000,Email,Complaint,Medium,Agent_16,1.64,,Closed
TCK-00165,2025-06-16,2025-06-16 02:22:48.000000000,Email,Billing,Low,Agent_07,2.38,4.0,Resolved
TCK-02805,2025-06-16,2025-06-16 03:40:48.000000000,Email,Technical Issue,High,Agent_09,3.68,,Closed
TCK-01418,2025-06-16,2025-06-16 04:20:24.000000000,Phone,Billing,Low,Agent_01,4.34,,Resolved
TCK-02140,2025-06-16,2025-06-16 08:39:00.000000000,Email,Technical Issue,Low,Agent_01,8.65,3.0,Closed
TCK-00182,2025-06-16,2025-06-16 02:00:00.000000000,Phone,Account Access,Medium,Agent_01,2.0,5.0,Resolved
TCK-02951,2025-06-16,2025-06-16 05:36:36.000000000,Phone,Technical Issue,Low,Agent_16,5.61,4.0,Resolved
TCK-03844,2025-06-16,2025-06-16 07:36:36.000000000,Email,Technical Issue,Medium,Agent_04,7.61,4.0,Resolved
TCK-01703,2025-06-16,2025-06-16 01:56:24.000000000,Email,Technical Issue,High,Agent_06,1.94,5.0,Resolved
TCK-02806,2025-06-16,2025-06-16 03:38:24.000000000,Email,Billing,Low,Agent_19,3.64,,Closed
TCK-04010,2025-06-16,2025-06-16 15:34:11.999999999,Email,Account Access,Low,Agent_17,15.57,,Reopened
TCK-03403,2025-06-16,2025-06-16 07:27:36.000000000,Phone,Product Question,Low,Agent_17,7.46,3.0,Closed
TCK-02976,2025-06-17,2025-06-17 09:11:24.000000000,Email,Complaint,Medium,Agent_12,9.19,,Resolved
TCK-00758,2025-06-17,2025-06-17 00:39:00.000000000,Phone,Product Question,Urgent,Agent_16,0.65,,Resolved
TCK-00295,2025-06-17,2025-06-17 04:33:36.000000000,Email,Account Access,Low,Agent_20,4.56,4.0,Resolved
TCK-00074,2025-06-17,2025-06-17 01:51:36.000000000,Email,Complaint,Medium,Agent_18,1.86,4.0,Resolved
TCK-04139,2025-06-17,2025-06-17 10:18:36.000000000,Chat,Billing,Medium,Agent_12,10.31,2.0,Resolved
TCK-04486,2025-06-17,2025-06-17 03:33:36.000000000,Phone,Technical Issue,Low,Agent_12,3.56,,Resolved
TCK-02467,2025-06-17,2025-06-17 02:49:48.000000000,Phone,Complaint,High,Agent_03,2.83,5.0,Resolved
TCK-01515,2025-06-17,2025-06-17 03:04:12.000000000,Email,Technical Issue,Medium,Agent_06,3.07,4.0,Resolved
TCK-00865,2025-06-17,2025-06-17 01:25:48.000000000,Email,Billing,Medium,Agent_20,1.43,,Resolved
TCK-00876,2025-06-17,2025-06-17 02:13:48.000000000,Chat,Account Access,High,Agent_19,2.23,3.0,Resolved
TCK-01964,2025-06-17,2025-06-17 03:54:00.000000000,Email,Account Access,Low,Agent_16,3.9,4.0,Resolved
TCK-00607,2025-06-18,2025-06-18 11:18:36.000000000,Phone,Technical Issue,Medium,Agent_10,11.31,3.0,Resolved
TCK-02542,2025-06-18,2025-06-18 02:19:48.000000000,Email,Technical Issue,Urgent,Agent_10,2.33,4.0,Resolved
TCK-03092,2025-06-18,2025-06-18 01:01:48.000000000,Phone,Billing,Medium,Agent_14,1.03,5.0,Resolved
TCK-00572,2025-06-18,2025-06-18 05:50:24.000000000,Chat,Billing,Medium,Agent_20,5.84,,Resolved
TCK-02690,2025-06-18,2025-06-18 03:07:48.000000000,Email,Technical Issue,High,Agent_16,3.13,4.0,Resolved
TCK-01173,2025-06-18,2025-06-18 08:27:36.000000000,Email,Billing,Low,Agent_07,8.46,,Resolved
TCK-00136,2025-06-18,2025-06-18 09:52:12.000000000,Chat,Product Question,Medium,Agent_02,9.87,3.0,Closed
TCK-01980,2025-06-18,2025-06-18 02:01:12.000000000,Chat,Technical Issue,High,Agent_20,2.02,,Closed
TCK-00899,2025-06-18,2025-06-18 01:58:48.000000000,Email,Technical Issue,Low,Agent_10,1.98,,Resolved
TCK-02234,2025-06-18,2025-06-18 01:27:00.000000000,Phone,Billing,High,Agent_16,1.45,3.0,Resolved
TCK-04283,2025-06-18,2025-06-18 06:27:00.000000000,Phone,Product Question,Low,Agent_15,6.45,,Resolved
TCK-04982,2025-06-18,2025-06-18 04:00:00.000000000,Phone,Billing,Urgent,Agent_09,4.0,4.0,Resolved
TCK-00033,2025-06-18,2025-06-18 02:11:24.000000000,Phone,Technical Issue,Medium,Agent_06,2.19,3.0,Closed
TCK-04702,2025-06-18,2025-06-18 03:10:48.000000000,Email,Account Access,Low,Agent_08,3.18,4.0,Resolved
TCK-04127,2025-06-18,2025-06-18 06:10:12.000000000,Email,Account Access,Medium,Agent_13,6.17,3.0,Resolved
TCK-00445,2025-06-18,2025-06-18 05:43:12.000000000,Email,Billing,Medium,Agent_13,5.72,3.0,Closed
TCK-01480,2025-06-18,2025-06-18 02:54:36.000000000,Email,Account Access,Medium,Agent_15,2.91,4.0,Resolved
TCK-02149,2025-06-18,2025-06-18 02:45:36.000000000,Chat,Refund Request,Low,Agent_10,2.76,4.0,Resolved
TCK-00191,2025-06-19,2025-06-19 01:46:48.000000000,Social Media,Technical Issue,Medium,Agent_06,1.78,5.0,Closed
TCK-01914,2025-06-19,2025-06-19 02:07:12.000000000,Email,Technical Issue,High,Agent_19,2.12,,Closed
TCK-02425,2025-06-19,2025-06-19 01:03:36.000000000,Phone,Technical Issue,High,Agent_04,1.06,,Resolved
TCK-02369,2025-06-19,2025-06-19 01:57:36.000000000,Email,Billing,High,Agent_10,1.96,3.0,Resolved
TCK-01208,2025-06-19,2025-06-19 01:55:48.000000000,Email,Technical Issue,Medium,Agent_05,1.93,,Resolved
TCK-03591,2025-06-19,2025-06-19 03:06:36.000000000,Email,Technical Issue,High,Agent_08,3.11,,Resolved
TCK-02037,2025-06-19,2025-06-19 09:31:48.000000000,Chat,Technical Issue,Low,Agent_15,9.53,3.0,Resolved
TCK-02314,2025-06-19,2025-06-19 02:06:00.000000000,Phone,Product Question,Low,Agent_13,2.1,,Resolved
TCK-03252,2025-06-19,2025-06-19 07:51:00.000000000,Chat,Technical Issue,Low,Agent_18,7.85,,Resolved
TCK-02676,2025-06-19,2025-06-19 00:59:24.000000000,Social Media,Refund Request,High,Agent_20,0.99,4.0,Resolved
TCK-03914,2025-06-19,2025-06-19 08:20:24.000000000,Chat,Complaint,High,Agent_14,8.34,,Resolved
TCK-01459,2025-06-20,2025-06-20 00:51:36.000000000,Phone,Product Question,Urgent,Agent_02,0.86,,Closed
TCK-00670,2025-06-20,2025-06-20 01:01:12.000000000,Email,Complaint,High,Agent_15,1.02,3.0,Resolved
TCK-03050,2025-06-20,2025-06-20 05:54:00.000000000,Chat,Refund Request,Low,Agent_06,5.9,4.0,Closed
TCK-01035,2025-06-20,2025-06-20 02:18:36.000000000,Email,Product Question,High,Agent_14,2.31,4.0,Reopened
TCK-02487,2025-06-20,2025-06-20 05:49:12.000000000,Chat,Technical Issue,Low,Agent_01,5.82,,Resolved
TCK-03520,2025-06-20,2025-06-20 02:07:48.000000000,Email,Complaint,Low,Agent_12,2.13,,Resolved
TCK-04767,2025-06-20,2025-06-20 01:24:00.000000000,Chat,Account Access,Medium,Agent_07,1.4,3.0,Resolved
TCK-00434,2025-06-20,2025-06-20 08:00:36.000000000,Chat,Billing,Medium,Agent_03,8.01,3.0,Resolved
TCK-01728,2025-06-20,2025-06-20 02:57:36.000000000,Email,Technical Issue,Medium,Agent_13,2.96,,Reopened
TCK-01762,2025-06-20,2025-06-20 02:53:24.000000000,Email,Refund Request,Low,Agent_15,2.89,4.0,Resolved
TCK-04303,2025-06-20,2025-06-20 03:40:48.000000000,Phone,Product Question,Medium,Agent_20,3.68,3.0,Closed
TCK-03622,2025-06-20,2025-06-20 03:25:12.000000000,Email,Technical Issue,Medium,Agent_15,3.42,5.0,Resolved
TCK-03246,2025-06-20,2025-06-20 01:06:00.000000000,Email,Technical Issue,Low,Agent_06,1.1,,Resolved
TCK-04441,2025-06-20,2025-06-20 02:31:48.000000000,Email,Technical Issue,High,Agent_16,2.53,,Resolved
TCK-04827,2025-06-20,2025-06-20 05:55:12.000000000,Email,Billing,Medium,Agent_03,5.92,,Closed
TCK-04140,2025-06-20,2025-06-20 02:09:36.000000000,Email,Refund Request,Medium,Agent_09,2.16,,Resolved
TCK-02604,2025-06-20,2025-06-20 04:57:00.000000000,Phone,Billing,High,Agent_13,4.95,5.0,Resolved
TCK-00237,2025-06-20,2025-06-20 04:08:24.000000000,Chat,Billing,Low,Agent_08,4.14,5.0,Closed
TCK-00014,2025-06-20,2025-06-20 04:41:24.000000000,Email,Billing,Medium,Agent_19,4.69,3.0,Resolved
TCK-00030,2025-06-21,2025-06-21 04:31:12.000000000,Email,Billing,Medium,Agent_03,4.52,4.0,Resolved
TCK-01928,2025-06-21,2025-06-21 04:10:12.000000000,Phone,Account Access,Medium,Agent_14,4.17,,Resolved
TCK-01391,2025-06-21,2025-06-21 09:01:48.000000000,Phone,Technical Issue,Medium,Agent_03,9.03,3.0,Resolved
TCK-04667,2025-06-21,2025-06-21 04:03:00.000000000,Email,Billing,Low,Agent_11,4.05,4.0,Resolved
TCK-00327,2025-06-21,2025-06-21 03:51:00.000000000,Email,Account Access,Medium,Agent_04,3.85,2.0,Resolved
TCK-03099,2025-06-21,2025-06-21 05:53:24.000000000,Phone,Refund Request,Low,Agent_18,5.89,4.0,Reopened
TCK-00084,2025-06-21,2025-06-21 08:15:00.000000000,Chat,Account Access,Low,Agent_17,8.25,3.0,Reopened
TCK-04445,2025-06-21,2025-06-21 02:39:00.000000000,Email,Technical Issue,Medium,Agent_14,2.65,4.0,Resolved
TCK-04377,2025-06-21,2025-06-21 01:48:00.000000000,Chat,Technical Issue,High,Agent_17,1.8,5.0,Resolved
TCK-02414,2025-06-21,2025-06-21 07:25:12.000000000,Email,Technical Issue,Low,Agent_15,7.42,,Reopened
TCK-02509,2025-06-21,2025-06-21 05:05:24.000000000,Phone,Complaint,Medium,Agent_12,5.09,3.0,Reopened
TCK-02936,2025-06-21,2025-06-21 01:53:24.000000000,Phone,Product Question,High,Agent_07,1.89,5.0,Resolved
TCK-01062,2025-06-21,2025-06-21 04:04:48.000000000,Chat,Technical Issue,Low,Agent_19,4.08,4.0,Closed
TCK-01657,2025-06-21,2025-06-21 04:52:48.000000000,Phone,Technical Issue,Medium,Agent_13,4.88,3.0,Resolved
TCK-01672,2025-06-21,2025-06-21 03:35:24.000000000,Phone,Technical Issue,High,Unknown,3.59,,Resolved
TCK-01986,2025-06-22,2025-06-22 07:19:48.000000000,Email,Account Access,Medium,Agent_20,7.33,,Resolved
TCK-03898,2025-06-22,2025-06-22 05:16:48.000000000,Email,Account Access,Medium,Agent_14,5.28,2.0,Resolved
TCK-00069,2025-06-22,2025-06-22 07:55:12.000000000,Phone,Account Access,Medium,Agent_10,7.92,2.0,Resolved
TCK-03083,2025-06-22,2025-06-22 02:15:00.000000000,Chat,Complaint,Medium,Unknown,2.25,4.0,Resolved
TCK-02355,2025-06-22,2025-06-22 02:38:24.000000000,Phone,Technical Issue,Medium,Agent_05,2.64,,Resolved
TCK-00250,2025-06-22,2025-06-22 05:57:36.000000000,Social Media,Product Question,Low,Agent_04,5.96,,Closed
TCK-04566,2025-06-22,2025-06-22 04:28:48.000000000,Chat,Product Question,Medium,Agent_13,4.48,4.0,Resolved
TCK-03596,2025-06-22,2025-06-22 12:21:36.000000000,Chat,Technical Issue,Medium,Agent_04,12.36,2.0,Resolved
TCK-01749,2025-06-22,2025-06-22 03:06:00.000000000,Chat,Complaint,Medium,Agent_16,3.1,4.0,Resolved
TCK-03370,2025-06-22,2025-06-22 08:55:48.000000000,Email,Billing,Low,Agent_08,8.93,,Resolved
TCK-02873,2025-06-22,2025-06-22 01:04:12.000000000,Social Media,Account Access,High,Agent_01,1.07,4.0,Resolved
TCK-02940,2025-06-23,2025-06-23 07:45:00.000000000,Email,Account Access,Medium,Agent_03,7.75,4.0,Resolved
TCK-02423,2025-06-23,2025-06-23 05:49:12.000000000,Phone,Product Question,Medium,Agent_02,5.82,3.0,Resolved
TCK-03411,2025-06-23,2025-06-23 07:00:00.000000000,Social Media,Technical Issue,Medium,Agent_10,7.0,3.0,Resolved
TCK-02199,2025-06-23,2025-06-23 03:58:48.000000000,Phone,Complaint,Low,Agent_06,3.98,4.0,Resolved
TCK-02419,2025-06-23,2025-06-23 03:07:48.000000000,Phone,Product Question,High,Agent_03,3.13,,Closed
TCK-00036,2025-06-23,2025-06-23 07:45:00.000000000,Phone,Complaint,Medium,Agent_04,7.75,3.0,Resolved
TCK-02416,2025-06-23,2025-06-23 03:18:00.000000000,Email,Technical Issue,Low,Agent_05,3.3,3.0,Closed
TCK-04076,2025-06-23,2025-06-23 03:09:36.000000000,Email,Technical Issue,Medium,Agent_18,3.16,4.0,Resolved
TCK-03834,2025-06-23,2025-06-23 00:53:24.000000000,Email,Billing,High,Agent_13,0.89,4.0,Resolved
TCK-00479,2025-06-23,2025-06-23 02:43:48.000000000,Social Media,Technical Issue,High,Agent_01,2.73,,Closed
TCK-00669,2025-06-23,2025-06-23 07:24:00.000000000,Email,Account Access,Low,Agent_14,7.4,,Resolved
TCK-01501,2025-06-23,2025-06-23 03:28:12.000000000,Email,Technical Issue,Medium,Agent_05,3.47,5.0,Resolved
TCK-03950,2025-06-23,2025-06-23 02:22:48.000000000,Chat,Product Question,Low,Agent_20,2.38,4.0,Resolved
TCK-00904,2025-06-23,2025-06-23 03:48:36.000000000,Email,Refund Request,Medium,Agent_13,3.81,4.0,Closed
TCK-00934,2025-06-23,2025-06-23 14:37:48.000000000,Email,Refund Request,Medium,Agent_01,14.63,1.0,Resolved
TCK-01380,2025-06-23,2025-06-23 01:28:12.000000000,Email,Billing,Medium,Agent_01,1.47,3.0,Closed
TCK-03458,2025-06-23,2025-06-23 03:24:00.000000000,Email,Technical Issue,High,Agent_15,3.4,3.0,Resolved
TCK-04241,2025-06-24,2025-06-24 01:42:36.000000000,Email,Technical Issue,High,Agent_06,1.71,4.0,Resolved
TCK-00582,2025-06-24,2025-06-24 14:10:48.000000000,Email,Billing,Low,Agent_18,14.18,,Resolved
TCK-02920,2025-06-24,2025-06-24 04:37:12.000000000,Email,Technical Issue,Medium,Agent_15,4.62,,Resolved
TCK-04413,2025-06-24,2025-06-24 02:31:48.000000000,Phone,Billing,Low,Agent_16,2.53,,Resolved
TCK-03016,2025-06-24,2025-06-24 05:31:48.000000000,Chat,Technical Issue,Low,Agent_04,5.53,,Closed
TCK-01755,2025-06-24,2025-06-24 04:47:24.000000000,Email,Account Access,Medium,Agent_19,4.79,3.0,Resolved
TCK-01759,2025-06-24,2025-06-24 02:41:24.000000000,Email,Technical Issue,Medium,Agent_14,2.69,,Resolved
TCK-00933,2025-06-24,2025-06-24 01:48:36.000000000,Email,Billing,Medium,Agent_07,1.81,4.0,Resolved
TCK-04686,2025-06-24,2025-06-24 05:08:24.000000000,Email,Account Access,High,Agent_18,5.14,,Resolved
TCK-03931,2025-06-24,2025-06-24 02:15:00.000000000,Email,Complaint,High,Agent_16,2.25,5.0,Resolved
TCK-00728,2025-06-24,2025-06-24 10:06:36.000000000,Chat,Billing,Low,Agent_01,10.11,3.0,Resolved
TCK-02729,2025-06-24,2025-06-24 02:20:24.000000000,Email,Billing,Medium,Agent_16,2.34,,Closed
TCK-00745,2025-06-24,2025-06-24 02:46:48.000000000,Email,Product Question,Low,Agent_17,2.78,5.0,Resolved
TCK-03222,2025-06-24,2025-06-24 02:26:24.000000000,Phone,Product Question,Medium,Agent_09,2.44,3.0,Resolved
TCK-01162,2025-06-24,2025-06-24 04:46:48.000000000,Email,Account Access,Low,Agent_08,4.78,3.0,Resolved
TCK-03098,2025-06-24,2025-06-24 04:30:00.000000000,Chat,Product Question,Low,Agent_18,4.5,5.0,Reopened
TCK-03806,2025-06-24,2025-06-24 07:10:12.000000000,Email,Technical Issue,Medium,Agent_19,7.17,5.0,Reopened
TCK-04855,2025-06-25,2025-06-25 06:52:48.000000000,Phone,Billing,Medium,Agent_15,6.88,,Resolved
TCK-01892,2025-06-25,2025-06-25 08:05:24.000000000,Email,Technical Issue,Low,Agent_10,8.09,4.0,Resolved
TCK-03032,2025-06-25,2025-06-25 01:03:36.000000000,Email,Technical Issue,Medium,Agent_14,1.06,4.0,Resolved
TCK-03387,2025-06-25,2025-06-25 02:34:11.999999999,Phone,Product Question,Medium,Agent_07,2.57,4.0,Resolved
TCK-01061,2025-06-25,2025-06-25 03:49:12.000000000,Chat,Account Access,Medium,Agent_12,3.82,,Resolved
TCK-01768,2025-06-25,2025-06-25 04:05:24.000000000,Email,Account Access,Low,Agent_02,4.09,4.0,Resolved
TCK-02646,2025-06-25,2025-06-25 07:12:00.000000000,Phone,Refund Request,Low,Agent_09,7.2,2.0,Closed
TCK-01468,2025-06-25,2025-06-25 00:22:12.000000000,Phone,Refund Request,Urgent,Agent_05,0.37,4.0,Resolved
TCK-03815,2025-06-25,2025-06-25 04:59:24.000000000,Phone,Billing,Medium,Agent_15,4.99,4.0,Resolved
TCK-00604,2025-06-25,2025-06-25 02:02:24.000000000,Phone,Billing,High,Agent_04,2.04,,Reopened
TCK-04850,2025-06-25,2025-06-25 03:32:24.000000000,Chat,Technical Issue,Low,Agent_01,3.54,4.0,Resolved
TCK-04072,2025-06-25,2025-06-25 02:16:12.000000000,Phone,Technical Issue,Medium,Agent_05,2.27,3.0,Resolved
TCK-02138,2025-06-25,2025-06-25 10:45:00.000000000,Email,Billing,Low,Agent_02,10.75,3.0,Closed
TCK-03616,2025-06-25,2025-06-25 06:22:48.000000000,Email,Refund Request,Medium,Agent_01,6.38,4.0,Resolved
TCK-03883,2025-06-25,2025-06-25 03:18:00.000000000,Email,Billing,High,Agent_17,3.3,5.0,Resolved
TCK-04315,2025-06-26,2025-06-26 02:00:36.000000000,Email,Technical Issue,High,Agent_09,2.01,4.0,Resolved
TCK-04388,2025-06-26,2025-06-26 04:13:12.000000000,Chat,Complaint,High,Agent_05,4.22,3.0,Resolved
TCK-02804,2025-06-26,2025-06-26 05:22:48.000000000,Email,Account Access,Low,Agent_02,5.38,3.0,Resolved
TCK-01477,2025-06-26,2025-06-26 04:54:00.000000000,Email,Complaint,Low,Agent_20,4.9,3.0,Closed
TCK-00236,2025-06-26,2025-06-26 01:16:12.000000000,Chat,Complaint,High,Agent_03,1.27,4.0,Resolved
TCK-01106,2025-06-26,2025-06-26 03:27:36.000000000,Phone,Billing,Medium,Agent_08,3.46,,Closed
TCK-00242,2025-06-27,2025-06-27 03:31:12.000000000,Chat,Refund Request,Medium,Agent_15,3.52,4.0,Resolved
TCK-04568,2025-06-27,2025-06-27 03:51:00.000000000,Email,Billing,Low,Agent_14,3.85,4.0,Resolved
TCK-02918,2025-06-27,2025-06-27 04:21:36.000000000,Email,Complaint,Medium,Agent_03,4.36,,Resolved
TCK-02376,2025-06-27,2025-06-27 00:56:24.000000000,Phone,Complaint,High,Agent_05,0.94,4.0,Resolved
TCK-04790,2025-06-27,2025-06-27 01:52:48.000000000,Email,Technical Issue,High,Agent_05,1.88,5.0,Resolved
TCK-00991,2025-06-27,2025-06-27 03:24:36.000000000,Social Media,Technical Issue,Medium,Agent_18,3.41,,Resolved
TCK-04433,2025-06-28,2025-06-28 01:17:23.999999999,Email,Billing,Urgent,Agent_20,1.29,4.0,Resolved
TCK-00611,2025-06-28,2025-06-28 08:36:00.000000000,Email,Account Access,Medium,Agent_08,8.6,3.0,Reopened
TCK-04177,2025-06-28,2025-06-28 06:46:12.000000000,Email,Product Question,Low,Agent_12,6.77,,Resolved
TCK-01452,2025-06-28,2025-06-28 04:42:00.000000000,Email,Technical Issue,Low,Agent_16,4.7,,Resolved
TCK-01204,2025-06-28,2025-06-28 09:38:24.000000000,Email,Product Question,Medium,Agent_07,9.64,4.0,Resolved
TCK-00404,2025-06-28,2025-06-28 02:10:48.000000000,Phone,Account Access,Low,Agent_01,2.18,,Resolved
TCK-01076,2025-06-28,2025-06-28 04:03:00.000000000,Social Media,Product Question,Medium,Agent_09,4.05,5.0,Resolved
TCK-00689,2025-06-28,2025-06-28 04:30:00.000000000,Email,Account Access,Medium,Agent_16,4.5,,Resolved
TCK-03974,2025-06-28,2025-06-28 02:16:48.000000000,Email,Billing,Medium,Agent_14,2.28,4.0,Resolved
TCK-04674,2025-06-28,2025-06-28 01:04:48.000000000,Phone,Technical Issue,Low,Agent_15,1.08,4.0,Resolved
TCK-02975,2025-06-28,2025-06-28 05:25:12.000000000,Chat,Complaint,Low,Agent_17,5.42,3.0,Resolved
TCK-04521,2025-06-28,2025-06-28 01:35:24.000000000,Phone,Billing,Medium,Agent_08,1.59,4.0,Resolved
TCK-02116,2025-06-28,2025-06-28 03:43:12.000000000,Email,Billing,Medium,Agent_02,3.72,3.0,Resolved
TCK-00195,2025-06-29,2025-06-29 07:10:48.000000000,Chat,Technical Issue,Low,Agent_12,7.18,,Resolved
TCK-00523,2025-06-29,2025-06-29 14:10:12.000000000,Chat,Complaint,Low,Agent_06,14.17,,Resolved
TCK-04253,2025-06-29,2025-06-29 00:13:48.000000000,Phone,Technical Issue,Urgent,Agent_05,0.23,4.0,Closed
TCK-02699,2025-06-29,2025-06-29 03:03:36.000000000,Email,Billing,Low,Agent_10,3.06,4.0,Reopened
TCK-00244,2025-06-29,2025-06-29 09:11:24.000000000,Email,Technical Issue,Medium,Agent_19,9.19,4.0,Reopened
TCK-03669,2025-06-29,2025-06-29 01:34:47.999999999,Phone,Technical Issue,High,Agent_06,1.58,3.0,Resolved
TCK-01437,2025-06-29,2025-06-29 02:54:36.000000000,Social Media,Product Question,Low,Agent_18,2.91,4.0,Closed
TCK-00678,2025-06-29,2025-06-29 03:15:36.000000000,Email,Technical Issue,High,Agent_02,3.26,4.0,Closed
TCK-03101,2025-06-29,2025-06-29 07:17:23.999999999,Email,Technical Issue,High,Agent_20,7.29,4.0,Closed
TCK-01878,2025-06-29,2025-06-29 06:07:48.000000000,Chat,Complaint,Low,Agent_17,6.13,2.0,Resolved
TCK-02258,2025-06-29,2025-06-29 05:44:24.000000000,Email,Product Question,Low,Agent_03,5.74,2.0,Resolved
TCK-04375,2025-06-29,2025-06-29 03:12:36.000000000,Email,Billing,Low,Agent_05,3.21,,Resolved
TCK-03604,2025-06-29,2025-06-29 03:36:00.000000000,Email,Billing,Low,Agent_09,3.6,4.0,Reopened
TCK-00212,2025-06-30,2025-06-30 21:17:23.999999999,Email,Technical Issue,Low,Agent_15,21.29,1.0,Closed
TCK-04533,2025-06-30,2025-06-30 03:24:00.000000000,Email,Billing,Medium,Agent_18,3.4,,Resolved
TCK-02937,2025-06-30,2025-06-30 02:36:00.000000000,Email,Account Access,High,Agent_18,2.6,4.0,Resolved
TCK-01313,2025-06-30,2025-06-30 02:16:48.000000000,Email,Billing,Medium,Agent_01,2.28,,Resolved
TCK-00978,2025-06-30,2025-06-30 01:12:00.000000000,Chat,Complaint,Medium,Agent_03,1.2,3.0,Resolved
TCK-03410,2025-06-30,2025-06-30 05:01:48.000000000,Email,Technical Issue,Low,Agent_07,5.03,3.0,Resolved
TCK-04156,2025-06-30,2025-06-30 04:16:48.000000000,Email,Technical Issue,High,Agent_05,4.28,3.0,Closed
TCK-01509,2025-06-30,2025-06-30 03:01:48.000000000,Phone,Billing,Medium,Agent_19,3.03,4.0,Resolved
TCK-00163,2025-06-30,2025-06-30 04:45:00.000000000,Email,Technical Issue,Low,Agent_14,4.75,5.0,Closed
TCK-03802,2025-06-30,2025-06-30 03:41:24.000000000,Email,Technical Issue,Medium,Agent_18,3.69,,Resolved
TCK-03100,2025-06-30,2025-06-30 04:57:00.000000000,Email,Product Question,Low,Agent_11,4.95,4.0,Resolved
TCK-01479,2025-06-30,2025-06-30 04:19:48.000000000,Email,Refund Request,Low,Agent_05,4.33,4.0,Resolved
TCK-01080,2025-06-30,2025-06-30 02:52:12.000000000,Email,Technical Issue,Medium,Agent_17,2.87,4.0,Resolved
TCK-03620,2025-06-30,2025-06-30 03:41:24.000000000,Email,Billing,High,Agent_20,3.69,,Reopened
TCK-01774,2025-06-30,2025-06-30 02:34:47.999999999,Phone,Billing,High,Agent_08,2.58,,Resolved
TCK-02500,2025-06-30,2025-06-30 02:51:36.000000000,Email,Product Question,Low,Agent_18,2.86,4.0,Resolved
TCK-00145,2025-06-30,2025-06-30 05:50:24.000000000,Phone,Billing,Low,Agent_02,5.84,3.0,Resolved
TCK-04960,2025-07-01,2025-07-01 05:07:12.000000000,Chat,Technical Issue,Medium,Agent_03,5.12,3.0,Resolved
TCK-02602,2025-07-01,2025-07-01 06:07:48.000000000,Email,Technical Issue,Medium,Agent_06,6.13,3.0,Resolved
TCK-02624,2025-07-01,2025-07-01 02:27:00.000000000,Chat,Billing,Medium,Agent_16,2.45,5.0,Resolved
TCK-04967,2025-07-01,2025-07-01 03:57:00.000000000,Email,Billing,Medium,Agent_01,3.95,3.0,Resolved
TCK-04323,2025-07-01,2025-07-01 09:31:12.000000000,Phone,Account Access,Low,Agent_19,9.52,,Closed
TCK-00015,2025-07-01,2025-07-01 01:07:48.000000000,Social Media,Technical Issue,Low,Agent_16,1.13,5.0,Resolved
TCK-01971,2025-07-01,2025-07-01 01:22:12.000000000,Phone,Technical Issue,High,Agent_01,1.37,5.0,Resolved
TCK-02908,2025-07-01,2025-07-01 01:46:48.000000000,Chat,Product Question,Medium,Agent_03,1.78,,Resolved
TCK-01316,2025-07-01,2025-07-01 02:48:00.000000000,Email,Billing,High,Agent_09,2.8,4.0,Resolved
TCK-03076,2025-07-01,2025-07-01 03:17:23.999999999,Phone,Technical Issue,Low,Agent_07,3.29,,Resolved
TCK-00143,2025-07-01,2025-07-01 03:25:12.000000000,Email,Product Question,Medium,Agent_05,3.42,4.0,Resolved
TCK-04843,2025-07-01,2025-07-01 05:12:00.000000000,Chat,Billing,Low,Agent_08,5.2,4.0,Resolved
TCK-04598,2025-07-01,2025-07-01 12:36:36.000000000,Phone,Product Question,Low,Agent_16,12.61,3.0,Resolved
TCK-04620,2025-07-01,2025-07-01 04:24:00.000000000,Email,Product Question,Low,Agent_18,4.4,4.0,Resolved
TCK-02557,2025-07-02,2025-07-02 06:03:36.000000000,Phone,Account Access,Medium,Agent_05,6.06,4.0,Closed
TCK-00365,2025-07-02,2025-07-02 02:57:36.000000000,Phone,Billing,High,Agent_07,2.96,4.0,Resolved
TCK-01122,2025-07-02,2025-07-02 04:13:12.000000000,Email,Refund Request,Medium,Agent_18,4.22,,Closed
TCK-02214,2025-07-02,2025-07-02 01:45:00.000000000,Email,Billing,Medium,Agent_09,1.75,,Resolved
TCK-03598,2025-07-02,2025-07-02 00:57:00.000000000,Email,Technical Issue,Urgent,Agent_13,0.95,5.0,Resolved
TCK-04785,2025-07-02,2025-07-02 01:09:00.000000000,Phone,Product Question,High,Agent_14,1.15,4.0,Resolved
TCK-03666,2025-07-02,2025-07-02 12:47:24.000000000,Phone,Technical Issue,Low,Agent_15,12.79,2.0,Resolved
TCK-04676,2025-07-02,2025-07-02 03:54:00.000000000,Social Media,Billing,High,Agent_16,3.9,4.0,Resolved
TCK-00140,2025-07-02,2025-07-02 06:09:00.000000000,Email,Account Access,Low,Agent_03,6.15,,Resolved
TCK-00413,2025-07-02,2025-07-02 05:29:24.000000000,Phone,Billing,Medium,Agent_07,5.49,3.0,Resolved
TCK-00366,2025-07-02,2025-07-02 08:27:36.000000000,Email,Technical Issue,High,Agent_05,8.46,3.0,Resolved
TCK-02498,2025-07-02,2025-07-02 02:47:24.000000000,Phone,Product Question,High,Agent_14,2.79,5.0,Closed
TCK-01013,2025-07-03,2025-07-03 02:57:00.000000000,Phone,Billing,Low,Agent_12,2.95,4.0,Resolved
TCK-04306,2025-07-03,2025-07-03 04:19:12.000000000,Phone,Technical Issue,Medium,Agent_19,4.32,4.0,Reopened
TCK-01339,2025-07-03,2025-07-03 04:36:36.000000000,Phone,Technical Issue,Medium,Agent_05,4.61,,Resolved
TCK-00627,2025-07-03,2025-07-03 02:08:24.000000000,Phone,Technical Issue,Urgent,Agent_18,2.14,5.0,Resolved
TCK-04300,2025-07-03,2025-07-03 07:45:36.000000000,Social Media,Technical Issue,Medium,Agent_01,7.76,3.0,Reopened
TCK-03334,2025-07-03,2025-07-03 01:52:12.000000000,Email,Product Question,Medium,Agent_20,1.87,5.0,Resolved
TCK-03887,2025-07-03,2025-07-04 01:01:48.000000000,Social Media,Product Question,Low,Agent_06,25.03,,Closed
TCK-04757,2025-07-03,2025-07-03 02:03:36.000000000,Email,Refund Request,High,Agent_13,2.06,,Resolved
TCK-04045,2025-07-03,2025-07-03 04:06:00.000000000,Email,Billing,Urgent,Agent_05,4.1,,Resolved
TCK-04086,2025-07-03,2025-07-03 05:47:24.000000000,Email,Billing,Low,Agent_01,5.79,3.0,Resolved
TCK-04094,2025-07-03,2025-07-03 00:55:48.000000000,Email,Product Question,Medium,Agent_20,0.93,,Resolved
TCK-01697,2025-07-03,2025-07-03 02:07:12.000000000,Phone,Refund Request,High,Agent_07,2.12,,Closed
TCK-01051,2025-07-03,2025-07-03 05:10:12.000000000,Chat,Account Access,Low,Agent_10,5.17,,Resolved
TCK-00968,2025-07-03,2025-07-03 03:18:00.000000000,Phone,Billing,Low,Agent_08,3.3,4.0,Reopened
TCK-04133,2025-07-04,2025-07-04 04:10:12.000000000,Phone,Account Access,High,Agent_12,4.17,3.0,Resolved
TCK-02310,2025-07-04,2025-07-04 02:51:36.000000000,Chat,Account Access,High,Agent_20,2.86,4.0,Closed
TCK-01112,2025-07-04,2025-07-04 04:10:12.000000000,Social Media,Account Access,High,Agent_17,4.17,3.0,Resolved
TCK-03336,2025-07-04,2025-07-04 02:51:36.000000000,Chat,Technical Issue,High,Agent_16,2.86,4.0,Resolved
TCK-03337,2025-07-04,2025-07-04 01:18:36.000000000,Phone,Account Access,High,Agent_16,1.31,3.0,Resolved
TCK-00516,2025-07-04,2025-07-04 01:34:11.999999999,Phone,Complaint,Medium,Agent_07,1.57,4.0,Resolved
TCK-02211,2025-07-04,2025-07-04 03:24:36.000000000,Email,Technical Issue,Medium,Agent_03,3.41,,Resolved
TCK-02675,2025-07-04,2025-07-04 02:42:36.000000000,Chat,Billing,Medium,Agent_20,2.71,3.0,Resolved
TCK-04922,2025-07-04,2025-07-04 09:59:24.000000000,Chat,Account Access,Low,Agent_04,9.99,,Resolved
TCK-00836,2025-07-04,2025-07-04 05:00:36.000000000,Email,Product Question,Medium,Agent_13,5.01,4.0,Resolved
TCK-00119,2025-07-04,2025-07-04 03:15:36.000000000,Chat,Account Access,Medium,Agent_05,3.26,,Closed
TCK-03722,2025-07-04,2025-07-04 05:04:48.000000000,Email,Billing,High,Unknown,5.08,5.0,Resolved
TCK-03089,2025-07-04,2025-07-04 11:18:36.000000000,Email,Refund Request,Low,Agent_05,11.31,,Resolved
TCK-00589,2025-07-04,2025-07-04 01:10:12.000000000,Email,Account Access,High,Agent_13,1.17,4.0,Closed
TCK-02645,2025-07-04,2025-07-04 08:44:24.000000000,Phone,Billing,Medium,Agent_19,8.74,,Closed
TCK-00380,2025-07-04,2025-07-04 04:36:00.000000000,Email,Technical Issue,Medium,Agent_15,4.6,4.0,Reopened
TCK-04100,2025-07-04,2025-07-04 02:28:48.000000000,Email,Technical Issue,High,Agent_18,2.48,4.0,Resolved
TCK-02972,2025-07-04,2025-07-04 06:51:00.000000000,Phone,Technical Issue,Low,Agent_16,6.85,4.0,Resolved
TCK-04230,2025-07-04,2025-07-04 02:50:24.000000000,Phone,Product Question,Medium,Agent_16,2.84,,Resolved
TCK-01727,2025-07-04,2025-07-04 02:45:00.000000000,Chat,Technical Issue,Medium,Agent_02,2.75,,Closed
TCK-00075,2025-07-04,2025-07-04 03:08:24.000000000,Email,Account Access,Medium,Agent_08,3.14,4.0,Resolved
TCK-00405,2025-07-05,2025-07-05 03:10:48.000000000,Email,Complaint,High,Agent_19,3.18,4.0,Resolved
TCK-01177,2025-07-05,2025-07-05 07:10:12.000000000,Email,Billing,Low,Agent_14,7.17,3.0,Resolved
TCK-01450,2025-07-05,2025-07-05 00:57:36.000000000,Email,Account Access,High,Agent_04,0.96,5.0,Resolved
TCK-02861,2025-07-05,2025-07-05 08:31:48.000000000,Email,Product Question,Low,Agent_01,8.53,3.0,Resolved
TCK-02026,2025-07-05,2025-07-05 01:09:36.000000000,Email,Technical Issue,Medium,Agent_02,1.16,,Resolved
TCK-00857,2025-07-05,2025-07-05 05:27:00.000000000,Email,Product Question,Low,Agent_03,5.45,4.0,Closed
TCK-03863,2025-07-05,2025-07-05 01:08:24.000000000,Phone,Technical Issue,High,Unknown,1.14,,Resolved
TCK-01201,2025-07-05,2025-07-05 03:57:00.000000000,Phone,Complaint,Medium,Agent_15,3.95,3.0,Resolved
TCK-01578,2025-07-05,2025-07-05 04:10:12.000000000,Phone,Technical Issue,Low,Agent_09,4.17,5.0,Resolved
TCK-04129,2025-07-05,2025-07-05 01:43:12.000000000,Chat,Technical Issue,High,Agent_10,1.72,5.0,Resolved
TCK-01011,2025-07-05,2025-07-05 01:55:12.000000000,Email,Account Access,High,Agent_01,1.92,5.0,Closed
TCK-02912,2025-07-05,2025-07-05 04:15:00.000000000,Email,Account Access,Medium,Unknown,4.25,4.0,Resolved
TCK-04355,2025-07-05,2025-07-05 02:14:24.000000000,Email,Account Access,Medium,Agent_17,2.24,4.0,Closed
TCK-00900,2025-07-05,2025-07-05 02:57:00.000000000,Chat,Billing,Medium,Agent_02,2.95,5.0,Closed
TCK-04496,2025-07-05,2025-07-05 04:48:36.000000000,Social Media,Billing,Low,Agent_07,4.81,4.0,Resolved
TCK-02273,2025-07-06,2025-07-06 01:25:48.000000000,Email,Billing,High,Agent_15,1.43,3.0,Resolved
TCK-02703,2025-07-06,2025-07-06 03:00:00.000000000,Email,Product Question,Medium,Agent_09,3.0,4.0,Reopened
TCK-04356,2025-07-06,2025-07-06 03:43:12.000000000,Phone,Technical Issue,Low,Agent_01,3.72,5.0,Closed
TCK-03955,2025-07-06,2025-07-06 06:09:36.000000000,Email,Billing,Medium,Agent_02,6.16,4.0,Resolved
TCK-03900,2025-07-06,2025-07-06 06:44:24.000000000,Phone,Refund Request,Low,Agent_07,6.74,,Resolved
TCK-04069,2025-07-07,2025-07-07 03:30:00.000000000,Chat,Billing,High,Agent_04,3.5,,Resolved
TCK-00960,2025-07-07,2025-07-07 01:41:24.000000000,Phone,Complaint,High,Agent_07,1.69,5.0,Resolved
TCK-00568,2025-07-07,2025-07-07 05:32:24.000000000,Phone,Billing,Low,Agent_15,5.54,4.0,Resolved
TCK-02771,2025-07-07,2025-07-07 05:31:48.000000000,Email,Technical Issue,Medium,Agent_08,5.53,4.0,Resolved
TCK-03617,2025-07-07,2025-07-07 01:13:48.000000000,Social Media,Complaint,High,Agent_05,1.23,4.0,Resolved
TCK-01402,2025-07-07,2025-07-07 11:47:24.000000000,Chat,Product Question,Medium,Agent_14,11.79,,Resolved
TCK-03625,2025-07-07,2025-07-07 05:51:36.000000000,Phone,Billing,Medium,Agent_03,5.86,,Resolved
TCK-03271,2025-07-07,2025-07-07 02:42:36.000000000,Chat,Refund Request,Medium,Agent_20,2.71,,Reopened
TCK-00304,2025-07-07,2025-07-07 01:16:12.000000000,Social Media,Technical Issue,Medium,Agent_10,1.27,5.0,Resolved
TCK-01256,2025-07-07,2025-07-07 03:16:12.000000000,Phone,Billing,Medium,Agent_17,3.27,,Resolved
TCK-01640,2025-07-07,2025-07-07 03:12:00.000000000,Email,Technical Issue,High,Agent_10,3.2,3.0,Resolved
TCK-02919,2025-07-07,2025-07-07 02:31:12.000000000,Chat,Complaint,Urgent,Agent_03,2.52,4.0,Resolved
TCK-00677,2025-07-08,2025-07-08 02:06:00.000000000,Phone,Account Access,High,Agent_09,2.1,4.0,Resolved
TCK-02836,2025-07-08,2025-07-08 02:22:48.000000000,Chat,Product Question,Medium,Agent_18,2.38,4.0,Resolved
TCK-01125,2025-07-08,2025-07-08 06:45:00.000000000,Email,Technical Issue,Low,Agent_16,6.75,4.0,Resolved
TCK-04645,2025-07-08,2025-07-08 01:24:36.000000000,Chat,Billing,Medium,Agent_03,1.41,3.0,Reopened
TCK-01167,2025-07-08,2025-07-08 03:22:12.000000000,Email,Product Question,Medium,Agent_07,3.37,,Resolved
TCK-00509,2025-07-08,2025-07-08 03:48:00.000000000,Phone,Refund Request,Low,Agent_18,3.8,4.0,Closed
TCK-01680,2025-07-08,2025-07-08 03:20:24.000000000,Email,Technical Issue,Medium,Agent_03,3.34,4.0,Resolved
TCK-01876,2025-07-08,2025-07-08 07:46:12.000000000,Email,Product Question,Low,Agent_07,7.77,4.0,Resolved
TCK-04024,2025-07-08,2025-07-08 02:53:24.000000000,Phone,Complaint,High,Agent_17,2.89,5.0,Resolved
TCK-03614,2025-07-08,2025-07-08 04:12:00.000000000,Email,Refund Request,Low,Agent_19,4.2,,Resolved
TCK-02224,2025-07-08,2025-07-08 08:14:24.000000000,Email,Account Access,Medium,Agent_15,8.24,,Closed
TCK-01543,2025-07-08,2025-07-08 05:56:24.000000000,Email,Technical Issue,High,Agent_03,5.94,4.0,Resolved
TCK-00763,2025-07-08,2025-07-08 00:36:36.000000000,Email,Technical Issue,Urgent,Agent_19,0.61,5.0,Resolved
TCK-01420,2025-07-08,2025-07-08 00:46:48.000000000,Email,Refund Request,High,Agent_15,0.78,4.0,Resolved
TCK-03381,2025-07-08,2025-07-08 05:13:12.000000000,Chat,Billing,Low,Agent_15,5.22,4.0,Resolved
TCK-02910,2025-07-09,2025-07-09 02:43:12.000000000,Phone,Account Access,High,Agent_13,2.72,,Resolved
TCK-03861,2025-07-09,2025-07-09 01:25:48.000000000,Phone,Account Access,Urgent,Agent_03,1.43,5.0,Resolved
TCK-03960,2025-07-09,2025-07-09 04:40:12.000000000,Email,Complaint,Medium,Agent_18,4.67,3.0,Resolved
TCK-03769,2025-07-09,2025-07-09 09:00:00.000000000,Email,Technical Issue,Low,Agent_04,9.0,,Closed
TCK-04908,2025-07-09,2025-07-09 03:00:00.000000000,Email,Complaint,Low,Agent_16,3.0,,Closed
TCK-00326,2025-07-09,2025-07-09 09:37:12.000000000,Phone,Technical Issue,Medium,Agent_09,9.62,2.0,Resolved
TCK-02674,2025-07-09,2025-07-09 04:01:12.000000000,Phone,Technical Issue,Low,Agent_12,4.02,4.0,Resolved
TCK-02093,2025-07-09,2025-07-09 07:03:00.000000000,Phone,Account Access,Low,Agent_20,7.05,5.0,Closed
TCK-04182,2025-07-09,2025-07-09 10:31:48.000000000,Phone,Product Question,Low,Agent_04,10.53,,Closed
TCK-03204,2025-07-09,2025-07-09 03:03:00.000000000,Chat,Billing,High,Agent_05,3.05,,Closed
TCK-01646,2025-07-09,2025-07-09 16:56:24.000000000,Email,Technical Issue,Medium,Agent_04,16.94,,Resolved
TCK-00661,2025-07-09,2025-07-09 05:53:24.000000000,Chat,Technical Issue,Medium,Agent_16,5.89,4.0,Resolved
TCK-00975,2025-07-09,2025-07-09 04:55:12.000000000,Email,Account Access,Medium,Agent_05,4.92,4.0,Resolved
TCK-04271,2025-07-09,2025-07-09 04:45:00.000000000,Email,Product Question,Medium,Agent_14,4.75,3.0,Resolved
TCK-00970,2025-07-09,2025-07-09 01:26:24.000000000,Phone,Product Question,Urgent,Agent_18,1.44,5.0,Resolved
TCK-03827,2025-07-10,2025-07-10 01:04:12.000000000,Social Media,Product Question,Medium,Agent_06,1.07,3.0,Resolved
TCK-02437,2025-07-10,2025-07-10 08:08:24.000000000,Chat,Product Question,Low,Agent_04,8.14,,Reopened
TCK-02737,2025-07-10,2025-07-10 01:33:36.000000000,Phone,Complaint,Medium,Agent_06,1.56,,Resolved
TCK-00672,2025-07-10,2025-07-10 00:59:24.000000000,Email,Complaint,Urgent,Agent_06,0.99,4.0,Resolved
TCK-03297,2025-07-10,2025-07-10 01:56:24.000000000,Email,Product Question,Medium,Agent_04,1.94,,Resolved
TCK-00853,2025-07-10,2025-07-10 09:49:12.000000000,Chat,Technical Issue,Low,Agent_03,9.82,3.0,Resolved
TCK-03352,2025-07-10,2025-07-10 01:00:00.000000000,Email,Billing,Urgent,Agent_10,1.0,5.0,Resolved
TCK-02392,2025-07-10,2025-07-10 04:03:00.000000000,Phone,Account Access,Medium,Agent_18,4.05,,Resolved
TCK-00409,2025-07-10,2025-07-10 04:39:36.000000000,Email,Billing,Low,Agent_03,4.66,,Resolved
TCK-03512,2025-07-10,2025-07-10 01:33:00.000000000,Phone,Technical Issue,High,Agent_01,1.55,,Closed
TCK-04952,2025-07-10,2025-07-10 18:21:00.000000000,Chat,Technical Issue,Low,Agent_17,18.35,,Resolved
TCK-04574,2025-07-10,2025-07-10 10:59:24.000000000,Chat,Technical Issue,Low,Agent_04,10.99,3.0,Resolved
TCK-00639,2025-07-10,2025-07-10 03:16:48.000000000,Chat,Technical Issue,High,Agent_12,3.28,4.0,Resolved
TCK-00256,2025-07-10,2025-07-10 03:58:12.000000000,Email,Technical Issue,Low,Agent_07,3.97,3.0,Resolved
TCK-04472,2025-07-10,2025-07-10 03:46:12.000000000,Email,Technical Issue,Low,Agent_13,3.77,5.0,Resolved
TCK-02692,2025-07-10,2025-07-10 05:54:36.000000000,Email,Technical Issue,Low,Agent_03,5.91,,Resolved
TCK-03917,2025-07-10,2025-07-10 02:30:36.000000000,Phone,Technical Issue,Medium,Agent_01,2.51,,Resolved
TCK-03992,2025-07-10,2025-07-10 02:52:48.000000000,Email,Refund Request,Low,Agent_06,2.88,3.0,Resolved
TCK-01809,2025-07-10,2025-07-10 03:42:00.000000000,Chat,Billing,Urgent,Agent_02,3.7,,Reopened
TCK-04700,2025-07-10,2025-07-10 06:34:11.999999999,Email,Product Question,Medium,Agent_12,6.57,3.0,Resolved
TCK-01760,2025-07-10,2025-07-10 00:53:24.000000000,Phone,Refund Request,Medium,Agent_09,0.89,4.0,Resolved
TCK-01034,2025-07-11,2025-07-11 02:18:00.000000000,Phone,Product Question,Urgent,Agent_11,2.3,3.0,Resolved
TCK-01625,2025-07-11,2025-07-11 12:13:12.000000000,Phone,Billing,Medium,Agent_01,12.22,,Resolved
TCK-03429,2025-07-11,2025-07-11 11:06:00.000000000,Email,Technical Issue,Low,Agent_20,11.1,2.0,Resolved
TCK-01155,2025-07-11,2025-07-11 03:47:24.000000000,Chat,Billing,Medium,Agent_02,3.79,3.0,Closed
TCK-02449,2025-07-11,2025-07-11 01:42:00.000000000,Email,Billing,High,Agent_18,1.7,4.0,Resolved
TCK-01271,2025-07-11,2025-07-11 04:14:24.000000000,Email,Complaint,Medium,Agent_16,4.24,,Resolved
TCK-00538,2025-07-11,2025-07-11 01:21:36.000000000,Email,Technical Issue,Medium,Agent_17,1.36,,Reopened
TCK-04509,2025-07-11,2025-07-11 03:29:24.000000000,Phone,Technical Issue,Medium,Agent_03,3.49,,Resolved
TCK-03897,2025-07-11,2025-07-11 04:02:24.000000000,Email,Product Question,Medium,Agent_04,4.04,4.0,Resolved
TCK-01989,2025-07-11,2025-07-11 03:50:24.000000000,Chat,Product Question,Medium,Agent_12,3.84,,Resolved
TCK-01819,2025-07-11,2025-07-11 08:59:24.000000000,Phone,Account Access,Low,Agent_08,8.99,,Resolved
TCK-03688,2025-07-12,2025-07-12 11:43:12.000000000,Email,Account Access,Low,Agent_05,11.72,3.0,Resolved
TCK-01917,2025-07-12,2025-07-12 08:11:24.000000000,Chat,Technical Issue,Low,Agent_15,8.19,3.0,Resolved
TCK-03225,2025-07-12,2025-07-12 01:30:36.000000000,Phone,Product Question,Low,Agent_17,1.51,5.0,Resolved
TCK-03320,2025-07-12,2025-07-12 01:21:00.000000000,Email,Product Question,Medium,Agent_05,1.35,,Resolved
TCK-02569,2025-07-12,2025-07-12 02:27:36.000000000,Chat,Billing,Low,Agent_08,2.46,4.0,Closed
TCK-04330,2025-07-12,2025-07-12 02:16:48.000000000,Social Media,Billing,Medium,Agent_09,2.28,,Resolved
TCK-04773,2025-07-12,2025-07-12 00:50:24.000000000,Chat,Technical Issue,Urgent,Agent_10,0.84,,Resolved
TCK-00957,2025-07-12,2025-07-12 00:58:12.000000000,Chat,Product Question,Medium,Agent_06,0.97,5.0,Resolved
TCK-02478,2025-07-12,2025-07-12 11:48:36.000000000,Phone,Billing,Low,Agent_06,11.81,2.0,Resolved
TCK-04796,2025-07-12,2025-07-12 02:14:24.000000000,Email,Technical Issue,High,Agent_19,2.24,,Closed
TCK-04179,2025-07-12,2025-07-12 04:47:24.000000000,Phone,Complaint,High,Agent_14,4.79,5.0,Resolved
TCK-03499,2025-07-12,2025-07-12 02:40:12.000000000,Phone,Billing,Medium,Agent_18,2.67,3.0,Resolved
TCK-03733,2025-07-12,2025-07-12 13:45:00.000000000,Email,Technical Issue,Medium,Agent_15,13.75,2.0,Resolved
TCK-03698,2025-07-12,2025-07-12 05:06:36.000000000,Phone,Technical Issue,Medium,Agent_18,5.11,,Resolved
TCK-04880,2025-07-12,2025-07-12 02:04:12.000000000,Chat,Account Access,Low,Agent_18,2.07,,Resolved
TCK-03606,2025-07-12,2025-07-12 02:01:12.000000000,Email,Technical Issue,High,Agent_12,2.02,4.0,Closed
TCK-04112,2025-07-13,2025-07-13 05:35:24.000000000,Email,Account Access,Low,Agent_03,5.59,3.0,Resolved
TCK-04018,2025-07-13,2025-07-13 04:59:24.000000000,Phone,Billing,High,Agent_13,4.99,4.0,Resolved
TCK-03004,2025-07-13,2025-07-13 03:25:48.000000000,Phone,Technical Issue,Low,Agent_10,3.43,5.0,Resolved
TCK-00467,2025-07-13,2025-07-13 01:26:24.000000000,Email,Refund Request,High,Agent_04,1.44,5.0,Closed
TCK-02909,2025-07-13,2025-07-13 03:16:12.000000000,Chat,Technical Issue,Low,Agent_05,3.27,,Resolved
TCK-00448,2025-07-13,2025-07-13 11:12:36.000000000,Email,Complaint,Low,Agent_18,11.21,3.0,Resolved
TCK-03438,2025-07-13,2025-07-13 05:26:24.000000000,Email,Account Access,Medium,Agent_09,5.44,,Closed
TCK-01107,2025-07-13,2025-07-13 06:38:24.000000000,Chat,Technical Issue,Medium,Agent_01,6.64,3.0,Resolved
TCK-02371,2025-07-13,2025-07-13 01:08:24.000000000,Email,Account Access,Urgent,Agent_14,1.14,,Resolved
TCK-01862,2025-07-13,2025-07-13 03:03:36.000000000,Email,Technical Issue,Medium,Agent_03,3.06,,Reopened
TCK-01880,2025-07-13,2025-07-13 01:47:24.000000000,Chat,Product Question,Medium,Agent_11,1.79,,Closed
TCK-01352,2025-07-13,2025-07-13 03:10:12.000000000,Email,Complaint,Medium,Agent_09,3.17,,Resolved
TCK-00955,2025-07-13,2025-07-13 05:11:24.000000000,Phone,Technical Issue,Medium,Agent_17,5.19,,Closed
TCK-01951,2025-07-13,2025-07-13 02:20:24.000000000,Chat,Product Question,Low,Agent_02,2.34,4.0,Resolved
TCK-02499,2025-07-13,2025-07-13 05:44:24.000000000,Phone,Technical Issue,Low,Agent_01,5.74,,Resolved
TCK-01124,2025-07-13,2025-07-13 04:05:24.000000000,Email,Technical Issue,Low,Agent_13,4.09,,Resolved
TCK-01461,2025-07-13,2025-07-13 05:14:24.000000000,Email,Account Access,Medium,Agent_14,5.24,4.0,Resolved
TCK-02008,2025-07-13,2025-07-13 02:03:36.000000000,Phone,Billing,High,Agent_03,2.06,4.0,Resolved
TCK-01259,2025-07-13,2025-07-13 07:49:48.000000000,Chat,Complaint,Low,Agent_07,7.83,3.0,Closed
TCK-04978,2025-07-14,2025-07-14 02:21:00.000000000,Phone,Technical Issue,High,Agent_16,2.35,5.0,Resolved
TCK-00707,2025-07-14,2025-07-14 03:02:24.000000000,Phone,Product Question,Medium,Agent_13,3.04,5.0,Resolved
TCK-01629,2025-07-14,2025-07-14 06:20:24.000000000,Email,Technical Issue,Medium,Agent_09,6.34,1.0,Resolved
TCK-03737,2025-07-14,2025-07-14 05:54:00.000000000,Phone,Technical Issue,Medium,Agent_14,5.9,3.0,Resolved
TCK-02553,2025-07-14,2025-07-14 12:39:00.000000000,Phone,Technical Issue,Low,Agent_18,12.65,,Resolved
TCK-03456,2025-07-14,2025-07-14 07:46:48.000000000,Email,Technical Issue,Medium,Agent_11,7.78,,Resolved
TCK-04184,2025-07-14,2025-07-14 04:53:24.000000000,Email,Account Access,Medium,Agent_17,4.89,4.0,Closed
TCK-04462,2025-07-14,2025-07-14 05:02:24.000000000,Social Media,Technical Issue,Low,Agent_01,5.04,,Resolved
TCK-00616,2025-07-14,2025-07-14 00:24:36.000000000,Chat,Technical Issue,High,Agent_09,0.41,4.0,Resolved
TCK-02567,2025-07-14,2025-07-14 04:33:36.000000000,Chat,Product Question,Low,Agent_20,4.56,,Resolved
TCK-01513,2025-07-14,2025-07-14 08:49:48.000000000,Phone,Technical Issue,Low,Agent_05,8.83,3.0,Resolved
TCK-04232,2025-07-14,2025-07-14 05:39:00.000000000,Email,Billing,Medium,Agent_17,5.65,4.0,Resolved
TCK-04779,2025-07-14,2025-07-14 05:31:12.000000000,Chat,Technical Issue,Low,Agent_10,5.52,4.0,Reopened
TCK-01918,2025-07-14,2025-07-14 03:43:48.000000000,Email,Product Question,Medium,Agent_15,3.73,4.0,Resolved
TCK-03857,2025-07-14,2025-07-14 02:04:12.000000000,Email,Complaint,Low,Agent_05,2.07,,Resolved
TCK-01301,2025-07-14,2025-07-14 02:57:36.000000000,Chat,Technical Issue,Urgent,Agent_04,2.96,4.0,Resolved
TCK-00311,2025-07-14,2025-07-14 03:09:36.000000000,Email,Refund Request,Medium,Agent_11,3.16,5.0,Closed
TCK-01295,2025-07-14,2025-07-14 05:04:12.000000000,Email,Refund Request,Medium,Agent_20,5.07,4.0,Closed
TCK-02977,2025-07-14,2025-07-14 04:44:24.000000000,Social Media,Technical Issue,Medium,Agent_12,4.74,3.0,Reopened
TCK-01685,2025-07-14,2025-07-14 01:04:48.000000000,Phone,Billing,High,Agent_17,1.08,5.0,Resolved
TCK-02270,2025-07-14,2025-07-14 01:21:36.000000000,Phone,Complaint,Medium,Agent_18,1.36,4.0,Resolved
TCK-00521,2025-07-15,2025-07-15 02:07:48.000000000,Email,Billing,Urgent,Agent_11,2.13,4.0,Resolved
TCK-01596,2025-07-15,2025-07-15 08:04:12.000000000,Email,Complaint,Low,Agent_20,8.07,4.0,Closed
TCK-02626,2025-07-15,2025-07-15 11:22:48.000000000,Chat,Refund Request,Low,Agent_17,11.38,2.0,Resolved
TCK-00566,2025-07-15,2025-07-15 03:31:48.000000000,Email,Complaint,Medium,Agent_09,3.53,4.0,Resolved
TCK-02754,2025-07-15,2025-07-15 05:29:24.000000000,Chat,Technical Issue,Medium,Agent_15,5.49,4.0,Resolved
TCK-00608,2025-07-15,2025-07-15 03:07:48.000000000,Email,Product Question,Medium,Agent_17,3.13,,Resolved
TCK-04057,2025-07-15,2025-07-15 04:34:47.999999999,Email,Technical Issue,Low,Agent_15,4.58,5.0,Resolved
TCK-02726,2025-07-15,2025-07-15 00:44:24.000000000,Phone,Product Question,Urgent,Agent_08,0.74,4.0,Resolved
TCK-01882,2025-07-15,2025-07-15 05:09:00.000000000,Phone,Product Question,Low,Agent_06,5.15,,Reopened
TCK-01861,2025-07-15,2025-07-15 02:36:00.000000000,Phone,Technical Issue,Medium,Agent_05,2.6,4.0,Closed
TCK-00891,2025-07-16,2025-07-16 01:31:48.000000000,Phone,Product Question,High,Agent_20,1.53,5.0,Resolved
TCK-02856,2025-07-16,2025-07-16 02:49:48.000000000,Phone,Product Question,Low,Agent_05,2.83,4.0,Resolved
TCK-03427,2025-07-16,2025-07-16 15:48:00.000000000,Email,Refund Request,Low,Agent_17,15.8,2.0,Resolved
TCK-02311,2025-07-16,2025-07-16 03:18:00.000000000,Phone,Product Question,Medium,Agent_16,3.3,3.0,Closed
TCK-01100,2025-07-16,2025-07-16 03:34:47.999999999,Social Media,Product Question,Medium,Agent_06,3.58,5.0,Resolved
TCK-03259,2025-07-16,2025-07-16 08:44:24.000000000,Phone,Product Question,Medium,Agent_02,8.74,4.0,Closed
TCK-04872,2025-07-16,2025-07-16 05:15:00.000000000,Email,Account Access,Low,Agent_20,5.25,4.0,Resolved
TCK-04483,2025-07-16,2025-07-16 08:36:36.000000000,Phone,Billing,Low,Agent_16,8.61,2.0,Resolved
TCK-03305,2025-07-16,2025-07-16 04:52:48.000000000,Email,Technical Issue,Medium,Agent_20,4.88,,Resolved
TCK-04848,2025-07-16,2025-07-16 02:28:12.000000000,Chat,Technical Issue,Low,Agent_07,2.47,,Resolved
TCK-04781,2025-07-16,2025-07-16 15:18:00.000000000,Phone,Billing,Low,Unknown,15.3,,Resolved
TCK-02296,2025-07-16,2025-07-16 06:02:24.000000000,Email,Billing,Medium,Agent_18,6.04,4.0,Reopened
TCK-02099,2025-07-16,2025-07-16 05:10:48.000000000,Email,Account Access,Medium,Agent_14,5.18,,Resolved
TCK-03639,2025-07-16,2025-07-16 01:55:12.000000000,Email,Billing,High,Agent_12,1.92,4.0,Resolved
TCK-04788,2025-07-16,2025-07-16 02:15:36.000000000,Chat,Complaint,Urgent,Agent_17,2.26,5.0,Resolved
TCK-04440,2025-07-16,2025-07-16 05:09:00.000000000,Chat,Technical Issue,Low,Agent_06,5.15,,Closed
TCK-03071,2025-07-16,2025-07-16 03:07:12.000000000,Email,Billing,Medium,Agent_17,3.12,,Resolved
TCK-03939,2025-07-17,2025-07-17 01:51:00.000000000,Phone,Complaint,High,Agent_10,1.85,,Resolved
TCK-02781,2025-07-17,2025-07-17 01:52:48.000000000,Phone,Technical Issue,Low,Agent_02,1.88,5.0,Resolved
TCK-00887,2025-07-17,2025-07-17 06:51:00.000000000,Phone,Billing,Low,Agent_09,6.85,,Closed
TCK-01340,2025-07-17,2025-07-17 03:27:36.000000000,Email,Technical Issue,High,Agent_17,3.46,3.0,Closed
TCK-00499,2025-07-17,2025-07-17 10:13:48.000000000,Email,Technical Issue,Medium,Agent_14,10.23,,Resolved
TCK-00249,2025-07-17,2025-07-17 03:19:12.000000000,Chat,Refund Request,Medium,Agent_15,3.32,,Resolved
TCK-00837,2025-07-17,2025-07-17 06:51:36.000000000,Phone,Product Question,Low,Agent_13,6.86,,Resolved
TCK-01219,2025-07-17,2025-07-17 01:16:48.000000000,Chat,Product Question,High,Agent_02,1.28,4.0,Resolved
TCK-03597,2025-07-17,2025-07-17 10:54:00.000000000,Email,Billing,Low,Agent_15,10.9,,Resolved
TCK-03991,2025-07-17,2025-07-17 06:07:48.000000000,Chat,Technical Issue,Low,Agent_16,6.13,3.0,Resolved
TCK-02078,2025-07-17,2025-07-17 03:19:12.000000000,Email,Technical Issue,Low,Agent_07,3.32,4.0,Resolved
TCK-03983,2025-07-17,2025-07-17 02:42:36.000000000,Phone,Technical Issue,Low,Agent_18,2.71,,Closed
TCK-01808,2025-07-17,2025-07-17 03:13:48.000000000,Phone,Billing,Low,Agent_08,3.23,,Reopened
TCK-03301,2025-07-17,2025-07-17 02:42:00.000000000,Phone,Refund Request,High,Agent_07,2.7,4.0,Resolved
TCK-02884,2025-07-17,2025-07-17 03:07:12.000000000,Email,Account Access,Medium,Agent_04,3.12,4.0,Resolved
TCK-02097,2025-07-18,2025-07-18 14:14:24.000000000,Email,Billing,Medium,Agent_07,14.24,,Resolved
TCK-04663,2025-07-18,2025-07-18 01:31:48.000000000,Phone,Refund Request,High,Agent_02,1.53,,Resolved
TCK-00877,2025-07-18,2025-07-18 02:43:48.000000000,Email,Account Access,Low,Agent_15,2.73,3.0,Resolved
TCK-00767,2025-07-18,2025-07-18 10:34:11.999999999,Phone,Technical Issue,High,Agent_11,10.57,2.0,Resolved
TCK-02114,2025-07-18,2025-07-18 01:13:48.000000000,Email,Technical Issue,High,Agent_13,1.23,5.0,Resolved
TCK-03821,2025-07-18,2025-07-18 03:15:00.000000000,Chat,Account Access,Medium,Agent_06,3.25,3.0,Resolved
TCK-03901,2025-07-18,2025-07-18 02:18:36.000000000,Email,Product Question,Urgent,Agent_09,2.31,5.0,Resolved
TCK-00265,2025-07-18,2025-07-18 05:54:36.000000000,Email,Technical Issue,Medium,Agent_12,5.91,4.0,Resolved
TCK-00255,2025-07-18,2025-07-18 02:28:12.000000000,Chat,Product Question,Medium,Agent_19,2.47,4.0,Resolved
TCK-00749,2025-07-18,2025-07-18 04:20:24.000000000,Social Media,Product Question,Medium,Agent_16,4.34,3.0,Resolved
TCK-02735,2025-07-18,2025-07-18 04:55:48.000000000,Chat,Product Question,Low,Agent_13,4.93,5.0,Resolved
TCK-02796,2025-07-18,2025-07-18 04:02:24.000000000,Email,Complaint,Medium,Agent_14,4.04,3.0,Closed
TCK-04447,2025-07-18,2025-07-18 00:53:24.000000000,Phone,Product Question,Medium,Agent_15,0.89,,Closed
TCK-03437,2025-07-19,2025-07-19 05:22:12.000000000,Phone,Refund Request,Medium,Agent_19,5.37,,Resolved
TCK-03718,2025-07-19,2025-07-19 03:25:48.000000000,Phone,Product Question,Medium,Agent_13,3.43,4.0,Resolved
TCK-02079,2025-07-19,2025-07-19 04:11:24.000000000,Email,Product Question,Medium,Agent_06,4.19,4.0,Closed
TCK-00017,2025-07-19,2025-07-19 03:19:12.000000000,Chat,Account Access,Low,Agent_06,3.32,4.0,Resolved
TCK-00189,2025-07-19,2025-07-19 04:04:48.000000000,Email,Technical Issue,Low,Agent_06,4.08,4.0,Resolved
TCK-02303,2025-07-19,2025-07-19 06:46:12.000000000,Phone,Account Access,Medium,Agent_04,6.77,4.0,Reopened
TCK-00291,2025-07-19,2025-07-19 02:59:24.000000000,Email,Billing,Medium,Agent_16,2.99,,Resolved
TCK-03592,2025-07-19,2025-07-19 13:05:24.000000000,Email,Account Access,Medium,Agent_04,13.09,1.0,Resolved
TCK-00943,2025-07-19,2025-07-19 11:46:12.000000000,Email,Product Question,Medium,Agent_17,11.77,5.0,Resolved
TCK-04089,2025-07-19,2025-07-19 03:00:36.000000000,Email,Billing,Low,Agent_03,3.01,,Resolved
TCK-04056,2025-07-19,2025-07-19 05:27:00.000000000,Phone,Billing,Low,Agent_11,5.45,2.0,Resolved
TCK-02794,2025-07-19,2025-07-19 06:54:00.000000000,Phone,Refund Request,Medium,Agent_08,6.9,3.0,Reopened
TCK-01537,2025-07-20,2025-07-20 01:54:36.000000000,Email,Account Access,Medium,Agent_20,1.91,,Resolved
TCK-03788,2025-07-20,2025-07-20 03:43:48.000000000,Chat,Complaint,Medium,Agent_11,3.73,,Closed
TCK-04668,2025-07-20,2025-07-20 01:17:23.999999999,Email,Billing,Urgent,Agent_17,1.29,,Resolved
TCK-03783,2025-07-20,2025-07-20 09:21:00.000000000,Phone,Refund Request,Medium,Agent_07,9.35,3.0,Resolved
TCK-01283,2025-07-20,2025-07-20 05:37:12.000000000,Email,Billing,Low,Agent_03,5.62,4.0,Resolved
TCK-03026,2025-07-20,2025-07-20 02:28:48.000000000,Email,Complaint,Low,Agent_15,2.48,,Resolved
TCK-00839,2025-07-20,2025-07-20 03:05:24.000000000,Phone,Complaint,Medium,Agent_13,3.09,,Resolved
TCK-00952,2025-07-20,2025-07-20 03:59:24.000000000,Email,Complaint,Medium,Agent_02,3.99,5.0,Reopened
TCK-04998,2025-07-20,2025-07-20 06:35:24.000000000,Phone,Technical Issue,Low,Agent_15,6.59,3.0,Resolved
TCK-03874,2025-07-20,2025-07-20 03:06:36.000000000,Email,Technical Issue,Urgent,Agent_08,3.11,3.0,Resolved
TCK-00615,2025-07-21,2025-07-21 07:23:24.000000000,Phone,Technical Issue,Low,Agent_02,7.39,4.0,Closed
TCK-01957,2025-07-21,2025-07-21 10:19:12.000000000,Phone,Account Access,Medium,Agent_12,10.32,3.0,Resolved
TCK-02212,2025-07-21,2025-07-21 04:25:12.000000000,Chat,Technical Issue,Low,Agent_07,4.42,4.0,Closed
TCK-04409,2025-07-21,2025-07-21 09:19:48.000000000,Email,Product Question,Low,Agent_09,9.33,3.0,Resolved
TCK-01182,2025-07-21,2025-07-21 02:46:12.000000000,Email,Account Access,Low,Agent_15,2.77,,Resolved
TCK-04313,2025-07-21,2025-07-21 07:01:12.000000000,Email,Account Access,Low,Agent_14,7.02,,Closed
TCK-00722,2025-07-21,2025-07-21 01:11:24.000000000,Phone,Refund Request,Low,Agent_09,1.19,4.0,Resolved
TCK-01457,2025-07-21,2025-07-21 05:52:48.000000000,Email,Billing,Low,Agent_15,5.88,4.0,Closed
TCK-01800,2025-07-21,2025-07-21 06:08:24.000000000,Email,Billing,Medium,Agent_03,6.14,,Resolved
TCK-03106,2025-07-21,2025-07-21 02:25:12.000000000,Phone,Product Question,Medium,Agent_19,2.42,5.0,Reopened
TCK-04954,2025-07-21,2025-07-21 06:29:24.000000000,Phone,Billing,Medium,Agent_11,6.49,3.0,Resolved
TCK-01585,2025-07-21,2025-07-21 01:13:12.000000000,Chat,Product Question,High,Agent_04,1.22,4.0,Closed
TCK-02295,2025-07-21,2025-07-21 07:45:00.000000000,Email,Refund Request,Low,Agent_17,7.75,,Closed
TCK-02364,2025-07-21,2025-07-21 18:07:48.000000000,Email,Technical Issue,Low,Agent_14,18.13,,Resolved
TCK-01325,2025-07-22,2025-07-22 05:41:24.000000000,Social Media,Product Question,Medium,Agent_19,5.69,,Resolved
TCK-02546,2025-07-22,2025-07-22 06:42:36.000000000,Phone,Refund Request,Medium,Agent_13,6.71,,Resolved
TCK-01991,2025-07-22,2025-07-22 01:10:12.000000000,Phone,Account Access,Urgent,Agent_17,1.17,5.0,Closed
TCK-00290,2025-07-22,2025-07-22 11:55:48.000000000,Email,Billing,Low,Agent_05,11.93,3.0,Resolved
TCK-01044,2025-07-22,2025-07-22 03:31:12.000000000,Email,Technical Issue,Medium,Agent_19,3.52,4.0,Closed
TCK-04883,2025-07-22,2025-07-22 03:38:24.000000000,Email,Product Question,Medium,Agent_01,3.64,5.0,Resolved
TCK-00268,2025-07-22,2025-07-22 01:22:12.000000000,Phone,Complaint,High,Agent_17,1.37,4.0,Closed
TCK-04157,2025-07-22,2025-07-22 01:09:36.000000000,Email,Technical Issue,High,Agent_17,1.16,,Resolved
TCK-03746,2025-07-22,2025-07-22 05:12:00.000000000,Chat,Billing,Low,Agent_10,5.2,3.0,Resolved
TCK-01898,2025-07-22,2025-07-22 04:03:36.000000000,Email,Product Question,Medium,Agent_18,4.06,3.0,Resolved
TCK-01218,2025-07-22,2025-07-22 05:51:36.000000000,Phone,Technical Issue,Medium,Agent_20,5.86,4.0,Closed
TCK-03558,2025-07-22,2025-07-22 06:58:12.000000000,Email,Account Access,Low,Unknown,6.97,3.0,Resolved
TCK-04774,2025-07-22,2025-07-22 05:28:12.000000000,Email,Account Access,Low,Agent_13,5.47,3.0,Closed
TCK-00715,2025-07-22,2025-07-22 13:22:12.000000000,Email,Complaint,Medium,Agent_13,13.37,1.0,Resolved
TCK-04637,2025-07-22,2025-07-22 03:00:36.000000000,Chat,Complaint,Medium,Agent_08,3.01,4.0,Resolved
TCK-04760,2025-07-22,2025-07-22 12:31:12.000000000,Phone,Product Question,Low,Agent_06,12.52,,Reopened
TCK-00073,2025-07-22,2025-07-22 04:07:48.000000000,Phone,Complaint,High,Agent_15,4.13,5.0,Resolved
TCK-00416,2025-07-22,2025-07-22 01:34:11.999999999,Phone,Technical Issue,Low,Agent_20,1.57,,Resolved
TCK-01624,2025-07-22,2025-07-22 00:43:48.000000000,Email,Product Question,High,Agent_16,0.73,,Resolved
TCK-00092,2025-07-22,2025-07-22 08:31:48.000000000,Chat,Product Question,Low,Agent_08,8.53,4.0,Resolved
TCK-01525,2025-07-23,2025-07-23 01:12:00.000000000,Phone,Technical Issue,High,Agent_08,1.2,4.0,Resolved
TCK-00963,2025-07-23,2025-07-23 05:50:24.000000000,Chat,Complaint,Low,Agent_08,5.84,3.0,Resolved
TCK-00118,2025-07-23,2025-07-23 02:16:48.000000000,Email,Refund Request,High,Agent_13,2.28,,Resolved
TCK-01089,2025-07-23,2025-07-23 11:45:00.000000000,Email,Technical Issue,Medium,Agent_04,11.75,,Resolved
TCK-03136,2025-07-23,2025-07-23 04:44:24.000000000,Email,Technical Issue,Medium,Agent_11,4.74,3.0,Resolved
TCK-04331,2025-07-23,2025-07-23 05:54:36.000000000,Social Media,Billing,High,Agent_20,5.91,3.0,Resolved
TCK-04514,2025-07-23,2025-07-23 01:38:24.000000000,Email,Billing,Medium,Agent_07,1.64,5.0,Closed
TCK-03621,2025-07-23,2025-07-23 04:36:36.000000000,Email,Technical Issue,Medium,Agent_02,4.61,4.0,Resolved
TCK-04747,2025-07-24,2025-07-24 05:12:00.000000000,Email,Account Access,Low,Agent_08,5.2,4.0,Resolved
TCK-02386,2025-07-24,2025-07-24 03:52:12.000000000,Phone,Product Question,Medium,Agent_01,3.87,4.0,Resolved
TCK-03720,2025-07-24,2025-07-24 02:12:00.000000000,Phone,Billing,Urgent,Agent_16,2.2,5.0,Closed
TCK-03571,2025-07-24,2025-07-24 04:33:36.000000000,Email,Account Access,Low,Agent_15,4.56,4.0,Resolved
TCK-01935,2025-07-24,2025-07-24 04:10:48.000000000,Phone,Account Access,Medium,Agent_13,4.18,5.0,Resolved
TCK-00094,2025-07-24,2025-07-24 14:51:36.000000000,Chat,Technical Issue,Medium,Agent_05,14.86,3.0,Resolved
TCK-03803,2025-07-24,2025-07-24 04:28:12.000000000,Chat,Account Access,Low,Agent_14,4.47,4.0,Resolved
TCK-01347,2025-07-24,2025-07-24 04:47:24.000000000,Phone,Billing,Medium,Agent_02,4.79,4.0,Resolved
TCK-01372,2025-07-24,2025-07-24 06:03:36.000000000,Phone,Product Question,High,Agent_08,6.06,4.0,Resolved
TCK-04575,2025-07-24,2025-07-24 03:19:48.000000000,Phone,Technical Issue,High,Agent_12,3.33,,Resolved
TCK-02843,2025-07-25,2025-07-25 03:06:36.000000000,Email,Billing,Medium,Agent_16,3.11,5.0,Resolved
TCK-04123,2025-07-25,2025-07-25 02:45:00.000000000,Email,Technical Issue,Medium,Agent_07,2.75,4.0,Resolved
TCK-02993,2025-07-25,2025-07-25 05:21:36.000000000,Phone,Billing,Urgent,Agent_12,5.36,,Closed
TCK-03219,2025-07-25,2025-07-25 05:37:48.000000000,Chat,Product Question,Low,Agent_12,5.63,3.0,Resolved
TCK-04490,2025-07-25,2025-07-25 04:15:00.000000000,Phone,Technical Issue,Low,Agent_09,4.25,,Reopened
TCK-02396,2025-07-25,2025-07-25 05:38:24.000000000,Chat,Technical Issue,Low,Agent_04,5.64,,Resolved
TCK-03175,2025-07-25,2025-07-25 01:03:36.000000000,Phone,Product Question,High,Agent_18,1.06,4.0,Resolved
TCK-02564,2025-07-25,2025-07-25 02:07:48.000000000,Email,Refund Request,High,Agent_02,2.13,,Resolved
TCK-02594,2025-07-25,2025-07-25 02:56:24.000000000,Chat,Complaint,High,Agent_15,2.94,3.0,Resolved
TCK-02022,2025-07-25,2025-07-25 01:27:36.000000000,Email,Refund Request,Urgent,Agent_20,1.46,,Resolved
TCK-04344,2025-07-25,2025-07-25 02:26:24.000000000,Email,Complaint,Low,Agent_19,2.44,5.0,Resolved
TCK-01394,2025-07-25,2025-07-25 02:45:00.000000000,Email,Technical Issue,Low,Agent_14,2.75,,Resolved
TCK-03408,2025-07-25,2025-07-25 02:22:48.000000000,Chat,Complaint,Medium,Agent_13,2.38,3.0,Resolved
TCK-00039,2025-07-26,2025-07-26 04:16:12.000000000,Phone,Complaint,Medium,Agent_02,4.27,4.0,Resolved
TCK-00989,2025-07-26,2025-07-26 08:17:23.999999999,Phone,Refund Request,Low,Agent_16,8.29,4.0,Resolved
TCK-01632,2025-07-26,2025-07-26 01:51:00.000000000,Phone,Technical Issue,Medium,Agent_10,1.85,,Resolved
TCK-04312,2025-07-26,2025-07-26 03:07:12.000000000,Phone,Technical Issue,Medium,Agent_04,3.12,,Resolved
TCK-01149,2025-07-26,2025-07-26 04:38:24.000000000,Email,Account Access,Medium,Agent_03,4.64,4.0,Resolved
TCK-02362,2025-07-26,2025-07-26 03:31:12.000000000,Phone,Billing,High,Agent_12,3.52,,Closed
TCK-00666,2025-07-26,2025-07-26 01:06:00.000000000,Email,Refund Request,Low,Agent_05,1.1,,Closed
TCK-04155,2025-07-26,2025-07-26 05:13:48.000000000,Phone,Billing,Medium,Agent_12,5.23,3.0,Closed
TCK-00091,2025-07-26,2025-07-26 04:00:00.000000000,Chat,Product Question,Medium,Agent_10,4.0,3.0,Resolved
TCK-00940,2025-07-26,2025-07-26 03:20:24.000000000,Chat,Account Access,Medium,Agent_18,3.34,,Resolved
TCK-02616,2025-07-26,2025-07-26 08:00:00.000000000,Phone,Technical Issue,Medium,Agent_09,8.0,3.0,Resolved
TCK-00086,2025-07-26,2025-07-26 01:49:12.000000000,Email,Refund Request,High,Agent_18,1.82,3.0,Resolved
TCK-02648,2025-07-26,2025-07-26 01:25:12.000000000,Phone,Complaint,Medium,Agent_03,1.42,,Resolved
TCK-02852,2025-07-27,2025-07-27 06:26:24.000000000,Social Media,Billing,Low,Agent_17,6.44,,Resolved
TCK-02540,2025-07-27,2025-07-27 05:10:12.000000000,Email,Refund Request,Low,Agent_18,5.17,,Resolved
TCK-00076,2025-07-27,2025-07-27 01:07:12.000000000,Chat,Complaint,Medium,Agent_18,1.12,4.0,Resolved
TCK-02607,2025-07-27,2025-07-27 01:49:12.000000000,Email,Billing,High,Agent_02,1.82,,Resolved
TCK-02758,2025-07-27,2025-07-27 02:49:48.000000000,Phone,Technical Issue,High,Agent_20,2.83,,Resolved
TCK-03554,2025-07-27,2025-07-27 04:37:12.000000000,Email,Technical Issue,Low,Agent_06,4.62,,Closed
TCK-00397,2025-07-27,2025-07-27 13:40:48.000000000,Email,Complaint,Medium,Agent_18,13.68,3.0,Resolved
TCK-03851,2025-07-27,2025-07-27 04:36:36.000000000,Chat,Billing,Medium,Agent_09,4.61,4.0,Resolved
TCK-02817,2025-07-27,2025-07-27 05:41:24.000000000,Phone,Account Access,Medium,Agent_05,5.69,,Closed
TCK-01504,2025-07-27,2025-07-27 04:48:36.000000000,Chat,Technical Issue,Medium,Agent_20,4.81,3.0,Resolved
TCK-03104,2025-07-27,2025-07-27 09:32:24.000000000,Phone,Account Access,Medium,Agent_19,9.54,4.0,Closed
TCK-04638,2025-07-27,2025-07-27 01:06:00.000000000,Social Media,Product Question,High,Unknown,1.1,,Resolved
TCK-01415,2025-07-28,2025-07-28 01:07:48.000000000,Phone,Complaint,High,Agent_17,1.13,5.0,Resolved
TCK-02159,2025-07-28,2025-07-28 07:27:36.000000000,Email,Technical Issue,Low,Agent_13,7.46,,Resolved
TCK-03196,2025-07-28,2025-07-28 05:43:48.000000000,Email,Technical Issue,Low,Agent_06,5.73,4.0,Closed
TCK-04852,2025-07-28,2025-07-28 07:13:12.000000000,Chat,Billing,Medium,Agent_14,7.22,,Resolved
TCK-04681,2025-07-28,2025-07-28 03:52:48.000000000,Email,Complaint,High,Agent_07,3.88,4.0,Resolved
TCK-00530,2025-07-28,2025-07-28 02:28:12.000000000,Email,Product Question,Low,Agent_10,2.47,3.0,Resolved
TCK-02263,2025-07-28,2025-07-28 02:18:36.000000000,Chat,Product Question,Medium,Agent_13,2.31,5.0,Closed
TCK-03195,2025-07-28,2025-07-28 02:11:24.000000000,Email,Account Access,Medium,Agent_20,2.19,4.0,Resolved
TCK-04727,2025-07-28,2025-07-28 06:48:36.000000000,Chat,Account Access,Low,Agent_05,6.81,3.0,Resolved
TCK-00248,2025-07-28,2025-07-28 02:27:00.000000000,Phone,Technical Issue,Low,Agent_18,2.45,,Resolved
TCK-00668,2025-07-28,2025-07-28 01:41:24.000000000,Chat,Technical Issue,Low,Unknown,1.69,5.0,Resolved
TCK-01688,2025-07-28,2025-07-28 02:37:48.000000000,Email,Technical Issue,Urgent,Agent_12,2.63,3.0,Closed
TCK-00938,2025-07-28,2025-07-28 01:22:12.000000000,Chat,Complaint,High,Agent_14,1.37,5.0,Resolved
TCK-04146,2025-07-28,2025-07-28 07:25:12.000000000,Phone,Product Question,Low,Agent_07,7.42,4.0,Resolved
TCK-00882,2025-07-28,2025-07-28 03:43:12.000000000,Chat,Billing,Medium,Agent_11,3.72,3.0,Resolved
TCK-03644,2025-07-28,2025-07-28 07:00:00.000000000,Phone,Refund Request,Low,Agent_11,7.0,4.0,Resolved
TCK-01719,2025-07-28,2025-07-28 02:12:36.000000000,Phone,Product Question,Medium,Agent_10,2.21,4.0,Reopened
TCK-03886,2025-07-28,2025-07-28 03:37:12.000000000,Phone,Technical Issue,Low,Agent_10,3.62,,Resolved
TCK-03843,2025-07-29,2025-07-29 01:50:24.000000000,Phone,Complaint,High,Agent_19,1.84,5.0,Closed
TCK-04618,2025-07-29,2025-07-29 10:31:12.000000000,Email,Product Question,Low,Agent_08,10.52,3.0,Resolved
TCK-01857,2025-07-29,2025-07-29 06:19:12.000000000,Phone,Refund Request,Low,Agent_09,6.32,4.0,Resolved
TCK-04937,2025-07-29,2025-07-29 03:06:00.000000000,Phone,Technical Issue,Medium,Agent_10,3.1,5.0,Resolved
TCK-00089,2025-07-29,2025-07-29 01:42:36.000000000,Phone,Technical Issue,Low,Agent_02,1.71,4.0,Resolved
TCK-02697,2025-07-29,2025-07-29 15:08:24.000000000,Email,Product Question,Medium,Agent_01,15.14,,Resolved
TCK-01591,2025-07-29,2025-07-29 00:31:48.000000000,Email,Refund Request,Urgent,Agent_09,0.53,3.0,Resolved
TCK-01304,2025-07-29,2025-07-29 01:57:36.000000000,Email,Product Question,High,Agent_16,1.96,,Resolved
TCK-04717,2025-07-29,2025-07-29 04:10:48.000000000,Email,Product Question,Medium,Agent_06,4.18,,Closed
TCK-01587,2025-07-30,2025-07-30 06:18:36.000000000,Phone,Technical Issue,High,Agent_03,6.31,3.0,Resolved
TCK-02490,2025-07-30,2025-07-30 04:06:00.000000000,Email,Technical Issue,Medium,Agent_09,4.1,4.0,Resolved
TCK-02521,2025-07-30,2025-07-30 05:23:24.000000000,Email,Billing,Medium,Agent_10,5.39,,Resolved
TCK-02207,2025-07-30,2025-07-30 06:19:48.000000000,Chat,Technical Issue,Medium,Agent_15,6.33,3.0,Closed
TCK-01725,2025-07-30,2025-07-30 05:14:24.000000000,Phone,Technical Issue,Low,Agent_05,5.24,3.0,Resolved
TCK-00495,2025-07-30,2025-07-30 10:19:48.000000000,Email,Billing,Low,Agent_13,10.33,2.0,Closed
TCK-03723,2025-07-30,2025-07-30 01:30:36.000000000,Email,Account Access,High,Agent_19,1.51,4.0,Resolved
TCK-00890,2025-07-30,2025-07-30 06:21:36.000000000,Email,Product Question,Low,Agent_09,6.36,3.0,Reopened
TCK-02679,2025-07-31,2025-07-31 05:52:12.000000000,Chat,Account Access,Low,Agent_11,5.87,4.0,Reopened
TCK-03097,2025-07-31,2025-07-31 02:12:36.000000000,Email,Technical Issue,Urgent,Agent_17,2.21,4.0,Resolved
TCK-04325,2025-07-31,2025-07-31 01:56:24.000000000,Phone,Technical Issue,High,Agent_10,1.94,4.0,Resolved
TCK-02639,2025-07-31,2025-07-31 01:40:48.000000000,Phone,Technical Issue,Medium,Agent_16,1.68,4.0,Resolved
TCK-03187,2025-07-31,2025-07-31 09:39:36.000000000,Chat,Refund Request,Medium,Agent_11,9.66,3.0,Closed
TCK-03472,2025-07-31,2025-07-31 01:39:00.000000000,Phone,Product Question,Urgent,Agent_01,1.65,,Resolved
TCK-02586,2025-07-31,2025-07-31 02:42:36.000000000,Phone,Technical Issue,Medium,Agent_19,2.71,,Closed
TCK-03502,2025-07-31,2025-07-31 03:34:11.999999999,Chat,Refund Request,Medium,Agent_01,3.57,4.0,Resolved
TCK-04622,2025-07-31,2025-07-31 07:57:36.000000000,Phone,Account Access,Low,Agent_13,7.96,2.0,Resolved
TCK-00637,2025-07-31,2025-07-31 09:51:00.000000000,Email,Complaint,Medium,Agent_09,9.85,3.0,Resolved
TCK-00557,2025-07-31,2025-08-01 02:52:48.000000000,Email,Billing,Medium,Agent_19,26.88,,Closed
TCK-00188,2025-07-31,2025-07-31 03:56:24.000000000,Email,Technical Issue,Low,Agent_13,3.94,4.0,Resolved
TCK-03035,2025-08-01,2025-08-01 06:24:00.000000000,Phone,Product Question,Medium,Agent_09,6.4,,Closed
TCK-03762,2025-08-01,2025-08-01 01:21:36.000000000,Email,Account Access,High,Agent_14,1.36,4.0,Resolved
TCK-04858,2025-08-01,2025-08-01 04:43:48.000000000,Social Media,Complaint,High,Agent_07,4.73,4.0,Resolved
TCK-03338,2025-08-01,2025-08-01 01:30:36.000000000,Phone,Product Question,Low,Agent_13,1.51,4.0,Resolved
TCK-03711,2025-08-01,2025-08-01 04:37:12.000000000,Chat,Billing,Low,Agent_16,4.62,4.0,Closed
TCK-00226,2025-08-01,2025-08-01 13:29:24.000000000,Chat,Account Access,Low,Agent_04,13.49,3.0,Reopened
TCK-02083,2025-08-01,2025-08-01 02:46:48.000000000,Social Media,Product Question,Medium,Agent_15,2.78,,Resolved
TCK-01121,2025-08-01,2025-08-01 02:18:00.000000000,Email,Technical Issue,Low,Agent_16,2.3,,Closed
TCK-03682,2025-08-01,2025-08-01 05:04:12.000000000,Phone,Billing,Medium,Agent_17,5.07,4.0,Closed
TCK-01720,2025-08-01,2025-08-01 03:46:12.000000000,Phone,Refund Request,Low,Agent_19,3.77,,Resolved
TCK-00384,2025-08-01,2025-08-01 02:13:12.000000000,Social Media,Product Question,Urgent,Agent_10,2.22,3.0,Resolved
TCK-02689,2025-08-01,2025-08-01 02:30:36.000000000,Email,Technical Issue,Low,Agent_06,2.51,2.0,Resolved
TCK-02713,2025-08-01,2025-08-01 10:17:23.999999999,Email,Technical Issue,Low,Agent_03,10.29,,Resolved
TCK-04860,2025-08-02,2025-08-02 01:39:36.000000000,Email,Technical Issue,Medium,Agent_19,1.66,5.0,Closed
TCK-04336,2025-08-02,2025-08-02 02:31:48.000000000,Email,Technical Issue,Medium,Agent_09,2.53,5.0,Closed
TCK-00202,2025-08-02,2025-08-02 03:14:24.000000000,Chat,Complaint,Low,Agent_02,3.24,,Resolved
TCK-01588,2025-08-02,2025-08-02 09:04:12.000000000,Phone,Technical Issue,Low,Agent_05,9.07,3.0,Resolved
TCK-01751,2025-08-02,2025-08-02 03:56:24.000000000,Social Media,Billing,High,Agent_20,3.94,5.0,Resolved
TCK-01375,2025-08-02,2025-08-02 02:06:00.000000000,Chat,Technical Issue,Low,Agent_20,2.1,4.0,Resolved
TCK-02424,2025-08-02,2025-08-02 10:08:24.000000000,Social Media,Account Access,Low,Agent_03,10.14,3.0,Resolved
TCK-01997,2025-08-02,2025-08-02 02:50:24.000000000,Email,Complaint,Medium,Agent_11,2.84,4.0,Resolved
TCK-02508,2025-08-02,2025-08-02 02:19:12.000000000,Email,Billing,Medium,Agent_11,2.32,,Resolved
TCK-04395,2025-08-02,2025-08-02 01:00:00.000000000,Phone,Refund Request,High,Agent_10,1.0,4.0,Resolved
TCK-02150,2025-08-02,2025-08-02 01:46:12.000000000,Email,Complaint,Low,Agent_02,1.77,4.0,Reopened
TCK-01818,2025-08-02,2025-08-02 05:09:00.000000000,Email,Account Access,High,Agent_11,5.15,,Resolved
TCK-04826,2025-08-02,2025-08-02 08:18:00.000000000,Phone,Technical Issue,Low,Agent_02,8.3,4.0,Resolved
TCK-00746,2025-08-03,2025-08-03 01:57:00.000000000,Email,Refund Request,Medium,Agent_20,1.95,3.0,Resolved
TCK-00220,2025-08-03,2025-08-03 02:05:24.000000000,Phone,Technical Issue,Medium,Agent_16,2.09,5.0,Resolved
TCK-00926,2025-08-03,2025-08-03 04:48:00.000000000,Email,Billing,Low,Agent_19,4.8,3.0,Resolved
TCK-02305,2025-08-03,2025-08-03 03:10:48.000000000,Email,Technical Issue,Medium,Agent_02,3.18,,Resolved
TCK-01793,2025-08-03,2025-08-03 02:30:00.000000000,Email,Technical Issue,High,Agent_06,2.5,5.0,Closed
TCK-02195,2025-08-03,2025-08-03 01:37:48.000000000,Phone,Billing,Medium,Agent_07,1.63,4.0,Reopened
TCK-04372,2025-08-03,2025-08-03 07:55:48.000000000,Email,Billing,Low,Agent_13,7.93,3.0,Resolved
TCK-01116,2025-08-03,2025-08-03 06:56:24.000000000,Email,Technical Issue,Low,Agent_10,6.94,,Resolved
TCK-03633,2025-08-03,2025-08-03 05:57:00.000000000,Email,Technical Issue,Medium,Agent_09,5.95,3.0,Resolved
TCK-04545,2025-08-03,2025-08-03 01:01:48.000000000,Email,Technical Issue,High,Agent_01,1.03,5.0,Resolved
TCK-00945,2025-08-03,2025-08-03 04:05:24.000000000,Chat,Product Question,Medium,Agent_13,4.09,,Resolved
TCK-01383,2025-08-03,2025-08-03 01:37:12.000000000,Phone,Product Question,Medium,Agent_12,1.62,4.0,Closed
TCK-03627,2025-08-03,2025-08-03 21:58:48.000000000,Chat,Billing,Low,Agent_07,21.98,,Resolved
TCK-01078,2025-08-03,2025-08-03 01:24:00.000000000,Chat,Account Access,High,Agent_18,1.4,3.0,Resolved
TCK-02907,2025-08-03,2025-08-03 01:26:24.000000000,Social Media,Billing,High,Agent_05,1.44,,Resolved
TCK-04423,2025-08-03,2025-08-03 09:42:00.000000000,Phone,Technical Issue,Low,Agent_01,9.7,4.0,Closed
TCK-04834,2025-08-03,2025-08-03 02:40:12.000000000,Phone,Account Access,Low,Agent_09,2.67,,Resolved
TCK-04468,2025-08-03,2025-08-03 11:46:48.000000000,Email,Billing,Medium,Agent_19,11.78,3.0,Resolved
TCK-01356,2025-08-04,2025-08-04 02:33:00.000000000,Email,Technical Issue,Low,Agent_02,2.55,5.0,Resolved
TCK-00658,2025-08-04,2025-08-04 07:10:48.000000000,Email,Account Access,Medium,Agent_02,7.18,,Resolved
TCK-04507,2025-08-04,2025-08-04 00:39:36.000000000,Phone,Complaint,High,Agent_06,0.66,,Closed
TCK-01278,2025-08-04,2025-08-04 04:05:24.000000000,Chat,Account Access,Medium,Agent_20,4.09,2.0,Resolved
TCK-00508,2025-08-04,2025-08-04 02:54:00.000000000,Chat,Product Question,Medium,Agent_05,2.9,,Resolved
TCK-01506,2025-08-04,2025-08-04 12:26:24.000000000,Chat,Account Access,Medium,Agent_03,12.44,,Resolved
TCK-03929,2025-08-04,2025-08-04 05:41:24.000000000,Phone,Product Question,Low,Agent_12,5.69,,Resolved
TCK-00941,2025-08-04,2025-08-04 10:10:48.000000000,Phone,Complaint,Low,Agent_18,10.18,3.0,Resolved
TCK-04417,2025-08-04,2025-08-04 02:13:12.000000000,Chat,Complaint,High,Agent_20,2.22,5.0,Resolved
TCK-00230,2025-08-04,2025-08-04 14:37:12.000000000,Email,Complaint,Low,Agent_20,14.62,,Resolved
TCK-02520,2025-08-04,2025-08-04 02:12:36.000000000,Chat,Account Access,High,Agent_07,2.21,4.0,Closed
TCK-02025,2025-08-04,2025-08-04 10:33:00.000000000,Email,Account Access,Low,Agent_04,10.55,2.0,Resolved
TCK-04898,2025-08-04,2025-08-04 09:27:36.000000000,Chat,Billing,High,Agent_14,9.46,3.0,Closed
TCK-04020,2025-08-05,2025-08-05 05:26:24.000000000,Phone,Complaint,Low,Agent_14,5.44,4.0,Resolved
TCK-03915,2025-08-05,2025-08-05 04:15:00.000000000,Phone,Account Access,Low,Agent_06,4.25,,Resolved
TCK-00875,2025-08-05,2025-08-05 06:50:24.000000000,Phone,Billing,Low,Agent_20,6.84,,Resolved
TCK-04742,2025-08-05,2025-08-05 04:21:00.000000000,Chat,Technical Issue,Low,Agent_11,4.35,5.0,Resolved
TCK-00480,2025-08-05,2025-08-06 11:19:48.000000000,Email,Refund Request,Medium,Agent_01,35.33,1.0,Resolved
TCK-01568,2025-08-05,2025-08-05 07:41:24.000000000,Phone,Complaint,Low,Agent_11,7.69,3.0,Closed
TCK-02636,2025-08-05,2025-08-05 06:47:24.000000000,Email,Technical Issue,High,Agent_11,6.79,4.0,Resolved
TCK-04896,2025-08-05,2025-08-05 02:16:48.000000000,Chat,Refund Request,Medium,Agent_01,2.28,,Resolved
TCK-02926,2025-08-05,2025-08-05 03:15:00.000000000,Email,Billing,Low,Agent_01,3.25,2.0,Resolved
TCK-04888,2025-08-05,2025-08-05 03:46:48.000000000,Phone,Technical Issue,Low,Agent_20,3.78,4.0,Resolved
TCK-03785,2025-08-05,2025-08-05 00:58:12.000000000,Phone,Product Question,High,Agent_01,0.97,4.0,Resolved
TCK-00648,2025-08-05,2025-08-05 10:48:00.000000000,Email,Refund Request,Low,Agent_11,10.8,3.0,Resolved
TCK-00428,2025-08-06,2025-08-06 05:24:36.000000000,Chat,Technical Issue,Medium,Agent_04,5.41,,Resolved
TCK-04750,2025-08-06,2025-08-06 05:27:00.000000000,Email,Billing,Medium,Agent_15,5.45,4.0,Resolved
TCK-01310,2025-08-06,2025-08-06 02:57:00.000000000,Phone,Refund Request,Low,Agent_08,2.95,5.0,Resolved
TCK-01604,2025-08-06,2025-08-06 01:27:36.000000000,Email,Technical Issue,Medium,Agent_12,1.46,5.0,Resolved
TCK-01614,2025-08-06,2025-08-06 04:18:36.000000000,Phone,Account Access,Medium,Agent_09,4.31,5.0,Resolved
TCK-00415,2025-08-06,2025-08-06 01:38:24.000000000,Phone,Account Access,Urgent,Agent_05,1.64,3.0,Resolved
TCK-04762,2025-08-06,2025-08-06 01:28:12.000000000,Email,Refund Request,High,Agent_07,1.47,5.0,Resolved
TCK-02405,2025-08-07,2025-08-07 04:19:48.000000000,Phone,Billing,Low,Agent_08,4.33,,Resolved
TCK-04973,2025-08-07,2025-08-07 02:27:00.000000000,Chat,Technical Issue,High,Agent_10,2.45,3.0,Resolved
TCK-01465,2025-08-07,2025-08-07 01:39:00.000000000,Email,Account Access,Urgent,Agent_04,1.65,,Resolved
TCK-00680,2025-08-07,2025-08-07 04:51:36.000000000,Chat,Technical Issue,Medium,Agent_15,4.86,4.0,Closed
TCK-03798,2025-08-07,2025-08-07 02:30:36.000000000,Phone,Billing,Medium,Agent_07,2.51,3.0,Resolved
TCK-03375,2025-08-07,2025-08-07 05:28:12.000000000,Email,Product Question,High,Agent_07,5.47,3.0,Resolved
TCK-02967,2025-08-07,2025-08-07 01:01:12.000000000,Chat,Billing,Low,Agent_17,1.02,4.0,Resolved
TCK-01148,2025-08-07,2025-08-07 01:24:00.000000000,Email,Product Question,High,Agent_08,1.4,4.0,Resolved
TCK-02979,2025-08-07,2025-08-07 06:52:12.000000000,Email,Product Question,Medium,Agent_16,6.87,,Resolved
TCK-01984,2025-08-07,2025-08-07 01:00:00.000000000,Phone,Technical Issue,High,Agent_11,1.0,,Closed
TCK-00491,2025-08-07,2025-08-07 02:48:00.000000000,Email,Refund Request,Medium,Agent_10,2.8,5.0,Resolved
TCK-04578,2025-08-07,2025-08-07 06:16:12.000000000,Email,Billing,Medium,Agent_03,6.27,,Resolved
TCK-04350,2025-08-07,2025-08-07 03:57:36.000000000,Phone,Technical Issue,Medium,Agent_16,3.96,2.0,Closed
TCK-04225,2025-08-07,2025-08-07 04:13:12.000000000,Email,Technical Issue,Low,Agent_04,4.22,3.0,Resolved
TCK-02933,2025-08-07,2025-08-07 05:55:48.000000000,Phone,Product Question,High,Agent_01,5.93,2.0,Resolved
TCK-04501,2025-08-07,2025-08-07 03:36:36.000000000,Social Media,Technical Issue,Medium,Agent_07,3.61,3.0,Closed
TCK-02574,2025-08-07,2025-08-07 00:34:11.999999999,Email,Account Access,High,Agent_17,0.57,5.0,Resolved
TCK-00625,2025-08-07,2025-08-07 02:43:12.000000000,Chat,Account Access,Medium,Agent_07,2.72,3.0,Resolved
TCK-00354,2025-08-07,2025-08-07 04:08:24.000000000,Email,Billing,High,Agent_08,4.14,4.0,Resolved
TCK-01540,2025-08-08,2025-08-08 03:49:48.000000000,Chat,Complaint,Low,Agent_18,3.83,4.0,Closed
TCK-01724,2025-08-08,2025-08-08 05:13:48.000000000,Phone,Technical Issue,Low,Agent_02,5.23,,Resolved
TCK-03383,2025-08-08,2025-08-08 03:35:24.000000000,Email,Technical Issue,High,Agent_02,3.59,,Resolved
TCK-03608,2025-08-08,2025-08-08 03:36:36.000000000,Email,Technical Issue,Low,Agent_08,3.61,4.0,Resolved
TCK-04038,2025-08-08,2025-08-08 09:34:47.999999999,Email,Refund Request,Medium,Agent_02,9.58,,Resolved
TCK-03307,2025-08-08,2025-08-08 03:11:24.000000000,Phone,Product Question,Medium,Agent_14,3.19,3.0,Resolved
TCK-03263,2025-08-08,2025-08-08 03:43:12.000000000,Phone,Technical Issue,Medium,Agent_03,3.72,3.0,Resolved
TCK-04270,2025-08-08,2025-08-08 09:49:12.000000000,Chat,Billing,Low,Agent_11,9.82,3.0,Resolved
TCK-04716,2025-08-08,2025-08-08 11:35:24.000000000,Chat,Complaint,Low,Agent_13,11.59,,Closed
TCK-00927,2025-08-08,2025-08-08 03:19:12.000000000,Phone,Technical Issue,High,Agent_09,3.32,3.0,Closed
TCK-02374,2025-08-08,2025-08-08 01:57:00.000000000,Email,Complaint,High,Agent_11,1.95,3.0,Resolved
TCK-01008,2025-08-08,2025-08-08 03:50:24.000000000,Email,Product Question,Low,Agent_14,3.84,,Closed
TCK-03836,2025-08-09,2025-08-09 03:11:24.000000000,Phone,Billing,Medium,Agent_13,3.19,4.0,Resolved
TCK-00097,2025-08-09,2025-08-09 09:17:23.999999999,Email,Technical Issue,Medium,Agent_15,9.29,3.0,Closed
TCK-04219,2025-08-09,2025-08-09 01:34:47.999999999,Chat,Technical Issue,High,Agent_10,1.58,,Resolved
TCK-01528,2025-08-09,2025-08-09 05:35:24.000000000,Email,Technical Issue,High,Agent_08,5.59,4.0,Reopened
TCK-01833,2025-08-09,2025-08-09 02:24:36.000000000,Phone,Technical Issue,Medium,Agent_06,2.41,4.0,Reopened
TCK-00454,2025-08-09,2025-08-09 01:40:12.000000000,Chat,Billing,High,Agent_19,1.67,4.0,Resolved
TCK-02173,2025-08-09,2025-08-09 02:36:36.000000000,Phone,Product Question,Medium,Agent_19,2.61,5.0,Resolved
TCK-04193,2025-08-09,2025-08-09 06:02:24.000000000,Email,Billing,Medium,Agent_13,6.04,3.0,Closed
TCK-01485,2025-08-09,2025-08-09 02:07:12.000000000,Phone,Billing,Low,Agent_15,2.12,5.0,Resolved
TCK-03409,2025-08-09,2025-08-09 03:22:48.000000000,Chat,Complaint,Medium,Agent_06,3.38,4.0,Resolved
TCK-00585,2025-08-09,2025-08-09 16:40:12.000000000,Phone,Product Question,Medium,Agent_12,16.67,3.0,Resolved
TCK-03770,2025-08-10,2025-08-10 03:43:12.000000000,Chat,Technical Issue,Medium,Agent_11,3.72,3.0,Resolved
TCK-04549,2025-08-10,2025-08-10 05:54:36.000000000,Email,Billing,Low,Agent_02,5.91,,Resolved
TCK-03130,2025-08-10,2025-08-10 00:55:12.000000000,Email,Technical Issue,Low,Agent_17,0.92,,Closed
TCK-02652,2025-08-10,2025-08-10 14:02:24.000000000,Phone,Technical Issue,Medium,Agent_09,14.04,3.0,Resolved
TCK-00810,2025-08-10,2025-08-10 03:49:48.000000000,Email,Technical Issue,Medium,Agent_20,3.83,4.0,Resolved
TCK-03396,2025-08-10,2025-08-10 02:22:12.000000000,Phone,Refund Request,Low,Agent_14,2.37,4.0,Closed
TCK-02143,2025-08-10,2025-08-10 01:30:36.000000000,Phone,Technical Issue,High,Agent_07,1.51,,Closed
TCK-00450,2025-08-10,2025-08-10 04:47:24.000000000,Email,Billing,Medium,Agent_10,4.79,4.0,Resolved
TCK-01912,2025-08-10,2025-08-10 01:40:12.000000000,Chat,Technical Issue,Medium,Agent_05,1.67,5.0,Closed
TCK-00153,2025-08-10,2025-08-10 08:50:24.000000000,Email,Refund Request,Low,Agent_18,8.84,,Resolved
TCK-04170,2025-08-10,2025-08-10 03:32:24.000000000,Phone,Product Question,Medium,Agent_02,3.54,4.0,Resolved
TCK-01141,2025-08-10,2025-08-10 06:52:12.000000000,Email,Technical Issue,Medium,Agent_18,6.87,,Resolved
TCK-04874,2025-08-10,2025-08-10 11:51:00.000000000,Phone,Billing,Low,Agent_02,11.85,,Resolved
TCK-02454,2025-08-11,2025-08-11 01:15:36.000000000,Chat,Technical Issue,High,Agent_09,1.26,3.0,Closed
TCK-03855,2025-08-11,2025-08-11 04:40:48.000000000,Email,Billing,Medium,Agent_02,4.68,3.0,Resolved
TCK-02104,2025-08-11,2025-08-11 02:41:24.000000000,Chat,Product Question,Medium,Agent_13,2.69,3.0,Resolved
TCK-03824,2025-08-11,2025-08-11 02:07:48.000000000,Phone,Billing,Low,Agent_19,2.13,,Resolved
TCK-03385,2025-08-11,2025-08-11 02:57:36.000000000,Phone,Technical Issue,High,Agent_03,2.96,4.0,Closed
TCK-01265,2025-08-11,2025-08-11 06:46:12.000000000,Phone,Product Question,High,Unknown,6.77,4.0,Resolved
TCK-03573,2025-08-11,2025-08-11 02:49:48.000000000,Phone,Product Question,Low,Agent_04,2.83,,Closed
TCK-02084,2025-08-11,2025-08-11 02:37:48.000000000,Phone,Technical Issue,High,Agent_15,2.63,4.0,Resolved
TCK-04311,2025-08-11,2025-08-11 20:19:12.000000000,Phone,Billing,Low,Agent_13,20.32,2.0,Closed
TCK-03185,2025-08-11,2025-08-11 02:28:48.000000000,Phone,Billing,Medium,Agent_04,2.48,,Resolved
TCK-03562,2025-08-11,2025-08-11 07:28:12.000000000,Email,Product Question,Medium,Agent_15,7.47,,Reopened
TCK-04940,2025-08-11,2025-08-11 05:09:00.000000000,Phone,Billing,Low,Agent_09,5.15,4.0,Resolved
TCK-04546,2025-08-11,2025-08-11 06:22:48.000000000,Chat,Technical Issue,Low,Agent_19,6.38,,Resolved
TCK-01622,2025-08-11,2025-08-11 09:46:48.000000000,Phone,Refund Request,Low,Agent_02,9.78,4.0,Resolved
TCK-01718,2025-08-11,2025-08-11 08:48:36.000000000,Chat,Product Question,Medium,Agent_19,8.81,4.0,Resolved
TCK-02931,2025-08-12,2025-08-12 01:58:48.000000000,Email,Technical Issue,Low,Agent_20,1.98,4.0,Resolved
TCK-00229,2025-08-12,2025-08-12 02:40:48.000000000,Phone,Technical Issue,Medium,Agent_05,2.68,5.0,Closed
TCK-00856,2025-08-12,2025-08-12 03:15:00.000000000,Email,Account Access,High,Agent_11,3.25,3.0,Closed
TCK-04504,2025-08-12,2025-08-12 02:37:48.000000000,Phone,Billing,High,Agent_02,2.63,2.0,Resolved
TCK-04188,2025-08-12,2025-08-12 15:34:47.999999999,Phone,Billing,Medium,Unknown,15.58,3.0,Resolved
TCK-00916,2025-08-12,2025-08-12 03:48:36.000000000,Phone,Product Question,Medium,Agent_20,3.81,4.0,Resolved
TCK-02824,2025-08-12,2025-08-12 03:44:24.000000000,Phone,Refund Request,Low,Agent_12,3.74,,Resolved
TCK-04761,2025-08-12,2025-08-12 03:06:00.000000000,Phone,Billing,Low,Agent_20,3.1,3.0,Closed
TCK-03084,2025-08-12,2025-08-12 06:11:24.000000000,Chat,Product Question,Low,Agent_17,6.19,3.0,Resolved
TCK-04415,2025-08-12,2025-08-12 06:57:36.000000000,Phone,Complaint,Medium,Agent_08,6.96,4.0,Resolved
TCK-00727,2025-08-12,2025-08-12 04:52:12.000000000,Email,Billing,Urgent,Agent_07,4.87,3.0,Resolved
TCK-03880,2025-08-13,2025-08-13 01:59:24.000000000,Chat,Refund Request,Medium,Agent_07,1.99,,Resolved
TCK-01789,2025-08-13,2025-08-13 03:45:36.000000000,Chat,Technical Issue,Medium,Agent_12,3.76,4.0,Resolved
TCK-04599,2025-08-13,2025-08-13 01:36:00.000000000,Email,Billing,Urgent,Agent_18,1.6,3.0,Resolved
TCK-00860,2025-08-13,2025-08-13 01:18:00.000000000,Social Media,Technical Issue,High,Agent_18,1.3,,Reopened
TCK-00632,2025-08-13,2025-08-13 04:11:24.000000000,Phone,Account Access,High,Agent_17,4.19,,Closed
TCK-03882,2025-08-13,2025-08-13 02:22:12.000000000,Email,Account Access,Low,Agent_02,2.37,,Resolved
TCK-00561,2025-08-13,2025-08-13 02:25:48.000000000,Email,Technical Issue,Medium,Agent_08,2.43,5.0,Closed
TCK-03377,2025-08-13,2025-08-13 04:22:48.000000000,Email,Technical Issue,Low,Agent_16,4.38,,Resolved
TCK-00283,2025-08-13,2025-08-13 04:50:24.000000000,Email,Technical Issue,Low,Agent_11,4.84,,Reopened
TCK-01095,2025-08-13,2025-08-13 01:51:36.000000000,Phone,Billing,High,Agent_19,1.86,,Resolved
TCK-03137,2025-08-13,2025-08-13 05:46:12.000000000,Chat,Product Question,Low,Agent_06,5.77,5.0,Resolved
TCK-03998,2025-08-13,2025-08-13 03:07:48.000000000,Phone,Technical Issue,Medium,Agent_20,3.13,4.0,Resolved
TCK-03291,2025-08-13,2025-08-13 06:34:11.999999999,Phone,Technical Issue,Medium,Agent_15,6.57,2.0,Resolved
TCK-01987,2025-08-13,2025-08-13 02:42:00.000000000,Email,Account Access,High,Agent_11,2.7,5.0,Resolved
TCK-00913,2025-08-13,2025-08-13 04:06:00.000000000,Social Media,Complaint,Low,Agent_08,4.1,5.0,Resolved
TCK-00662,2025-08-13,2025-08-13 03:36:36.000000000,Email,Product Question,High,Agent_10,3.61,4.0,Resolved
TCK-03569,2025-08-14,2025-08-14 03:21:36.000000000,Email,Complaint,Medium,Agent_14,3.36,3.0,Resolved
TCK-02785,2025-08-14,2025-08-14 16:07:12.000000000,Email,Complaint,Low,Agent_13,16.12,2.0,Resolved
TCK-04555,2025-08-14,2025-08-14 01:40:48.000000000,Chat,Account Access,Medium,Agent_03,1.68,,Resolved
TCK-03930,2025-08-14,2025-08-14 05:14:24.000000000,Chat,Account Access,Low,Agent_07,5.24,,Resolved
TCK-02353,2025-08-14,2025-08-14 00:48:00.000000000,Phone,Product Question,High,Agent_15,0.8,5.0,Resolved
TCK-00947,2025-08-14,2025-08-14 10:56:24.000000000,Phone,Technical Issue,Low,Agent_02,10.94,,Resolved
TCK-04581,2025-08-14,2025-08-14 01:52:12.000000000,Email,Billing,Low,Agent_15,1.87,,Resolved
TCK-02589,2025-08-14,2025-08-14 04:15:00.000000000,Phone,Complaint,Medium,Agent_14,4.25,3.0,Resolved
TCK-01845,2025-08-14,2025-08-14 15:00:00.000000000,Phone,Product Question,Low,Agent_20,15.0,3.0,Resolved
TCK-01806,2025-08-14,2025-08-14 01:12:00.000000000,Phone,Account Access,Medium,Agent_14,1.2,,Resolved
TCK-02864,2025-08-14,2025-08-14 03:16:12.000000000,Email,Complaint,High,Agent_08,3.27,5.0,Reopened
TCK-01514,2025-08-14,2025-08-14 02:04:12.000000000,Phone,Complaint,Medium,Agent_07,2.07,4.0,Resolved
TCK-02686,2025-08-14,2025-08-14 07:10:12.000000000,Email,Account Access,Medium,Agent_19,7.17,,Resolved
TCK-02887,2025-08-14,2025-08-14 05:47:24.000000000,Email,Product Question,Low,Agent_13,5.79,,Resolved
TCK-03304,2025-08-14,2025-08-14 05:12:00.000000000,Email,Technical Issue,Medium,Agent_15,5.2,3.0,Resolved
TCK-02377,2025-08-15,2025-08-15 02:51:36.000000000,Email,Product Question,Low,Agent_09,2.86,,Resolved
TCK-04863,2025-08-15,2025-08-15 01:49:48.000000000,Chat,Product Question,High,Agent_06,1.83,4.0,Resolved
TCK-00303,2025-08-15,2025-08-15 04:24:00.000000000,Email,Technical Issue,Low,Agent_09,4.4,4.0,Closed
TCK-01621,2025-08-15,2025-08-15 04:07:12.000000000,Email,Technical Issue,Medium,Agent_02,4.12,4.0,Closed
TCK-00635,2025-08-15,2025-08-15 06:06:00.000000000,Email,Account Access,High,Agent_12,6.1,3.0,Resolved
TCK-02186,2025-08-15,2025-08-15 01:50:24.000000000,Email,Billing,Low,Agent_09,1.84,,Resolved
TCK-02877,2025-08-15,2025-08-15 01:12:36.000000000,Email,Billing,High,Agent_12,1.21,,Reopened
TCK-01160,2025-08-15,2025-08-15 03:40:48.000000000,Email,Product Question,Low,Agent_09,3.68,5.0,Resolved
TCK-01357,2025-08-15,2025-08-15 07:21:00.000000000,Email,Complaint,Low,Agent_20,7.35,3.0,Resolved
TCK-03600,2025-08-15,2025-08-15 09:44:24.000000000,Email,Product Question,High,Agent_07,9.74,,Resolved
TCK-03835,2025-08-15,2025-08-15 02:39:00.000000000,Email,Technical Issue,Medium,Agent_04,2.65,4.0,Resolved
TCK-01500,2025-08-15,2025-08-15 02:44:24.000000000,Phone,Complaint,High,Agent_14,2.74,3.0,Resolved
TCK-01598,2025-08-15,2025-08-15 06:07:48.000000000,Chat,Account Access,Low,Agent_08,6.13,4.0,Resolved
TCK-03560,2025-08-15,2025-08-15 01:28:48.000000000,Chat,Product Question,Low,Agent_18,1.48,,Resolved
TCK-02468,2025-08-15,2025-08-15 03:57:36.000000000,Email,Complaint,Low,Agent_01,3.96,,Resolved
TCK-01250,2025-08-15,2025-08-15 04:06:36.000000000,Phone,Billing,Medium,Agent_16,4.11,4.0,Resolved
TCK-03327,2025-08-15,2025-08-15 04:22:12.000000000,Chat,Product Question,Low,Agent_08,4.37,,Resolved
TCK-03564,2025-08-16,2025-08-16 04:35:24.000000000,Email,Product Question,High,Agent_19,4.59,,Closed
TCK-03081,2025-08-16,2025-08-16 13:25:12.000000000,Phone,Product Question,Low,Agent_10,13.42,2.0,Resolved
TCK-01171,2025-08-16,2025-08-16 04:28:12.000000000,Email,Account Access,Low,Agent_20,4.47,5.0,Closed
TCK-01942,2025-08-16,2025-08-16 06:48:36.000000000,Email,Billing,Medium,Agent_06,6.81,,Resolved
TCK-00785,2025-08-16,2025-08-16 04:42:00.000000000,Phone,Product Question,Medium,Agent_15,4.7,4.0,Resolved
TCK-01715,2025-08-17,2025-08-17 03:56:24.000000000,Email,Billing,Low,Agent_15,3.94,5.0,Resolved
TCK-02789,2025-08-17,2025-08-17 07:31:12.000000000,Email,Product Question,Medium,Agent_03,7.52,3.0,Reopened
TCK-00200,2025-08-17,2025-08-17 02:58:12.000000000,Phone,Technical Issue,Low,Agent_05,2.97,4.0,Resolved
TCK-02858,2025-08-17,2025-08-17 03:34:11.999999999,Phone,Technical Issue,Low,Agent_11,3.57,3.0,Resolved
TCK-02681,2025-08-17,2025-08-17 03:06:36.000000000,Email,Product Question,Low,Agent_06,3.11,5.0,Closed
TCK-03652,2025-08-17,2025-08-17 02:15:36.000000000,Email,Product Question,Low,Agent_09,2.26,5.0,Resolved
TCK-02088,2025-08-17,2025-08-17 07:26:24.000000000,Email,Account Access,Medium,Agent_01,7.44,,Resolved
TCK-02986,2025-08-17,2025-08-17 04:30:00.000000000,Email,Product Question,High,Agent_12,4.5,,Resolved
TCK-04870,2025-08-17,2025-08-17 00:56:24.000000000,Email,Product Question,Urgent,Agent_15,0.94,3.0,Closed
TCK-02867,2025-08-17,2025-08-17 03:33:36.000000000,Email,Account Access,Low,Agent_15,3.56,,Closed
TCK-00956,2025-08-17,2025-08-17 04:21:00.000000000,Email,Technical Issue,Medium,Agent_12,4.35,4.0,Resolved
TCK-04456,2025-08-17,2025-08-17 01:31:12.000000000,Email,Technical Issue,Low,Agent_08,1.52,5.0,Resolved
TCK-03779,2025-08-17,2025-08-17 06:21:00.000000000,Email,Product Question,Low,Agent_13,6.35,,Resolved
TCK-02139,2025-08-17,2025-08-17 05:19:12.000000000,Phone,Refund Request,Low,Agent_04,5.32,4.0,Resolved
TCK-04963,2025-08-17,2025-08-17 01:07:12.000000000,Phone,Billing,Low,Agent_05,1.12,3.0,Closed
TCK-02319,2025-08-17,2025-08-17 05:55:12.000000000,Email,Complaint,Medium,Agent_18,5.92,,Resolved
TCK-01131,2025-08-18,2025-08-18 02:22:12.000000000,Email,Technical Issue,High,Agent_16,2.37,,Resolved
TCK-04502,2025-08-18,2025-08-18 05:37:12.000000000,Social Media,Technical Issue,Low,Agent_04,5.62,4.0,Resolved
TCK-00045,2025-08-18,2025-08-18 09:40:48.000000000,Phone,Technical Issue,Medium,Agent_17,9.68,,Closed
TCK-01713,2025-08-18,2025-08-18 01:41:24.000000000,Phone,Account Access,High,Agent_10,1.69,,Resolved
TCK-00840,2025-08-18,2025-08-18 04:46:12.000000000,Phone,Billing,Low,Agent_16,4.77,3.0,Resolved
TCK-03077,2025-08-18,2025-08-18 04:52:12.000000000,Chat,Technical Issue,Low,Agent_15,4.87,,Closed
TCK-02969,2025-08-18,2025-08-18 04:39:00.000000000,Email,Refund Request,Medium,Agent_03,4.65,5.0,Resolved
TCK-00559,2025-08-18,2025-08-19 01:42:00.000000000,Phone,Refund Request,Medium,Agent_03,25.7,1.0,Resolved
TCK-00205,2025-08-18,2025-08-18 13:26:24.000000000,Email,Complaint,Low,Agent_08,13.44,3.0,Resolved
TCK-03145,2025-08-18,2025-08-18 04:31:12.000000000,Email,Technical Issue,Low,Agent_17,4.52,,Reopened
TCK-03131,2025-08-18,2025-08-18 06:31:12.000000000,Chat,Product Question,Medium,Agent_08,6.52,,Resolved
TCK-03825,2025-08-19,2025-08-19 04:58:12.000000000,Email,Product Question,Medium,Agent_11,4.97,4.0,Reopened
TCK-04046,2025-08-19,2025-08-19 02:42:00.000000000,Phone,Technical Issue,Medium,Agent_15,2.7,3.0,Resolved
TCK-01071,2025-08-19,2025-08-19 04:45:36.000000000,Chat,Account Access,Low,Agent_01,4.76,,Resolved
TCK-02118,2025-08-19,2025-08-19 20:15:00.000000000,Phone,Complaint,Medium,Agent_19,20.25,,Resolved
TCK-03506,2025-08-19,2025-08-19 00:52:12.000000000,Chat,Product Question,Urgent,Agent_15,0.87,,Closed
TCK-00152,2025-08-19,2025-08-19 03:10:12.000000000,Email,Billing,High,Agent_07,3.17,,Resolved
TCK-02956,2025-08-19,2025-08-19 08:38:24.000000000,Email,Billing,Medium,Agent_10,8.64,2.0,Resolved
TCK-04818,2025-08-19,2025-08-19 04:29:24.000000000,Phone,Account Access,Medium,Agent_13,4.49,3.0,Resolved
TCK-04023,2025-08-19,2025-08-19 09:34:47.999999999,Chat,Technical Issue,Low,Agent_07,9.58,2.0,Resolved
TCK-02191,2025-08-19,2025-08-19 05:11:24.000000000,Chat,Complaint,Low,Agent_16,5.19,,Resolved
TCK-01132,2025-08-19,2025-08-19 05:44:24.000000000,Email,Refund Request,Low,Agent_04,5.74,,Resolved
TCK-01970,2025-08-19,2025-08-19 06:48:36.000000000,Phone,Complaint,Low,Agent_14,6.81,,Resolved
TCK-03277,2025-08-19,2025-08-19 07:12:00.000000000,Phone,Billing,Low,Agent_20,7.2,,Resolved
TCK-00435,2025-08-20,2025-08-20 06:19:48.000000000,Phone,Complaint,High,Agent_12,6.33,,Closed
TCK-01377,2025-08-20,2025-08-20 01:24:36.000000000,Email,Technical Issue,Medium,Agent_10,1.41,3.0,Resolved
TCK-01156,2025-08-20,2025-08-20 00:55:48.000000000,Chat,Product Question,Urgent,Agent_11,0.93,5.0,Resolved
TCK-02145,2025-08-20,2025-08-20 09:31:48.000000000,Phone,Billing,Low,Agent_19,9.53,,Closed
TCK-01330,2025-08-20,2025-08-20 05:25:12.000000000,Email,Refund Request,Low,Agent_13,5.42,3.0,Resolved
TCK-00090,2025-08-20,2025-08-20 01:09:36.000000000,Email,Complaint,High,Agent_13,1.16,4.0,Reopened
TCK-00418,2025-08-20,2025-08-20 06:04:48.000000000,Email,Technical Issue,Low,Agent_20,6.08,4.0,Resolved
TCK-00618,2025-08-20,2025-08-20 05:28:48.000000000,Email,Billing,Low,Agent_11,5.48,2.0,Resolved
TCK-02528,2025-08-20,2025-08-20 04:04:12.000000000,Chat,Technical Issue,Low,Agent_02,4.07,4.0,Closed
TCK-01427,2025-08-20,2025-08-20 03:00:36.000000000,Email,Billing,High,Agent_14,3.01,5.0,Reopened
TCK-00301,2025-08-20,2025-08-20 06:40:12.000000000,Email,Account Access,Low,Agent_09,6.67,,Resolved
TCK-00703,2025-08-20,2025-08-20 09:30:36.000000000,Chat,Technical Issue,Medium,Agent_15,9.51,2.0,Resolved
TCK-04579,2025-08-20,2025-08-20 02:40:12.000000000,Email,Complaint,High,Agent_01,2.67,5.0,Resolved
TCK-02718,2025-08-20,2025-08-20 06:14:24.000000000,Email,Billing,Medium,Agent_10,6.24,3.0,Resolved
TCK-03452,2025-08-20,2025-08-20 04:02:24.000000000,Email,Complaint,Medium,Agent_03,4.04,4.0,Resolved
TCK-00918,2025-08-20,2025-08-20 03:23:24.000000000,Email,Product Question,Low,Agent_18,3.39,4.0,Resolved
TCK-00880,2025-08-21,2025-08-21 05:22:48.000000000,Phone,Product Question,Low,Agent_13,5.38,4.0,Resolved
TCK-01545,2025-08-21,2025-08-21 06:15:36.000000000,Email,Billing,Medium,Agent_05,6.26,,Closed
TCK-01088,2025-08-21,2025-08-21 00:18:00.000000000,Email,Product Question,Urgent,Agent_08,0.3,,Resolved
TCK-01945,2025-08-21,2025-08-21 03:40:48.000000000,Email,Refund Request,High,Agent_06,3.68,,Resolved
TCK-02649,2025-08-21,2025-08-21 05:54:36.000000000,Email,Complaint,Low,Agent_02,5.91,3.0,Closed
TCK-00742,2025-08-21,2025-08-21 03:21:36.000000000,Phone,Billing,Low,Agent_03,3.36,4.0,Closed
TCK-00059,2025-08-21,2025-08-21 06:04:48.000000000,Email,Billing,Low,Agent_03,6.08,4.0,Resolved
TCK-01297,2025-08-21,2025-08-21 01:22:48.000000000,Email,Complaint,Medium,Unknown,1.38,4.0,Resolved
TCK-03724,2025-08-21,2025-08-21 04:08:24.000000000,Chat,Account Access,Low,Agent_18,4.14,3.0,Resolved
TCK-03885,2025-08-21,2025-08-21 03:13:48.000000000,Email,Account Access,Medium,Agent_03,3.23,5.0,Resolved
TCK-01195,2025-08-21,2025-08-21 03:07:48.000000000,Chat,Billing,Medium,Agent_02,3.13,4.0,Resolved
TCK-02930,2025-08-21,2025-08-21 03:02:24.000000000,Email,Technical Issue,Low,Agent_17,3.04,,Resolved
TCK-03368,2025-08-21,2025-08-21 04:21:00.000000000,Email,Complaint,Low,Agent_13,4.35,3.0,Resolved
TCK-02952,2025-08-21,2025-08-21 05:21:00.000000000,Email,Account Access,Medium,Agent_18,5.35,,Resolved
TCK-03261,2025-08-21,2025-08-21 06:14:24.000000000,Social Media,Technical Issue,Low,Agent_15,6.24,5.0,Resolved
TCK-03717,2025-08-21,2025-08-21 00:54:36.000000000,Email,Technical Issue,High,Agent_13,0.91,5.0,Resolved
TCK-00633,2025-08-21,2025-08-21 02:18:36.000000000,Email,Account Access,Medium,Agent_12,2.31,,Resolved
TCK-03690,2025-08-22,2025-08-22 04:53:24.000000000,Chat,Billing,Low,Agent_02,4.89,4.0,Resolved
TCK-01028,2025-08-22,2025-08-22 03:04:12.000000000,Social Media,Account Access,Low,Agent_19,3.07,4.0,Resolved
TCK-01954,2025-08-22,2025-08-22 06:37:12.000000000,Email,Billing,Low,Agent_02,6.62,,Resolved
TCK-03681,2025-08-22,2025-08-22 10:22:12.000000000,Phone,Product Question,Low,Agent_14,10.37,3.0,Resolved
TCK-03462,2025-08-22,2025-08-22 06:55:48.000000000,Phone,Technical Issue,Low,Agent_09,6.93,4.0,Resolved
TCK-03510,2025-08-22,2025-08-22 04:07:48.000000000,Email,Refund Request,Medium,Agent_04,4.13,4.0,Resolved
TCK-00576,2025-08-22,2025-08-22 01:45:36.000000000,Email,Complaint,Medium,Agent_17,1.76,3.0,Resolved
TCK-03284,2025-08-22,2025-08-22 01:37:48.000000000,Phone,Billing,Urgent,Agent_16,1.63,3.0,Resolved
TCK-02397,2025-08-22,2025-08-22 02:36:36.000000000,Phone,Account Access,High,Agent_04,2.61,,Closed
TCK-03607,2025-08-23,2025-08-23 00:52:48.000000000,Email,Technical Issue,High,Agent_02,0.88,5.0,Resolved
TCK-03226,2025-08-23,2025-08-23 03:33:00.000000000,Email,Account Access,Low,Agent_15,3.55,4.0,Reopened
TCK-00560,2025-08-23,2025-08-23 01:52:12.000000000,Email,Refund Request,Urgent,Agent_16,1.87,,Resolved
TCK-04955,2025-08-23,2025-08-23 05:43:12.000000000,Email,Account Access,Medium,Agent_17,5.72,,Resolved
TCK-04980,2025-08-23,2025-08-23 03:27:36.000000000,Email,Technical Issue,Low,Agent_02,3.46,4.0,Resolved
TCK-03656,2025-08-23,2025-08-23 00:56:24.000000000,Social Media,Account Access,Medium,Agent_02,0.94,,Resolved
TCK-00529,2025-08-23,2025-08-23 05:41:24.000000000,Chat,Account Access,Urgent,Agent_14,5.69,,Resolved
TCK-04866,2025-08-23,2025-08-23 15:07:48.000000000,Chat,Technical Issue,Low,Agent_10,15.13,1.0,Resolved
TCK-03107,2025-08-23,2025-08-23 07:17:23.999999999,Phone,Technical Issue,Medium,Agent_17,7.29,3.0,Closed
TCK-03078,2025-08-23,2025-08-23 02:07:12.000000000,Email,Technical Issue,Low,Agent_07,2.12,4.0,Resolved
TCK-02408,2025-08-24,2025-08-24 02:27:00.000000000,Phone,Billing,High,Agent_17,2.45,4.0,Resolved
TCK-03937,2025-08-24,2025-08-24 09:01:12.000000000,Phone,Technical Issue,High,Agent_11,9.02,1.0,Closed
TCK-03537,2025-08-24,2025-08-24 06:33:36.000000000,Email,Technical Issue,High,Agent_17,6.56,3.0,Resolved
TCK-03635,2025-08-24,2025-08-24 05:24:36.000000000,Email,Technical Issue,Medium,Agent_19,5.41,3.0,Resolved
TCK-02144,2025-08-24,2025-08-24 04:57:00.000000000,Email,Complaint,Medium,Agent_07,4.95,,Resolved
TCK-01677,2025-08-24,2025-08-24 06:18:36.000000000,Email,Account Access,Low,Agent_17,6.31,4.0,Resolved
TCK-03822,2025-08-24,2025-08-24 05:28:48.000000000,Chat,Billing,Medium,Agent_07,5.48,,Resolved
TCK-01675,2025-08-24,2025-08-24 06:54:00.000000000,Email,Technical Issue,High,Agent_20,6.9,,Closed
TCK-02321,2025-08-25,2025-08-25 05:57:36.000000000,Chat,Account Access,Low,Agent_20,5.96,3.0,Resolved
TCK-01975,2025-08-25,2025-08-25 11:21:00.000000000,Email,Billing,Low,Agent_06,11.35,2.0,Closed
TCK-02946,2025-08-25,2025-08-25 05:53:24.000000000,Chat,Complaint,Low,Agent_13,5.89,4.0,Resolved
TCK-04520,2025-08-25,2025-08-25 03:51:00.000000000,Chat,Account Access,Medium,Agent_04,3.85,,Resolved
TCK-00944,2025-08-25,2025-08-25 08:07:48.000000000,Email,Complaint,Low,Agent_05,8.13,4.0,Resolved
TCK-01090,2025-08-25,2025-08-25 10:28:48.000000000,Email,Billing,Low,Agent_15,10.48,4.0,Resolved
TCK-00894,2025-08-25,2025-08-26 02:33:36.000000000,Email,Technical Issue,Low,Agent_19,26.56,1.0,Reopened
TCK-04951,2025-08-25,2025-08-25 01:36:36.000000000,Email,Product Question,Urgent,Agent_10,1.61,4.0,Closed
TCK-02032,2025-08-25,2025-08-25 05:56:24.000000000,Phone,Billing,Low,Agent_02,5.94,,Resolved
TCK-00784,2025-08-26,2025-08-26 05:02:24.000000000,Social Media,Technical Issue,High,Unknown,5.04,,Resolved
TCK-02441,2025-08-26,2025-08-26 07:27:00.000000000,Email,Technical Issue,Low,Agent_15,7.45,2.0,Resolved
TCK-01165,2025-08-26,2025-08-26 01:38:24.000000000,Email,Technical Issue,Low,Agent_11,1.64,4.0,Closed
TCK-00731,2025-08-26,2025-08-26 02:27:36.000000000,Social Media,Technical Issue,High,Agent_05,2.46,4.0,Resolved
TCK-02714,2025-08-26,2025-08-26 05:54:00.000000000,Email,Technical Issue,Medium,Agent_02,5.9,,Closed
TCK-03549,2025-08-26,2025-08-26 02:09:36.000000000,Email,Technical Issue,Low,Agent_11,2.16,,Closed
TCK-04002,2025-08-26,2025-08-26 04:46:12.000000000,Email,Billing,Low,Agent_04,4.77,3.0,Resolved
TCK-00462,2025-08-26,2025-08-26 03:54:00.000000000,Email,Complaint,Low,Agent_10,3.9,,Closed
TCK-01847,2025-08-26,2025-08-26 00:37:48.000000000,Phone,Product Question,High,Agent_16,0.63,5.0,Resolved
TCK-03968,2025-08-26,2025-08-26 02:04:12.000000000,Phone,Complaint,Urgent,Agent_20,2.07,,Closed
TCK-01049,2025-08-26,2025-08-26 02:01:12.000000000,Chat,Product Question,Medium,Agent_11,2.02,3.0,Resolved
TCK-01181,2025-08-26,2025-08-26 05:28:48.000000000,Chat,Technical Issue,High,Agent_11,5.48,4.0,Resolved
TCK-00204,2025-08-26,2025-08-26 01:21:00.000000000,Email,Technical Issue,Urgent,Agent_04,1.35,4.0,Closed
TCK-02865,2025-08-26,2025-08-26 03:57:00.000000000,Email,Product Question,Low,Agent_08,3.95,5.0,Resolved
TCK-01215,2025-08-26,2025-08-26 01:04:12.000000000,Email,Product Question,High,Agent_05,1.07,4.0,Resolved
TCK-02218,2025-08-27,2025-08-27 03:51:00.000000000,Email,Billing,Medium,Agent_04,3.85,3.0,Resolved
TCK-04639,2025-08-27,2025-08-27 01:40:48.000000000,Email,Billing,Urgent,Agent_15,1.68,4.0,Resolved
TCK-01184,2025-08-27,2025-08-27 01:15:36.000000000,Phone,Technical Issue,Medium,Agent_19,1.26,5.0,Resolved
TCK-04420,2025-08-27,2025-08-27 06:17:23.999999999,Email,Product Question,Low,Agent_15,6.29,,Resolved
TCK-01398,2025-08-27,2025-08-27 05:30:00.000000000,Phone,Technical Issue,Medium,Agent_08,5.5,4.0,Resolved
TCK-01358,2025-08-27,2025-08-27 06:19:48.000000000,Social Media,Product Question,Low,Agent_17,6.33,,Resolved
TCK-02284,2025-08-27,2025-08-27 02:04:12.000000000,Phone,Product Question,Low,Agent_02,2.07,,Resolved
TCK-02890,2025-08-27,2025-08-27 03:31:48.000000000,Chat,Technical Issue,Low,Agent_10,3.53,4.0,Resolved
TCK-00612,2025-08-27,2025-08-27 02:16:12.000000000,Chat,Complaint,High,Agent_18,2.27,,Resolved
TCK-02340,2025-08-27,2025-08-27 08:28:48.000000000,Email,Account Access,Medium,Agent_01,8.48,3.0,Resolved
TCK-03233,2025-08-27,2025-08-27 01:19:48.000000000,Chat,Product Question,Medium,Agent_10,1.33,4.0,Resolved
TCK-01772,2025-08-27,2025-08-27 03:25:48.000000000,Email,Complaint,Medium,Agent_15,3.43,5.0,Resolved
TCK-01683,2025-08-27,2025-08-27 02:22:48.000000000,Email,Technical Issue,High,Agent_09,2.38,5.0,Resolved
TCK-04141,2025-08-27,2025-08-27 04:01:12.000000000,Email,Product Question,Low,Agent_08,4.02,3.0,Resolved
TCK-02511,2025-08-27,2025-08-27 01:52:12.000000000,Email,Account Access,High,Agent_05,1.87,,Resolved
TCK-00946,2025-08-27,2025-08-27 12:22:12.000000000,Chat,Account Access,Low,Agent_14,12.37,,Resolved
TCK-00083,2025-08-27,2025-08-27 04:03:36.000000000,Phone,Account Access,High,Agent_14,4.06,4.0,Resolved
TCK-03754,2025-08-28,2025-08-28 03:47:24.000000000,Email,Technical Issue,Medium,Agent_09,3.79,,Resolved
TCK-00802,2025-08-28,2025-08-28 01:07:12.000000000,Email,Account Access,Low,Agent_05,1.12,4.0,Resolved
TCK-04397,2025-08-28,2025-08-28 06:04:12.000000000,Email,Product Question,Low,Agent_04,6.07,2.0,Resolved
TCK-02046,2025-08-28,2025-08-28 05:23:24.000000000,Phone,Account Access,Medium,Agent_15,5.39,,Resolved
TCK-02356,2025-08-28,2025-08-28 08:55:48.000000000,Phone,Technical Issue,Medium,Agent_14,8.93,4.0,Resolved
TCK-01653,2025-08-28,2025-08-28 05:52:48.000000000,Social Media,Billing,Medium,Agent_16,5.88,3.0,Resolved
TCK-04262,2025-08-28,2025-08-28 03:19:12.000000000,Email,Account Access,High,Agent_09,3.32,4.0,Resolved
TCK-03923,2025-08-28,2025-08-28 09:30:00.000000000,Chat,Technical Issue,Low,Agent_19,9.5,,Resolved
TCK-01237,2025-08-28,2025-08-28 02:30:00.000000000,Email,Technical Issue,High,Agent_14,2.5,5.0,Resolved
TCK-02155,2025-08-28,2025-08-28 02:42:36.000000000,Phone,Technical Issue,Urgent,Agent_04,2.71,,Resolved
TCK-04862,2025-08-28,2025-08-28 03:43:12.000000000,Email,Technical Issue,Medium,Agent_17,3.72,5.0,Resolved
TCK-04424,2025-08-28,2025-08-28 00:57:36.000000000,Phone,Technical Issue,Urgent,Agent_05,0.96,4.0,Resolved
TCK-02579,2025-08-28,2025-08-28 03:31:12.000000000,Chat,Billing,High,Agent_19,3.52,,Closed
TCK-03794,2025-08-29,2025-08-29 01:19:12.000000000,Email,Billing,Urgent,Agent_10,1.32,4.0,Resolved
TCK-02544,2025-08-29,2025-08-29 05:13:12.000000000,Email,Billing,Low,Agent_19,5.22,4.0,Resolved
TCK-01983,2025-08-29,2025-08-29 03:16:48.000000000,Phone,Account Access,Medium,Agent_10,3.28,,Resolved
TCK-04281,2025-08-29,2025-08-29 02:34:47.999999999,Email,Product Question,Medium,Unknown,2.58,3.0,Resolved
TCK-01982,2025-08-29,2025-08-29 02:00:36.000000000,Phone,Account Access,High,Agent_12,2.01,3.0,Closed
TCK-00276,2025-08-29,2025-08-29 12:07:48.000000000,Phone,Product Question,Medium,Agent_08,12.13,3.0,Resolved
TCK-03398,2025-08-29,2025-08-29 07:28:48.000000000,Chat,Account Access,Low,Agent_20,7.48,,Closed
TCK-02857,2025-08-29,2025-08-29 03:32:24.000000000,Email,Account Access,Urgent,Agent_04,3.54,4.0,Resolved
TCK-04975,2025-08-29,2025-08-29 09:16:48.000000000,Chat,Account Access,Medium,Agent_02,9.28,4.0,Closed
TCK-02010,2025-08-29,2025-08-29 06:52:12.000000000,Phone,Technical Issue,Low,Agent_11,6.87,2.0,Closed
TCK-01557,2025-08-29,2025-08-29 02:05:24.000000000,Phone,Complaint,Low,Agent_01,2.09,5.0,Resolved
TCK-03369,2025-08-29,2025-08-29 00:40:48.000000000,Chat,Technical Issue,Urgent,Agent_16,0.68,,Resolved
TCK-01941,2025-08-29,2025-08-29 01:07:12.000000000,Email,Complaint,Medium,Agent_17,1.12,4.0,Resolved
TCK-00690,2025-08-29,2025-08-29 01:13:48.000000000,Email,Refund Request,High,Agent_19,1.23,,Resolved
TCK-03889,2025-08-30,2025-08-30 01:24:00.000000000,Phone,Account Access,High,Agent_08,1.4,5.0,Resolved
TCK-02048,2025-08-30,2025-08-30 04:54:36.000000000,Email,Complaint,Low,Agent_11,4.91,4.0,Resolved
TCK-02960,2025-08-30,2025-08-31 00:13:48.000000000,Social Media,Complaint,Low,Agent_13,24.23,,Closed
TCK-00215,2025-08-30,2025-08-30 05:30:00.000000000,Email,Complaint,High,Agent_17,5.5,,Resolved
TCK-00332,2025-08-30,2025-08-30 00:54:36.000000000,Email,Complaint,Urgent,Agent_09,0.91,4.0,Closed
TCK-04360,2025-08-30,2025-08-30 05:07:48.000000000,Email,Account Access,Medium,Agent_13,5.13,,Resolved
TCK-00406,2025-08-30,2025-08-30 05:25:48.000000000,Phone,Billing,Low,Agent_15,5.43,3.0,Closed
TCK-00116,2025-08-30,2025-08-30 14:11:24.000000000,Email,Billing,Medium,Agent_01,14.19,2.0,Resolved
TCK-01919,2025-08-30,2025-08-30 00:59:24.000000000,Email,Account Access,Medium,Agent_05,0.99,,Resolved
TCK-02731,2025-08-30,2025-08-30 01:58:48.000000000,Phone,Product Question,High,Agent_19,1.98,,Closed
TCK-04449,2025-08-31,2025-08-31 08:09:00.000000000,Phone,Account Access,Low,Agent_12,8.15,3.0,Resolved
TCK-04836,2025-08-31,2025-08-31 00:44:24.000000000,Email,Technical Issue,Urgent,Agent_02,0.74,,Resolved
TCK-01608,2025-08-31,2025-08-31 07:47:24.000000000,Phone,Account Access,Medium,Agent_09,7.79,3.0,Closed
TCK-00068,2025-08-31,2025-08-31 04:10:12.000000000,Email,Refund Request,Medium,Agent_09,4.17,,Resolved
TCK-00122,2025-08-31,2025-08-31 13:18:00.000000000,Chat,Complaint,Medium,Agent_04,13.3,2.0,Resolved
TCK-04690,2025-08-31,2025-08-31 02:55:12.000000000,Phone,Billing,Medium,Agent_18,2.92,,Resolved
TCK-02202,2025-08-31,2025-08-31 05:00:36.000000000,Phone,Refund Request,Low,Agent_04,5.01,3.0,Closed
TCK-00779,2025-08-31,2025-08-31 04:22:48.000000000,Phone,Billing,Medium,Agent_12,4.38,3.0,Resolved
TCK-00197,2025-08-31,2025-08-31 03:10:12.000000000,Phone,Account Access,Medium,Agent_16,3.17,,Closed
TCK-02837,2025-08-31,2025-08-31 11:44:24.000000000,Phone,Technical Issue,Low,Agent_03,11.74,3.0,Closed
TCK-00439,2025-08-31,2025-08-31 00:30:36.000000000,Email,Billing,Urgent,Agent_05,0.51,5.0,Resolved
TCK-00782,2025-08-31,2025-08-31 03:41:24.000000000,Email,Technical Issue,High,Agent_16,3.69,4.0,Resolved
TCK-02044,2025-09-01,2025-09-01 04:33:36.000000000,Chat,Account Access,High,Agent_15,4.56,3.0,Resolved
TCK-02523,2025-09-01,2025-09-01 03:21:36.000000000,Email,Account Access,Low,Agent_13,3.36,,Resolved
TCK-00082,2025-09-01,2025-09-01 03:04:48.000000000,Phone,Refund Request,High,Agent_02,3.08,,Resolved
TCK-02682,2025-09-01,2025-09-01 07:21:36.000000000,Email,Product Question,Medium,Agent_15,7.36,3.0,Resolved
TCK-00271,2025-09-01,2025-09-01 08:19:12.000000000,Chat,Product Question,Medium,Agent_10,8.32,2.0,Resolved
TCK-01009,2025-09-01,2025-09-01 01:29:24.000000000,Chat,Product Question,Medium,Agent_07,1.49,,Closed
TCK-03119,2025-09-01,2025-09-01 01:36:36.000000000,Email,Account Access,Medium,Agent_19,1.61,,Closed
TCK-02062,2025-09-01,2025-09-01 02:45:00.000000000,Chat,Billing,Low,Agent_14,2.75,5.0,Closed
TCK-03699,2025-09-01,2025-09-01 05:49:12.000000000,Email,Account Access,Medium,Agent_17,5.82,5.0,Resolved
TCK-02576,2025-09-02,2025-09-02 02:13:12.000000000,Phone,Product Question,Urgent,Agent_01,2.22,4.0,Resolved
TCK-00243,2025-09-02,2025-09-02 01:37:48.000000000,Email,Technical Issue,Medium,Agent_06,1.63,5.0,Resolved
TCK-04319,2025-09-02,2025-09-02 13:30:36.000000000,Social Media,Account Access,Low,Unknown,13.51,4.0,Resolved
TCK-03943,2025-09-02,2025-09-02 17:45:00.000000000,Phone,Product Question,Low,Agent_07,17.75,1.0,Resolved
TCK-03615,2025-09-02,2025-09-02 05:37:48.000000000,Email,Product Question,Medium,Agent_04,5.63,3.0,Resolved
TCK-01092,2025-09-02,2025-09-02 03:16:12.000000000,Email,Product Question,Medium,Agent_15,3.27,4.0,Resolved
TCK-00040,2025-09-02,2025-09-02 18:28:12.000000000,Email,Complaint,Low,Agent_16,18.47,2.0,Closed
TCK-03153,2025-09-02,2025-09-02 08:42:36.000000000,Email,Technical Issue,Medium,Agent_11,8.71,,Resolved
TCK-00696,2025-09-02,2025-09-02 03:15:00.000000000,Phone,Billing,Low,Agent_04,3.25,3.0,Resolved
TCK-00819,2025-09-02,2025-09-02 01:21:00.000000000,Email,Technical Issue,Medium,Agent_16,1.35,,Resolved
TCK-00601,2025-09-02,2025-09-02 02:48:36.000000000,Email,Technical Issue,Low,Agent_13,2.81,4.0,Resolved
TCK-01573,2025-09-02,2025-09-02 01:28:48.000000000,Chat,Billing,High,Agent_03,1.48,,Resolved
TCK-04265,2025-09-02,2025-09-02 03:14:24.000000000,Phone,Account Access,Medium,Agent_15,3.24,4.0,Resolved
TCK-01387,2025-09-03,2025-09-03 02:37:48.000000000,Chat,Technical Issue,Medium,Agent_13,2.63,,Closed
TCK-02240,2025-09-03,2025-09-03 02:54:36.000000000,Chat,Technical Issue,Medium,Agent_20,2.91,3.0,Resolved
TCK-03335,2025-09-03,2025-09-03 00:59:24.000000000,Email,Complaint,Urgent,Agent_19,0.99,4.0,Closed
TCK-02892,2025-09-03,2025-09-03 03:58:48.000000000,Chat,Billing,Medium,Agent_20,3.98,4.0,Resolved
TCK-00272,2025-09-03,2025-09-03 09:38:24.000000000,Email,Account Access,Low,Agent_15,9.64,3.0,Resolved
TCK-01266,2025-09-03,2025-09-03 01:10:48.000000000,Chat,Technical Issue,Medium,Agent_02,1.18,2.0,Resolved
TCK-04839,2025-09-03,2025-09-03 02:01:12.000000000,Email,Refund Request,Medium,Agent_18,2.02,4.0,Resolved
TCK-01773,2025-09-03,2025-09-03 06:22:12.000000000,Email,Product Question,Medium,Agent_20,6.37,,Resolved
TCK-02962,2025-09-03,2025-09-03 10:15:00.000000000,Email,Billing,Low,Agent_01,10.25,,Resolved
TCK-02777,2025-09-03,2025-09-03 05:08:24.000000000,Social Media,Product Question,Low,Agent_08,5.14,3.0,Resolved
TCK-02619,2025-09-03,2025-09-03 01:56:24.000000000,Email,Technical Issue,High,Agent_20,1.94,3.0,Resolved
TCK-02398,2025-09-04,2025-09-04 04:48:36.000000000,Phone,Technical Issue,Low,Agent_04,4.81,3.0,Resolved
TCK-04130,2025-09-04,2025-09-04 00:36:36.000000000,Email,Complaint,Urgent,Agent_06,0.61,4.0,Resolved
TCK-02072,2025-09-04,2025-09-04 01:14:24.000000000,Phone,Billing,Urgent,Agent_17,1.24,4.0,Resolved
TCK-01031,2025-09-04,2025-09-04 04:12:00.000000000,Chat,Account Access,Low,Agent_17,4.2,4.0,Resolved
TCK-03193,2025-09-04,2025-09-04 03:40:12.000000000,Social Media,Technical Issue,Medium,Agent_08,3.67,5.0,Closed
TCK-03944,2025-09-04,2025-09-04 03:27:00.000000000,Email,Technical Issue,Low,Agent_17,3.45,5.0,Closed
TCK-01384,2025-09-04,2025-09-04 03:24:00.000000000,Phone,Technical Issue,Medium,Agent_16,3.4,4.0,Resolved
TCK-01289,2025-09-04,2025-09-04 06:38:24.000000000,Chat,Complaint,Medium,Agent_07,6.64,3.0,Resolved
TCK-03570,2025-09-04,2025-09-04 02:43:12.000000000,Phone,Account Access,Low,Agent_20,2.72,5.0,Resolved
TCK-01234,2025-09-04,2025-09-04 05:23:24.000000000,Chat,Complaint,Low,Agent_07,5.39,3.0,Resolved
TCK-03773,2025-09-04,2025-09-04 02:33:00.000000000,Chat,Billing,Low,Agent_16,2.55,4.0,Closed
TCK-00671,2025-09-05,2025-09-05 03:45:36.000000000,Email,Product Question,Low,Agent_03,3.76,3.0,Closed
TCK-04959,2025-09-05,2025-09-05 07:25:48.000000000,Email,Refund Request,Medium,Agent_01,7.43,3.0,Resolved
TCK-04161,2025-09-05,2025-09-05 21:16:48.000000000,Phone,Technical Issue,Low,Agent_17,21.28,1.0,Resolved
TCK-00009,2025-09-05,2025-09-05 02:58:12.000000000,Chat,Technical Issue,Medium,Agent_14,2.97,4.0,Resolved
TCK-01258,2025-09-05,2025-09-05 01:31:12.000000000,Email,Product Question,High,Agent_17,1.52,5.0,Closed
TCK-01628,2025-09-05,2025-09-05 03:16:12.000000000,Phone,Technical Issue,High,Agent_20,3.27,4.0,Resolved
TCK-01287,2025-09-05,2025-09-05 07:16:48.000000000,Phone,Billing,Low,Agent_13,7.28,3.0,Closed
TCK-03350,2025-09-05,2025-09-05 02:15:36.000000000,Email,Refund Request,High,Agent_19,2.26,5.0,Resolved
TCK-03727,2025-09-05,2025-09-05 04:31:48.000000000,Chat,Technical Issue,Medium,Agent_15,4.53,,Resolved
TCK-04884,2025-09-05,2025-09-05 03:39:00.000000000,Phone,Technical Issue,Low,Agent_04,3.65,,Resolved
TCK-03166,2025-09-05,2025-09-05 02:23:24.000000000,Email,Account Access,Low,Agent_13,2.39,4.0,Resolved
TCK-01994,2025-09-05,2025-09-05 02:37:12.000000000,Email,Complaint,Medium,Agent_15,2.62,4.0,Resolved
TCK-03479,2025-09-05,2025-09-05 02:58:12.000000000,Chat,Account Access,Medium,Agent_12,2.97,4.0,Closed
TCK-00217,2025-09-05,2025-09-05 03:27:36.000000000,Email,Product Question,Low,Agent_02,3.46,5.0,Resolved
TCK-00376,2025-09-05,2025-09-05 01:33:36.000000000,Email,Product Question,Medium,Agent_05,1.56,5.0,Resolved
TCK-03789,2025-09-06,2025-09-06 01:31:12.000000000,Email,Billing,Urgent,Agent_09,1.52,4.0,Resolved
TCK-01933,2025-09-06,2025-09-06 06:06:00.000000000,Phone,Complaint,Low,Agent_01,6.1,,Resolved
TCK-02428,2025-09-06,2025-09-06 02:53:24.000000000,Chat,Technical Issue,Medium,Agent_19,2.89,,Resolved
TCK-04782,2025-09-06,2025-09-06 02:56:24.000000000,Phone,Technical Issue,Medium,Agent_01,2.94,4.0,Resolved
TCK-00787,2025-09-06,2025-09-06 00:44:24.000000000,Email,Product Question,High,Agent_02,0.74,5.0,Resolved
TCK-01663,2025-09-06,2025-09-06 05:00:00.000000000,Phone,Technical Issue,Medium,Agent_10,5.0,4.0,Resolved
TCK-02592,2025-09-06,2025-09-06 03:17:23.999999999,Phone,Technical Issue,Medium,Agent_19,3.29,,Resolved
TCK-00510,2025-09-06,2025-09-06 12:40:12.000000000,Email,Account Access,Low,Agent_17,12.67,2.0,Resolved
TCK-02245,2025-09-06,2025-09-06 04:16:48.000000000,Email,Technical Issue,Low,Agent_16,4.28,,Resolved
TCK-03152,2025-09-06,2025-09-06 01:31:48.000000000,Chat,Product Question,Low,Agent_10,1.53,4.0,Resolved
TCK-04126,2025-09-06,2025-09-06 04:57:36.000000000,Email,Billing,Medium,Agent_04,4.96,4.0,Closed
TCK-03679,2025-09-07,2025-09-07 02:01:12.000000000,Phone,Billing,Low,Agent_05,2.02,,Resolved
TCK-04403,2025-09-07,2025-09-07 05:54:36.000000000,Email,Product Question,High,Agent_15,5.91,3.0,Resolved
TCK-01470,2025-09-07,2025-09-07 03:03:00.000000000,Social Media,Technical Issue,Low,Agent_18,3.05,4.0,Reopened
TCK-01656,2025-09-07,2025-09-07 06:16:48.000000000,Phone,Refund Request,Medium,Agent_15,6.28,2.0,Resolved
TCK-00020,2025-09-07,2025-09-07 08:51:00.000000000,Phone,Technical Issue,Medium,Agent_08,8.85,,Closed
TCK-01740,2025-09-07,2025-09-07 01:05:24.000000000,Email,Technical Issue,High,Agent_17,1.09,4.0,Resolved
TCK-00773,2025-09-07,2025-09-07 03:03:00.000000000,Phone,Technical Issue,Medium,Agent_03,3.05,4.0,Resolved
TCK-04964,2025-09-07,2025-09-07 01:49:12.000000000,Chat,Complaint,Medium,Agent_20,1.82,4.0,Closed
TCK-04983,2025-09-07,2025-09-07 05:38:24.000000000,Email,Technical Issue,Low,Agent_11,5.64,,Resolved
TCK-00058,2025-09-07,2025-09-07 04:40:48.000000000,Chat,Billing,Urgent,Agent_11,4.68,,Resolved
TCK-03572,2025-09-07,2025-09-07 03:32:24.000000000,Email,Technical Issue,Urgent,Agent_07,3.54,3.0,Resolved
TCK-00151,2025-09-07,2025-09-07 10:28:12.000000000,Phone,Refund Request,Low,Agent_04,10.47,,Resolved
TCK-02227,2025-09-07,2025-09-07 02:24:00.000000000,Email,Product Question,Medium,Agent_03,2.4,,Reopened
TCK-04175,2025-09-08,2025-09-08 04:12:00.000000000,Phone,Technical Issue,High,Agent_10,4.2,,Closed
TCK-02096,2025-09-08,2025-09-08 01:40:12.000000000,Email,Technical Issue,Low,Agent_06,1.67,5.0,Closed
TCK-03536,2025-09-08,2025-09-08 00:43:12.000000000,Email,Product Question,Urgent,Agent_10,0.72,4.0,Closed
TCK-01507,2025-09-08,2025-09-08 06:33:36.000000000,Phone,Product Question,Medium,Agent_09,6.56,3.0,Resolved
TCK-03997,2025-09-08,2025-09-08 03:27:36.000000000,Phone,Refund Request,Medium,Agent_14,3.46,2.0,Resolved
TCK-03980,2025-09-08,2025-09-08 03:56:24.000000000,Phone,Technical Issue,Low,Agent_14,3.94,,Resolved
TCK-00596,2025-09-08,2025-09-08 02:58:48.000000000,Phone,Refund Request,High,Agent_05,2.98,3.0,Resolved
TCK-03757,2025-09-08,2025-09-08 13:15:36.000000000,Email,Billing,Low,Agent_02,13.26,3.0,Resolved
TCK-00575,2025-09-08,2025-09-08 07:33:00.000000000,Phone,Billing,Medium,Agent_20,7.55,3.0,Closed
TCK-04692,2025-09-08,2025-09-08 04:24:00.000000000,Chat,Billing,High,Agent_10,4.4,5.0,Resolved
TCK-00035,2025-09-08,2025-09-08 06:22:12.000000000,Email,Product Question,High,Agent_14,6.37,3.0,Resolved
TCK-02216,2025-09-08,2025-09-08 07:14:24.000000000,Phone,Account Access,Low,Agent_05,7.24,,Resolved
TCK-01022,2025-09-08,2025-09-08 01:48:00.000000000,Phone,Billing,Urgent,Agent_06,1.8,4.0,Resolved
TCK-00748,2025-09-08,2025-09-08 03:09:00.000000000,Chat,Billing,Medium,Agent_05,3.15,4.0,Resolved
TCK-03228,2025-09-09,2025-09-09 04:29:24.000000000,Social Media,Complaint,Medium,Agent_11,4.49,5.0,Resolved
TCK-03989,2025-09-09,2025-09-09 09:17:23.999999999,Phone,Complaint,Medium,Agent_16,9.29,2.0,Resolved
TCK-03973,2025-09-09,2025-09-09 02:24:36.000000000,Chat,Billing,Medium,Agent_17,2.41,4.0,Closed
TCK-04632,2025-09-09,2025-09-09 05:59:24.000000000,Phone,Complaint,Low,Agent_16,5.99,3.0,Resolved
TCK-03533,2025-09-09,2025-09-09 03:27:36.000000000,Chat,Complaint,Urgent,Agent_10,3.46,4.0,Reopened
TCK-02678,2025-09-09,2025-09-09 05:25:48.000000000,Email,Product Question,Low,Agent_05,5.43,4.0,Resolved
TCK-03548,2025-09-09,2025-09-09 02:25:12.000000000,Email,Technical Issue,High,Agent_01,2.42,3.0,Resolved
TCK-01109,2025-09-09,2025-09-09 01:04:12.000000000,Phone,Technical Issue,High,Agent_09,1.07,5.0,Resolved
TCK-00547,2025-09-09,2025-09-09 01:49:12.000000000,Email,Billing,High,Agent_12,1.82,,Resolved
TCK-04531,2025-09-10,2025-09-10 05:46:48.000000000,Social Media,Account Access,Medium,Agent_11,5.78,4.0,Resolved
TCK-04765,2025-09-10,2025-09-10 03:00:36.000000000,Chat,Account Access,High,Agent_14,3.01,5.0,Closed
TCK-04816,2025-09-10,2025-09-10 02:55:48.000000000,Chat,Technical Issue,High,Agent_12,2.93,5.0,Closed
TCK-04847,2025-09-10,2025-09-10 03:27:00.000000000,Email,Refund Request,High,Agent_11,3.45,,Resolved
TCK-00901,2025-09-10,2025-09-10 02:48:00.000000000,Chat,Technical Issue,Medium,Agent_05,2.8,,Resolved
TCK-01574,2025-09-10,2025-09-10 04:07:12.000000000,Email,Technical Issue,Medium,Agent_13,4.12,4.0,Closed
TCK-02477,2025-09-10,2025-09-10 03:23:24.000000000,Email,Technical Issue,Medium,Agent_10,3.39,4.0,Closed
TCK-03936,2025-09-10,2025-09-10 06:51:36.000000000,Phone,Billing,Medium,Agent_14,6.86,,Resolved
TCK-01143,2025-09-10,2025-09-10 01:13:48.000000000,Chat,Refund Request,High,Agent_06,1.23,4.0,Resolved
TCK-04461,2025-09-10,2025-09-10 02:35:24.000000000,Social Media,Account Access,High,Agent_10,2.59,,Closed
TCK-04720,2025-09-11,2025-09-11 03:19:48.000000000,Chat,Product Question,Low,Agent_13,3.33,4.0,Resolved
TCK-03568,2025-09-11,2025-09-11 08:00:00.000000000,Email,Account Access,Low,Agent_19,8.0,5.0,Closed
TCK-00626,2025-09-11,2025-09-11 02:43:12.000000000,Phone,Account Access,Low,Agent_11,2.72,4.0,Resolved
TCK-03837,2025-09-11,2025-09-11 01:37:48.000000000,Email,Account Access,High,Agent_04,1.63,4.0,Resolved
TCK-04551,2025-09-11,2025-09-11 00:43:12.000000000,Phone,Product Question,Urgent,Agent_04,0.72,4.0,Resolved
TCK-00382,2025-09-11,2025-09-11 02:22:12.000000000,Chat,Account Access,Medium,Agent_20,2.37,,Resolved
TCK-00826,2025-09-12,2025-09-12 01:49:12.000000000,Phone,Account Access,High,Agent_02,1.82,4.0,Resolved
TCK-04643,2025-09-12,2025-09-12 01:28:48.000000000,Phone,Billing,Medium,Agent_16,1.48,4.0,Resolved
TCK-00835,2025-09-12,2025-09-12 02:58:12.000000000,Phone,Account Access,High,Agent_08,2.97,,Resolved
TCK-02035,2025-09-12,2025-09-12 03:19:48.000000000,Email,Billing,Medium,Agent_17,3.33,,Reopened
TCK-04453,2025-09-12,2025-09-12 01:39:00.000000000,Email,Refund Request,High,Agent_10,1.65,5.0,Closed
TCK-00135,2025-09-12,2025-09-12 09:33:36.000000000,Phone,Technical Issue,Low,Agent_17,9.56,3.0,Resolved
TCK-04830,2025-09-12,2025-09-12 03:22:12.000000000,Email,Technical Issue,Low,Agent_15,3.37,5.0,Resolved
TCK-04705,2025-09-12,2025-09-12 04:26:24.000000000,Phone,Billing,Medium,Agent_04,4.44,,Resolved
TCK-04482,2025-09-12,2025-09-12 08:29:24.000000000,Chat,Technical Issue,Low,Agent_16,8.49,,Resolved
TCK-01432,2025-09-12,2025-09-12 05:13:12.000000000,Social Media,Account Access,High,Agent_14,5.22,4.0,Closed
TCK-00144,2025-09-12,2025-09-12 06:49:12.000000000,Email,Refund Request,Medium,Agent_10,6.82,3.0,Resolved
TCK-02141,2025-09-13,2025-09-13 02:38:24.000000000,Phone,Technical Issue,Medium,Agent_08,2.64,3.0,Resolved
TCK-00003,2025-09-13,2025-09-13 04:28:12.000000000,Email,Technical Issue,High,Agent_07,4.47,4.0,Resolved
TCK-02101,2025-09-13,2025-09-13 04:00:36.000000000,Email,Billing,Medium,Agent_20,4.01,5.0,Closed
TCK-00892,2025-09-13,2025-09-13 03:43:48.000000000,Email,Account Access,Low,Agent_16,3.73,3.0,Resolved
TCK-00164,2025-09-13,2025-09-13 10:12:00.000000000,Phone,Complaint,Low,Agent_05,10.2,3.0,Resolved
TCK-01693,2025-09-13,2025-09-13 05:51:36.000000000,Email,Billing,Low,Agent_14,5.86,,Resolved
TCK-02461,2025-09-13,2025-09-13 03:50:24.000000000,Chat,Technical Issue,Low,Agent_17,3.84,4.0,Resolved
TCK-01308,2025-09-13,2025-09-13 03:34:11.999999999,Email,Refund Request,Medium,Agent_19,3.57,,Resolved
TCK-02335,2025-09-13,2025-09-13 01:05:24.000000000,Email,Billing,High,Agent_02,1.09,,Closed
TCK-03065,2025-09-13,2025-09-13 02:28:48.000000000,Phone,Technical Issue,High,Agent_17,2.48,4.0,Resolved
TCK-00046,2025-09-13,2025-09-13 07:50:24.000000000,Email,Complaint,Low,Agent_07,7.84,3.0,Closed
TCK-03181,2025-09-13,2025-09-13 03:46:12.000000000,Chat,Product Question,High,Agent_10,3.77,,Resolved
TCK-01263,2025-09-13,2025-09-13 14:54:36.000000000,Chat,Refund Request,Medium,Agent_20,14.91,,Closed
TCK-02171,2025-09-13,2025-09-13 00:43:48.000000000,Phone,Technical Issue,High,Agent_11,0.73,,Resolved
TCK-04528,2025-09-14,2025-09-14 03:09:36.000000000,Email,Technical Issue,High,Agent_06,3.16,4.0,Resolved
TCK-02080,2025-09-14,2025-09-14 08:22:12.000000000,Email,Account Access,Medium,Agent_16,8.37,3.0,Resolved
TCK-04989,2025-09-14,2025-09-14 03:48:00.000000000,Phone,Complaint,High,Agent_05,3.8,,Resolved
TCK-01154,2025-09-14,2025-09-14 02:04:12.000000000,Email,Billing,Low,Agent_05,2.07,4.0,Closed
TCK-01555,2025-09-14,2025-09-14 02:53:24.000000000,Email,Product Question,Medium,Agent_12,2.89,5.0,Resolved
TCK-00942,2025-09-14,2025-09-14 05:18:00.000000000,Chat,Product Question,Medium,Agent_01,5.3,,Resolved
TCK-03893,2025-09-14,2025-09-14 12:06:36.000000000,Email,Complaint,Medium,Agent_09,12.11,4.0,Resolved
TCK-00183,2025-09-14,2025-09-14 12:08:24.000000000,Email,Account Access,Medium,Agent_01,12.14,,Closed
TCK-02667,2025-09-15,2025-09-15 06:51:00.000000000,Email,Account Access,Low,Agent_11,6.85,,Closed
TCK-03517,2025-09-15,2025-09-15 03:28:12.000000000,Chat,Account Access,Low,Agent_05,3.47,4.0,Resolved
TCK-03028,2025-09-15,2025-09-15 02:24:00.000000000,Phone,Technical Issue,Medium,Agent_17,2.4,,Reopened
TCK-02965,2025-09-15,2025-09-15 05:07:48.000000000,Chat,Technical Issue,Low,Agent_13,5.13,,Resolved
TCK-00070,2025-09-15,2025-09-15 01:43:48.000000000,Email,Technical Issue,High,Agent_03,1.73,4.0,Resolved
TCK-04527,2025-09-15,2025-09-15 04:27:36.000000000,Email,Account Access,Low,Agent_16,4.46,5.0,Resolved
TCK-01499,2025-09-15,2025-09-15 02:19:48.000000000,Email,Product Question,Medium,Agent_06,2.33,,Resolved
TCK-04414,2025-09-15,2025-09-15 07:12:36.000000000,Phone,Account Access,Medium,Agent_14,7.21,3.0,Resolved
TCK-02115,2025-09-15,2025-09-15 03:12:36.000000000,Phone,Account Access,Low,Agent_19,3.21,,Reopened
TCK-01001,2025-09-15,2025-09-15 03:43:48.000000000,Phone,Account Access,Medium,Agent_06,3.73,4.0,Resolved
TCK-02734,2025-09-15,2025-09-15 03:53:24.000000000,Chat,Technical Issue,Low,Agent_12,3.89,4.0,Resolved
TCK-01024,2025-09-15,2025-09-15 05:01:12.000000000,Email,Refund Request,Low,Agent_20,5.02,3.0,Resolved
TCK-04493,2025-09-15,2025-09-15 00:55:12.000000000,Email,Complaint,Urgent,Agent_09,0.92,5.0,Resolved
TCK-02802,2025-09-15,2025-09-15 01:54:00.000000000,Phone,Account Access,Medium,Agent_19,1.9,4.0,Resolved
TCK-04117,2025-09-15,2025-09-15 01:12:36.000000000,Email,Product Question,Urgent,Agent_03,1.21,4.0,Resolved
TCK-03891,2025-09-16,2025-09-16 02:15:36.000000000,Email,Billing,Low,Agent_15,2.26,3.0,Resolved
TCK-04515,2025-09-16,2025-09-16 14:00:00.000000000,Email,Technical Issue,Medium,Agent_09,14.0,,Resolved
TCK-00866,2025-09-16,2025-09-16 04:31:12.000000000,Phone,Technical Issue,Medium,Agent_02,4.52,4.0,Resolved
TCK-02759,2025-09-16,2025-09-16 01:12:36.000000000,Email,Billing,High,Agent_07,1.21,,Closed
TCK-04544,2025-09-16,2025-09-16 02:58:12.000000000,Email,Product Question,Medium,Agent_14,2.97,4.0,Closed
TCK-02780,2025-09-16,2025-09-16 02:48:00.000000000,Email,Refund Request,Urgent,Agent_11,2.8,,Resolved
TCK-03641,2025-09-16,2025-09-16 11:11:24.000000000,Phone,Billing,Low,Agent_08,11.19,,Resolved
TCK-03010,2025-09-16,2025-09-16 06:59:24.000000000,Chat,Account Access,Low,Agent_17,6.99,,Closed
TCK-00501,2025-09-16,2025-09-16 03:21:36.000000000,Email,Billing,High,Agent_18,3.36,4.0,Resolved
TCK-01005,2025-09-16,2025-09-16 11:06:00.000000000,Phone,Billing,Low,Agent_09,11.1,,Closed
TCK-01560,2025-09-16,2025-09-16 07:21:36.000000000,Phone,Technical Issue,Medium,Agent_04,7.36,3.0,Resolved
TCK-04655,2025-09-16,2025-09-16 03:36:00.000000000,Email,Refund Request,Medium,Agent_05,3.6,,Resolved
TCK-03025,2025-09-16,2025-09-16 01:51:00.000000000,Phone,Technical Issue,High,Agent_20,1.85,,Resolved
TCK-04172,2025-09-17,2025-09-17 05:50:24.000000000,Email,Product Question,High,Agent_12,5.84,,Resolved
TCK-03816,2025-09-17,2025-09-17 02:37:48.000000000,Email,Billing,Low,Agent_13,2.63,5.0,Resolved
TCK-03095,2025-09-17,2025-09-17 02:15:00.000000000,Phone,Account Access,Medium,Agent_17,2.25,,Resolved
TCK-01037,2025-09-17,2025-09-17 08:02:24.000000000,Phone,Product Question,Medium,Agent_08,8.04,3.0,Resolved
TCK-02205,2025-09-17,2025-09-17 01:46:12.000000000,Email,Account Access,Low,Agent_05,1.77,,Resolved
TCK-01482,2025-09-17,2025-09-17 04:37:48.000000000,Email,Technical Issue,Medium,Agent_14,4.63,3.0,Resolved
TCK-02368,2025-09-17,2025-09-17 01:22:12.000000000,Phone,Product Question,High,Agent_06,1.37,4.0,Resolved
TCK-03406,2025-09-17,2025-09-17 00:59:24.000000000,Email,Billing,High,Agent_07,0.99,,Resolved
TCK-01277,2025-09-17,2025-09-17 04:54:00.000000000,Phone,Technical Issue,Low,Agent_10,4.9,3.0,Resolved
TCK-04479,2025-09-17,2025-09-17 04:39:36.000000000,Chat,Complaint,Low,Agent_08,4.66,,Resolved
TCK-00852,2025-09-17,2025-09-17 10:10:12.000000000,Email,Account Access,Medium,Agent_17,10.17,3.0,Resolved
TCK-03830,2025-09-17,2025-09-17 03:00:00.000000000,Phone,Refund Request,Medium,Agent_18,3.0,,Resolved
TCK-03450,2025-09-17,2025-09-17 02:27:00.000000000,Chat,Technical Issue,Medium,Agent_12,2.45,3.0,Closed
TCK-04535,2025-09-17,2025-09-17 08:57:00.000000000,Email,Refund Request,Medium,Agent_17,8.95,3.0,Resolved
TCK-01854,2025-09-17,2025-09-17 04:15:36.000000000,Email,Refund Request,Low,Agent_10,4.26,,Resolved
TCK-04379,2025-09-18,2025-09-18 01:23:24.000000000,Phone,Technical Issue,High,Agent_11,1.39,,Resolved
TCK-02313,2025-09-18,2025-09-18 00:53:24.000000000,Phone,Product Question,High,Agent_02,0.89,4.0,Resolved
TCK-01236,2025-09-18,2025-09-18 03:18:00.000000000,Email,Technical Issue,High,Agent_20,3.3,,Resolved
TCK-03514,2025-09-18,2025-09-18 04:43:12.000000000,Email,Account Access,Low,Agent_01,4.72,,Resolved
TCK-02255,2025-09-18,2025-09-18 02:22:48.000000000,Email,Product Question,High,Agent_17,2.38,,Resolved
TCK-04174,2025-09-18,2025-09-18 01:24:00.000000000,Chat,Technical Issue,Low,Agent_20,1.4,5.0,Resolved
TCK-04125,2025-09-18,2025-09-18 02:04:48.000000000,Phone,Account Access,Medium,Agent_18,2.08,5.0,Closed
TCK-04247,2025-09-18,2025-09-18 07:52:48.000000000,Chat,Account Access,Low,Agent_04,7.88,4.0,Resolved
TCK-02015,2025-09-18,2025-09-18 01:11:24.000000000,Phone,Complaint,High,Agent_06,1.19,,Resolved
TCK-01157,2025-09-18,2025-09-18 03:33:36.000000000,Email,Product Question,Medium,Agent_04,3.56,,Resolved
TCK-03111,2025-09-18,2025-09-18 05:03:00.000000000,Email,Billing,Medium,Agent_07,5.05,4.0,Resolved
TCK-02941,2025-09-19,2025-09-19 03:49:48.000000000,Phone,Refund Request,Medium,Unknown,3.83,,Closed
TCK-01635,2025-09-19,2025-09-19 01:30:00.000000000,Phone,Technical Issue,Medium,Agent_03,1.5,,Resolved
TCK-02901,2025-09-19,2025-09-19 03:54:36.000000000,Email,Billing,Medium,Agent_18,3.91,4.0,Closed
TCK-00172,2025-09-19,2025-09-19 08:46:48.000000000,Email,Technical Issue,Medium,Agent_11,8.78,,Closed
TCK-01292,2025-09-19,2025-09-19 06:07:48.000000000,Email,Refund Request,Medium,Agent_01,6.13,5.0,Resolved
TCK-03867,2025-09-19,2025-09-19 05:01:12.000000000,Email,Billing,Low,Agent_17,5.02,,Resolved
TCK-00137,2025-09-19,2025-09-19 02:43:12.000000000,Email,Product Question,Low,Agent_12,2.72,,Reopened
TCK-04969,2025-09-19,2025-09-19 03:15:36.000000000,Email,Complaint,Medium,Agent_16,3.26,5.0,Resolved
TCK-00734,2025-09-19,2025-09-19 09:45:00.000000000,Phone,Complaint,Low,Agent_17,9.75,,Resolved
TCK-00390,2025-09-19,2025-09-19 04:54:36.000000000,Phone,Technical Issue,Low,Agent_13,4.91,4.0,Resolved
TCK-04138,2025-09-19,2025-09-19 05:37:48.000000000,Social Media,Product Question,Low,Agent_07,5.63,3.0,Resolved
TCK-02945,2025-09-20,2025-09-20 01:33:36.000000000,Email,Technical Issue,High,Agent_07,1.56,5.0,Resolved
TCK-02091,2025-09-20,2025-09-20 03:16:48.000000000,Chat,Refund Request,Low,Unknown,3.28,3.0,Resolved
TCK-04374,2025-09-20,2025-09-20 14:44:24.000000000,Email,Product Question,Low,Agent_15,14.74,3.0,Resolved
TCK-04864,2025-09-20,2025-09-20 03:19:12.000000000,Email,Technical Issue,High,Agent_12,3.32,,Resolved
TCK-00196,2025-09-20,2025-09-20 03:15:36.000000000,Email,Billing,Low,Agent_05,3.26,5.0,Resolved
TCK-00355,2025-09-20,2025-09-20 04:53:24.000000000,Email,Account Access,Medium,Agent_03,4.89,3.0,Resolved
TCK-01863,2025-09-20,2025-09-20 02:48:36.000000000,Email,Technical Issue,Medium,Agent_11,2.81,,Resolved
TCK-04824,2025-09-20,2025-09-20 07:11:24.000000000,Email,Complaint,Medium,Agent_11,7.19,,Closed
TCK-01979,2025-09-20,2025-09-20 03:00:36.000000000,Chat,Refund Request,Medium,Agent_15,3.01,5.0,Resolved
TCK-03053,2025-09-20,2025-09-20 05:14:24.000000000,Phone,Technical Issue,Low,Agent_09,5.24,,Resolved
TCK-02024,2025-09-20,2025-09-20 01:22:12.000000000,Phone,Account Access,High,Agent_19,1.37,,Resolved
TCK-01710,2025-09-20,2025-09-20 03:00:00.000000000,Email,Technical Issue,Medium,Agent_01,3.0,,Resolved
TCK-02929,2025-09-20,2025-09-20 02:31:12.000000000,Phone,Billing,High,Agent_06,2.52,5.0,Resolved
TCK-00687,2025-09-21,2025-09-21 02:46:12.000000000,Email,Technical Issue,Medium,Agent_02,2.77,4.0,Resolved
TCK-04346,2025-09-21,2025-09-21 06:25:48.000000000,Email,Account Access,Medium,Agent_15,6.43,3.0,Closed
TCK-00134,2025-09-21,2025-09-21 03:10:48.000000000,Phone,Billing,Medium,Agent_18,3.18,3.0,Closed
TCK-01168,2025-09-21,2025-09-21 05:51:00.000000000,Social Media,Technical Issue,Low,Agent_08,5.85,4.0,Resolved
TCK-00185,2025-09-21,2025-09-21 06:26:24.000000000,Phone,Technical Issue,Medium,Agent_08,6.44,3.0,Resolved
TCK-03360,2025-09-21,2025-09-21 01:50:24.000000000,Email,Product Question,High,Agent_08,1.84,4.0,Closed
TCK-00657,2025-09-21,2025-09-21 04:37:48.000000000,Chat,Account Access,Medium,Agent_10,4.63,5.0,Resolved
TCK-01079,2025-09-21,2025-09-21 04:18:00.000000000,Social Media,Technical Issue,Low,Agent_17,4.3,4.0,Closed
TCK-02753,2025-09-21,2025-09-21 03:39:36.000000000,Chat,Account Access,Low,Agent_07,3.66,5.0,Closed
TCK-03899,2025-09-21,2025-09-21 02:10:48.000000000,Chat,Complaint,Medium,Agent_02,2.18,5.0,Resolved
TCK-02898,2025-09-21,2025-09-21 03:49:12.000000000,Social Media,Billing,High,Agent_11,3.82,,Resolved
TCK-00753,2025-09-21,2025-09-21 03:16:48.000000000,Phone,Refund Request,High,Agent_20,3.28,,Resolved
TCK-04381,2025-09-21,2025-09-22 09:46:48.000000000,Email,Billing,Low,Agent_04,33.78,,Closed
TCK-03601,2025-09-21,2025-09-21 04:10:48.000000000,Email,Complaint,Low,Agent_14,4.18,3.0,Resolved
TCK-03691,2025-09-21,2025-09-21 02:22:12.000000000,Email,Account Access,Medium,Agent_20,2.37,5.0,Resolved
TCK-01601,2025-09-21,2025-09-21 00:49:48.000000000,Social Media,Account Access,Medium,Agent_01,0.83,4.0,Resolved
TCK-02558,2025-09-21,2025-09-21 03:42:36.000000000,Email,Billing,Medium,Agent_19,3.71,,Reopened
TCK-04906,2025-09-22,2025-09-22 01:22:48.000000000,Email,Billing,High,Agent_19,1.38,,Resolved
TCK-01558,2025-09-22,2025-09-22 03:27:00.000000000,Phone,Product Question,Medium,Agent_17,3.45,4.0,Resolved
TCK-00641,2025-09-22,2025-09-22 06:31:48.000000000,Social Media,Technical Issue,Low,Agent_04,6.53,3.0,Resolved
TCK-02027,2025-09-22,2025-09-22 02:31:12.000000000,Social Media,Product Question,Medium,Agent_11,2.52,,Closed
TCK-04812,2025-09-22,2025-09-22 10:09:00.000000000,Chat,Account Access,Low,Agent_13,10.15,,Resolved
TCK-03675,2025-09-22,2025-09-22 08:51:36.000000000,Email,Account Access,Medium,Agent_14,8.86,2.0,Reopened
TCK-04498,2025-09-22,2025-09-22 03:37:12.000000000,Email,Complaint,Medium,Agent_16,3.62,4.0,Resolved
TCK-04650,2025-09-22,2025-09-22 06:21:00.000000000,Email,Account Access,Low,Agent_20,6.35,,Resolved
TCK-00421,2025-09-22,2025-09-22 01:46:48.000000000,Social Media,Billing,Medium,Agent_10,1.78,,Reopened
TCK-03796,2025-09-22,2025-09-22 01:22:12.000000000,Phone,Technical Issue,Urgent,Agent_06,1.37,,Resolved
TCK-02819,2025-09-22,2025-09-22 02:30:36.000000000,Chat,Technical Issue,High,Agent_03,2.51,5.0,Reopened
TCK-02815,2025-09-22,2025-09-22 10:57:36.000000000,Email,Billing,Low,Agent_01,10.96,2.0,Resolved
TCK-01097,2025-09-22,2025-09-22 15:49:12.000000000,Email,Account Access,Low,Agent_18,15.82,3.0,Resolved
TCK-00636,2025-09-22,2025-09-22 01:48:00.000000000,Email,Refund Request,High,Agent_10,1.8,5.0,Resolved
TCK-04081,2025-09-22,2025-09-22 05:06:36.000000000,Email,Complaint,Low,Agent_06,5.11,5.0,Resolved
TCK-01630,2025-09-22,2025-09-22 03:41:24.000000000,Email,Billing,High,Agent_06,3.69,,Closed
TCK-01745,2025-09-23,2025-09-23 01:03:00.000000000,Phone,Billing,Medium,Agent_01,1.05,5.0,Resolved
TCK-04101,2025-09-23,2025-09-23 07:50:24.000000000,Chat,Product Question,Medium,Agent_16,7.84,4.0,Resolved
TCK-00278,2025-09-23,2025-09-23 05:37:48.000000000,Email,Complaint,Low,Agent_06,5.63,3.0,Resolved
TCK-03314,2025-09-23,2025-09-23 10:50:24.000000000,Phone,Product Question,Medium,Agent_14,10.84,,Resolved
TCK-00673,2025-09-23,2025-09-23 12:12:00.000000000,Phone,Billing,Low,Agent_04,12.2,,Resolved
TCK-02228,2025-09-23,2025-09-23 11:52:12.000000000,Phone,Complaint,Medium,Agent_01,11.87,3.0,Resolved
TCK-01839,2025-09-23,2025-09-23 03:40:48.000000000,Phone,Account Access,Low,Agent_14,3.68,4.0,Resolved
TCK-03007,2025-09-23,2025-09-23 02:20:24.000000000,Email,Refund Request,Medium,Agent_12,2.34,5.0,Resolved
TCK-04554,2025-09-23,2025-09-23 04:01:48.000000000,Phone,Billing,Low,Agent_15,4.03,3.0,Resolved
TCK-04901,2025-09-23,2025-09-23 06:48:00.000000000,Email,Technical Issue,Medium,Agent_03,6.8,,Resolved
TCK-01978,2025-09-23,2025-09-23 07:16:48.000000000,Phone,Billing,Low,Agent_09,7.28,2.0,Resolved
TCK-03913,2025-09-23,2025-09-23 01:37:48.000000000,Email,Product Question,High,Agent_13,1.63,,Resolved
TCK-04646,2025-09-23,2025-09-23 03:47:24.000000000,Email,Billing,Medium,Agent_20,3.79,3.0,Resolved
TCK-03205,2025-09-24,2025-09-24 01:48:00.000000000,Chat,Refund Request,High,Agent_06,1.8,4.0,Resolved
TCK-03240,2025-09-24,2025-09-24 06:07:12.000000000,Email,Complaint,Low,Agent_14,6.12,3.0,Closed
TCK-00277,2025-09-24,2025-09-24 01:07:12.000000000,Phone,Technical Issue,High,Agent_01,1.12,5.0,Reopened
TCK-02533,2025-09-24,2025-09-24 02:59:24.000000000,Phone,Product Question,Medium,Agent_09,2.99,4.0,Closed
TCK-00993,2025-09-24,2025-09-24 01:12:00.000000000,Social Media,Account Access,High,Agent_10,1.2,,Closed
TCK-03959,2025-09-24,2025-09-24 04:03:00.000000000,Email,Product Question,Medium,Agent_12,4.05,3.0,Resolved
TCK-01684,2025-09-24,2025-09-24 05:19:48.000000000,Phone,Technical Issue,Medium,Agent_13,5.33,3.0,Resolved
TCK-00697,2025-09-24,2025-09-24 02:12:36.000000000,Email,Complaint,High,Agent_02,2.21,,Resolved
TCK-04093,2025-09-24,2025-09-24 04:47:24.000000000,Phone,Technical Issue,Low,Agent_02,4.79,,Resolved
TCK-04560,2025-09-24,2025-09-24 03:06:36.000000000,Social Media,Technical Issue,Low,Agent_05,3.11,4.0,Resolved
TCK-02669,2025-09-24,2025-09-24 02:42:36.000000000,Chat,Technical Issue,Low,Agent_15,2.71,5.0,Closed
TCK-02651,2025-09-24,2025-09-24 02:08:24.000000000,Phone,Account Access,Medium,Agent_08,2.14,5.0,Resolved
TCK-00691,2025-09-24,2025-09-24 07:18:00.000000000,Email,Technical Issue,Medium,Agent_20,7.3,3.0,Resolved
TCK-00720,2025-09-24,2025-09-24 01:34:47.999999999,Email,Technical Issue,Low,Agent_10,1.58,4.0,Resolved
TCK-03894,2025-09-24,2025-09-24 02:04:48.000000000,Chat,Account Access,High,Agent_05,2.08,4.0,Resolved
TCK-01192,2025-09-25,2025-09-25 05:22:12.000000000,Chat,Billing,Medium,Agent_02,5.37,3.0,Resolved
TCK-02925,2025-09-25,2025-09-25 01:02:24.000000000,Social Media,Account Access,High,Agent_09,1.04,5.0,Resolved
TCK-03906,2025-09-25,2025-09-25 04:12:36.000000000,Email,Product Question,Low,Agent_09,4.21,5.0,Resolved
TCK-04239,2025-09-25,2025-09-25 04:03:36.000000000,Email,Technical Issue,Medium,Agent_16,4.06,4.0,Resolved
TCK-03640,2025-09-25,2025-09-25 00:47:24.000000000,Chat,Technical Issue,Urgent,Agent_15,0.79,3.0,Reopened
TCK-03918,2025-09-25,2025-09-25 05:28:12.000000000,Email,Technical Issue,High,Agent_05,5.47,,Resolved
TCK-02047,2025-09-25,2025-09-25 03:25:12.000000000,Chat,Technical Issue,Medium,Agent_20,3.42,5.0,Resolved
TCK-03811,2025-09-25,2025-09-25 18:41:24.000000000,Email,Account Access,Low,Agent_08,18.69,1.0,Closed
TCK-04892,2025-09-25,2025-09-25 02:13:48.000000000,Phone,Product Question,Urgent,Agent_13,2.23,3.0,Resolved
TCK-01533,2025-09-25,2025-09-25 01:03:36.000000000,Phone,Complaint,Urgent,Agent_09,1.06,,Resolved
TCK-01178,2025-09-25,2025-09-25 07:29:24.000000000,Email,Technical Issue,Low,Agent_12,7.49,,Resolved
TCK-01674,2025-09-25,2025-09-25 05:54:36.000000000,Chat,Technical Issue,High,Agent_01,5.91,3.0,Reopened
TCK-00969,2025-09-25,2025-09-25 01:54:36.000000000,Email,Product Question,Medium,Agent_16,1.91,4.0,Resolved
TCK-02991,2025-09-25,2025-09-25 01:51:00.000000000,Email,Account Access,Low,Agent_16,1.85,,Resolved
TCK-01551,2025-09-26,2025-09-26 07:12:00.000000000,Email,Technical Issue,Medium,Agent_17,7.2,4.0,Resolved
TCK-00846,2025-09-26,2025-09-26 07:39:00.000000000,Email,Refund Request,Low,Agent_01,7.65,,Resolved
TCK-01309,2025-09-26,2025-09-26 06:46:12.000000000,Chat,Billing,Medium,Agent_04,6.77,4.0,Resolved
TCK-02974,2025-09-26,2025-09-26 02:57:36.000000000,Email,Technical Issue,Medium,Agent_19,2.96,4.0,Resolved
TCK-00622,2025-09-26,2025-09-26 11:00:36.000000000,Email,Technical Issue,Low,Agent_14,11.01,,Resolved
TCK-01820,2025-09-26,2025-09-26 01:41:24.000000000,Chat,Technical Issue,Medium,Agent_11,1.69,3.0,Resolved
TCK-00517,2025-09-26,2025-09-26 02:28:48.000000000,Phone,Technical Issue,High,Agent_04,2.48,,Resolved
TCK-04629,2025-09-26,2025-09-26 04:49:48.000000000,Phone,Billing,Low,Agent_09,4.83,5.0,Reopened
TCK-04665,2025-09-26,2025-09-26 05:19:12.000000000,Email,Account Access,Medium,Agent_04,5.32,,Resolved
TCK-03501,2025-09-26,2025-09-26 10:00:36.000000000,Social Media,Technical Issue,Low,Agent_09,10.01,,Closed
TCK-00337,2025-09-26,2025-09-26 06:16:48.000000000,Phone,Billing,Low,Agent_10,6.28,,Resolved
TCK-02360,2025-09-26,2025-09-26 02:51:00.000000000,Email,Technical Issue,High,Agent_09,2.85,,Resolved
TCK-00962,2025-09-26,2025-09-26 10:24:36.000000000,Phone,Billing,Low,Agent_03,10.41,4.0,Resolved
TCK-02017,2025-09-26,2025-09-26 07:28:12.000000000,Phone,Complaint,Medium,Agent_02,7.47,,Resolved
TCK-00175,2025-09-26,2025-09-26 07:19:12.000000000,Chat,Technical Issue,Medium,Agent_11,7.32,3.0,Reopened
TCK-03348,2025-09-26,2025-09-26 02:45:36.000000000,Phone,Billing,Low,Agent_17,2.76,4.0,Resolved
TCK-00591,2025-09-26,2025-09-26 05:05:24.000000000,Email,Technical Issue,Medium,Agent_20,5.09,4.0,Closed
TCK-03433,2025-09-26,2025-09-26 02:04:12.000000000,Phone,Technical Issue,Medium,Agent_14,2.07,,Resolved
TCK-00765,2025-09-27,2025-09-27 00:51:36.000000000,Email,Billing,Urgent,Agent_08,0.86,5.0,Resolved
TCK-02304,2025-09-27,2025-09-27 02:15:36.000000000,Phone,Technical Issue,High,Agent_14,2.26,,Resolved
TCK-00699,2025-09-27,2025-09-27 06:43:12.000000000,Email,Technical Issue,Medium,Agent_11,6.72,,Resolved
TCK-04029,2025-09-27,2025-09-27 05:43:48.000000000,Phone,Technical Issue,Low,Agent_03,5.73,4.0,Resolved
TCK-00717,2025-09-27,2025-09-27 06:33:36.000000000,Social Media,Refund Request,Low,Agent_10,6.56,4.0,Resolved
TCK-00392,2025-09-27,2025-09-27 13:39:00.000000000,Email,Billing,Low,Agent_14,13.65,,Closed
TCK-03610,2025-09-27,2025-09-27 02:27:36.000000000,Email,Product Question,Medium,Agent_20,2.46,3.0,Resolved
TCK-04267,2025-09-27,2025-09-27 13:18:00.000000000,Phone,Account Access,Low,Agent_04,13.3,1.0,Closed
TCK-00563,2025-09-27,2025-09-28 00:00:00.000000000,Phone,Billing,Low,Agent_12,24.0,1.0,Closed
TCK-01409,2025-09-27,2025-09-27 01:10:48.000000000,Email,Technical Issue,Medium,Agent_02,1.18,,Resolved
TCK-01562,2025-09-27,2025-09-27 02:57:00.000000000,Email,Technical Issue,Low,Agent_15,2.95,4.0,Resolved
TCK-02018,2025-09-27,2025-09-27 00:54:00.000000000,Chat,Technical Issue,Urgent,Agent_13,0.9,5.0,Resolved
TCK-04051,2025-09-27,2025-09-27 02:03:00.000000000,Phone,Complaint,Medium,Agent_18,2.05,,Reopened
TCK-03189,2025-09-27,2025-09-27 13:03:36.000000000,Email,Account Access,Low,Agent_10,13.06,2.0,Resolved
TCK-01242,2025-09-27,2025-09-27 05:58:12.000000000,Email,Billing,Medium,Agent_13,5.97,4.0,Resolved
TCK-04405,2025-09-27,2025-09-27 03:22:48.000000000,Email,Billing,Medium,Agent_09,3.38,5.0,Reopened
TCK-03227,2025-09-27,2025-09-27 06:17:23.999999999,Email,Technical Issue,Medium,Agent_08,6.29,4.0,Resolved
TCK-00431,2025-09-27,2025-09-27 02:46:48.000000000,Email,Product Question,Medium,Agent_10,2.78,4.0,Resolved
TCK-01241,2025-09-28,2025-09-28 03:48:36.000000000,Social Media,Account Access,Medium,Agent_09,3.81,4.0,Resolved
TCK-03155,2025-09-28,2025-09-28 06:37:12.000000000,Phone,Refund Request,Low,Agent_02,6.62,,Resolved
TCK-03809,2025-09-28,2025-09-28 05:51:36.000000000,Email,Complaint,Low,Agent_02,5.86,3.0,Resolved
TCK-04153,2025-09-28,2025-09-28 01:36:00.000000000,Phone,Technical Issue,Low,Agent_07,1.6,,Resolved
TCK-02075,2025-09-28,2025-09-28 02:01:12.000000000,Email,Technical Issue,Low,Agent_08,2.02,4.0,Resolved
TCK-03890,2025-09-28,2025-09-28 03:24:36.000000000,Email,Billing,Medium,Agent_03,3.41,4.0,Resolved
TCK-04299,2025-09-28,2025-09-28 01:39:36.000000000,Email,Billing,High,Agent_13,1.66,3.0,Resolved
TCK-03223,2025-09-28,2025-09-28 03:48:36.000000000,Chat,Billing,High,Agent_13,3.81,3.0,Resolved
TCK-01926,2025-09-28,2025-09-28 03:37:48.000000000,Phone,Technical Issue,Low,Agent_10,3.63,4.0,Resolved
TCK-01821,2025-09-28,2025-09-28 01:28:48.000000000,Email,Billing,Medium,Agent_18,1.48,5.0,Resolved
TCK-01354,2025-09-28,2025-09-28 01:34:11.999999999,Email,Product Question,High,Agent_01,1.57,4.0,Resolved
TCK-01682,2025-09-28,2025-09-28 01:35:24.000000000,Chat,Refund Request,High,Agent_13,1.59,,Resolved
TCK-02132,2025-09-29,2025-09-29 01:52:48.000000000,Chat,Complaint,Low,Agent_06,1.88,4.0,Resolved
TCK-01473,2025-09-29,2025-09-29 04:06:00.000000000,Email,Billing,Medium,Agent_12,4.1,3.0,Resolved
TCK-03454,2025-09-29,2025-09-29 01:51:36.000000000,Social Media,Technical Issue,Medium,Agent_01,1.86,,Resolved
TCK-00022,2025-09-29,2025-09-29 02:07:12.000000000,Email,Technical Issue,Medium,Agent_14,2.12,4.0,Resolved
TCK-01099,2025-09-29,2025-09-29 04:58:48.000000000,Email,Billing,Low,Agent_10,4.98,5.0,Closed
TCK-03322,2025-09-29,2025-09-29 09:57:36.000000000,Email,Account Access,Medium,Agent_12,9.96,,Resolved
TCK-01702,2025-09-29,2025-09-29 03:57:36.000000000,Email,Technical Issue,Low,Agent_14,3.96,,Resolved
TCK-00996,2025-09-29,2025-09-29 02:18:00.000000000,Chat,Account Access,High,Agent_08,2.3,,Resolved
TCK-02598,2025-09-29,2025-09-29 02:00:00.000000000,Chat,Account Access,High,Agent_13,2.0,,Resolved
TCK-03586,2025-09-29,2025-09-29 03:45:36.000000000,Social Media,Billing,Low,Agent_16,3.76,,Resolved
TCK-01805,2025-09-29,2025-09-29 03:32:24.000000000,Email,Technical Issue,Medium,Agent_07,3.54,4.0,Closed
TCK-02980,2025-09-29,2025-09-29 05:18:00.000000000,Email,Product Question,Low,Agent_14,5.3,3.0,Resolved
TCK-00838,2025-09-29,2025-09-29 08:44:24.000000000,Phone,Billing,Low,Agent_08,8.74,3.0,Closed
TCK-00019,2025-09-29,2025-09-29 01:28:48.000000000,Email,Billing,High,Agent_05,1.48,5.0,Resolved
TCK-02085,2025-09-30,2025-09-30 01:43:12.000000000,Phone,Billing,High,Agent_19,1.72,,Resolved
TCK-03143,2025-09-30,2025-09-30 02:22:12.000000000,Phone,Refund Request,High,Agent_15,2.37,,Resolved
TCK-04775,2025-09-30,2025-09-30 04:22:12.000000000,Phone,Product Question,Low,Agent_20,4.37,4.0,Resolved
TCK-02003,2025-09-30,2025-09-30 12:58:48.000000000,Chat,Billing,Low,Agent_14,12.98,,Resolved
TCK-01859,2025-09-30,2025-09-30 01:27:00.000000000,Chat,Technical Issue,High,Agent_04,1.45,3.0,Resolved
TCK-00351,2025-09-30,2025-09-30 01:41:24.000000000,Phone,Billing,High,Agent_13,1.69,,Resolved
TCK-04957,2025-09-30,2025-09-30 01:40:48.000000000,Phone,Product Question,Medium,Agent_05,1.68,5.0,Resolved
TCK-02988,2025-09-30,2025-09-30 03:25:12.000000000,Email,Billing,Medium,Agent_13,3.42,3.0,Resolved
TCK-04162,2025-09-30,2025-09-30 05:09:00.000000000,Chat,Technical Issue,Medium,Agent_09,5.15,,Resolved
TCK-03212,2025-09-30,2025-09-30 04:10:12.000000000,Chat,Billing,Medium,Agent_17,4.17,,Resolved
TCK-02947,2025-09-30,2025-09-30 02:22:12.000000000,Chat,Technical Issue,High,Agent_16,2.37,5.0,Resolved
TCK-03432,2025-09-30,2025-09-30 04:13:12.000000000,Phone,Refund Request,Low,Agent_01,4.22,,Closed
TCK-00472,2025-09-30,2025-09-30 04:35:24.000000000,Chat,Refund Request,Medium,Agent_16,4.59,,Closed
TCK-04607,2025-09-30,2025-09-30 05:54:00.000000000,Email,Technical Issue,Low,Agent_10,5.9,,Resolved
TCK-00338,2025-09-30,2025-09-30 02:21:36.000000000,Email,Technical Issue,Low,Agent_17,2.36,,Closed
TCK-02363,2025-09-30,2025-09-30 07:48:36.000000000,Phone,Account Access,Low,Agent_04,7.81,4.0,Reopened
TCK-02285,2025-09-30,2025-09-30 02:12:36.000000000,Chat,Technical Issue,Medium,Agent_06,2.21,,Resolved
TCK-03127,2025-10-01,2025-10-01 03:39:00.000000000,Phone,Technical Issue,Medium,Agent_07,3.65,,Closed
TCK-04519,2025-10-01,2025-10-01 03:07:48.000000000,Chat,Product Question,Low,Agent_19,3.13,4.0,Resolved
TCK-02312,2025-10-01,2025-10-01 06:52:12.000000000,Email,Technical Issue,Medium,Agent_01,6.87,5.0,Closed
TCK-00855,2025-10-01,2025-10-01 02:01:12.000000000,Phone,Account Access,High,Agent_02,2.02,,Resolved
TCK-00320,2025-10-01,2025-10-01 01:06:00.000000000,Email,Technical Issue,Urgent,Agent_11,1.1,5.0,Reopened
TCK-03426,2025-10-01,2025-10-01 21:27:00.000000000,Email,Refund Request,Low,Unknown,21.45,3.0,Resolved
TCK-03417,2025-10-01,2025-10-01 02:35:24.000000000,Email,Product Question,High,Agent_12,2.59,4.0,Closed
TCK-03036,2025-10-01,2025-10-01 01:14:24.000000000,Chat,Complaint,Medium,Agent_03,1.24,,Resolved
TCK-00423,2025-10-01,2025-10-01 04:44:24.000000000,Chat,Product Question,Medium,Agent_08,4.74,,Resolved
TCK-01194,2025-10-01,2025-10-01 04:35:24.000000000,Chat,Product Question,Medium,Agent_06,4.59,,Closed
TCK-02004,2025-10-01,2025-10-01 06:21:00.000000000,Chat,Account Access,High,Agent_02,6.35,5.0,Resolved
TCK-03326,2025-10-01,2025-10-01 02:59:24.000000000,Chat,Complaint,Low,Agent_05,2.99,5.0,Resolved
TCK-04738,2025-10-01,2025-10-01 03:28:48.000000000,Chat,Billing,Low,Agent_06,3.48,4.0,Resolved
TCK-03728,2025-10-01,2025-10-01 08:21:36.000000000,Social Media,Technical Issue,Low,Agent_15,8.36,3.0,Resolved
TCK-04430,2025-10-01,2025-10-01 09:15:00.000000000,Chat,Technical Issue,Low,Agent_13,9.25,,Resolved
TCK-02254,2025-10-01,2025-10-01 07:45:36.000000000,Email,Account Access,Low,Agent_07,7.76,4.0,Closed
TCK-02308,2025-10-02,2025-10-02 09:21:36.000000000,Email,Technical Issue,Low,Agent_13,9.36,,Resolved
TCK-03683,2025-10-02,2025-10-02 10:00:36.000000000,Phone,Product Question,Low,Agent_15,10.01,2.0,Closed
TCK-04805,2025-10-02,2025-10-02 03:30:36.000000000,Phone,Technical Issue,Low,Agent_17,3.51,5.0,Resolved
TCK-02059,2025-10-02,2025-10-02 08:02:24.000000000,Phone,Billing,Low,Agent_05,8.04,,Resolved
TCK-04494,2025-10-02,2025-10-02 01:12:36.000000000,Phone,Billing,Medium,Agent_08,1.21,4.0,Closed
TCK-00453,2025-10-02,2025-10-02 07:49:48.000000000,Email,Account Access,High,Agent_11,7.83,4.0,Resolved
TCK-04766,2025-10-02,2025-10-02 13:04:12.000000000,Chat,Technical Issue,Low,Agent_20,13.07,2.0,Resolved
TCK-01338,2025-10-02,2025-10-02 07:26:24.000000000,Email,Refund Request,Low,Agent_11,7.44,3.0,Resolved
TCK-03575,2025-10-02,2025-10-02 03:49:12.000000000,Social Media,Billing,High,Agent_12,3.82,,Resolved
TCK-04275,2025-10-02,2025-10-02 03:34:47.999999999,Phone,Product Question,Medium,Agent_14,3.58,3.0,Resolved
TCK-02009,2025-10-02,2025-10-02 06:37:48.000000000,Email,Complaint,Low,Agent_05,6.63,3.0,Resolved
TCK-01944,2025-10-02,2025-10-02 07:31:48.000000000,Social Media,Billing,Low,Agent_18,7.53,3.0,Resolved
TCK-01627,2025-10-02,2025-10-02 02:40:12.000000000,Email,Technical Issue,Medium,Agent_06,2.67,,Closed
TCK-01025,2025-10-02,2025-10-02 01:57:00.000000000,Email,Technical Issue,Low,Agent_10,1.95,,Resolved
TCK-02322,2025-10-02,2025-10-02 02:14:24.000000000,Email,Technical Issue,Medium,Agent_19,2.24,5.0,Resolved
TCK-03013,2025-10-02,2025-10-02 03:21:00.000000000,Phone,Technical Issue,Low,Agent_18,3.35,4.0,Closed
TCK-02463,2025-10-02,2025-10-02 02:12:36.000000000,Email,Refund Request,High,Agent_04,2.21,5.0,Resolved
TCK-03056,2025-10-02,2025-10-02 06:46:12.000000000,Email,Product Question,Low,Agent_06,6.77,3.0,Resolved
TCK-03545,2025-10-02,2025-10-02 06:00:00.000000000,Email,Technical Issue,Low,Agent_09,6.0,4.0,Closed
TCK-03952,2025-10-03,2025-10-03 04:12:00.000000000,Phone,Technical Issue,High,Agent_10,4.2,,Resolved
TCK-03668,2025-10-03,2025-10-03 02:31:12.000000000,Email,Account Access,High,Agent_04,2.52,4.0,Resolved
TCK-02566,2025-10-03,2025-10-03 01:12:00.000000000,Email,Complaint,High,Agent_03,1.2,,Closed
TCK-03529,2025-10-03,2025-10-03 03:37:48.000000000,Email,Technical Issue,High,Agent_01,3.63,3.0,Resolved
TCK-04840,2025-10-03,2025-10-03 02:56:24.000000000,Phone,Refund Request,High,Agent_08,2.94,,Resolved
TCK-03951,2025-10-03,2025-10-03 01:58:12.000000000,Email,Technical Issue,Medium,Agent_14,1.97,,Closed
TCK-01955,2025-10-03,2025-10-03 04:58:48.000000000,Phone,Technical Issue,Medium,Agent_12,4.98,3.0,Resolved
TCK-02389,2025-10-03,2025-10-03 05:12:00.000000000,Phone,Technical Issue,Medium,Agent_11,5.2,5.0,Reopened
TCK-04506,2025-10-03,2025-10-03 16:08:24.000000000,Phone,Account Access,Low,Agent_11,16.14,2.0,Closed
TCK-02474,2025-10-03,2025-10-03 06:46:12.000000000,Email,Billing,Low,Agent_10,6.77,4.0,Resolved
TCK-04744,2025-10-03,2025-10-03 02:53:24.000000000,Email,Technical Issue,Medium,Agent_16,2.89,4.0,Resolved
TCK-01058,2025-10-03,2025-10-03 01:14:24.000000000,Email,Technical Issue,Urgent,Agent_13,1.24,,Resolved
TCK-03242,2025-10-03,2025-10-03 01:12:00.000000000,Chat,Product Question,Urgent,Agent_15,1.2,,Resolved
TCK-01750,2025-10-03,2025-10-03 01:58:48.000000000,Chat,Complaint,Medium,Agent_08,1.98,4.0,Reopened
TCK-04297,2025-10-04,2025-10-04 04:42:00.000000000,Phone,Account Access,High,Agent_14,4.7,4.0,Resolved
TCK-01634,2025-10-04,2025-10-04 08:10:48.000000000,Phone,Refund Request,Low,Agent_07,8.18,,Resolved
TCK-02565,2025-10-04,2025-10-04 01:57:36.000000000,Chat,Product Question,Low,Agent_05,1.96,4.0,Closed
TCK-00207,2025-10-04,2025-10-04 01:58:12.000000000,Chat,Billing,High,Agent_13,1.97,5.0,Resolved
TCK-04820,2025-10-04,2025-10-04 01:36:00.000000000,Chat,Account Access,Low,Agent_20,1.6,4.0,Resolved
TCK-00194,2025-10-04,2025-10-04 02:54:36.000000000,Email,Technical Issue,Medium,Agent_19,2.91,3.0,Resolved
TCK-01033,2025-10-04,2025-10-04 05:10:48.000000000,Email,Product Question,Low,Agent_07,5.18,4.0,Resolved
TCK-04564,2025-10-04,2025-10-04 01:39:00.000000000,Email,Product Question,High,Agent_13,1.65,,Closed
TCK-02382,2025-10-04,2025-10-04 03:25:48.000000000,Email,Technical Issue,Medium,Agent_10,3.43,3.0,Resolved
TCK-04859,2025-10-04,2025-10-04 05:37:48.000000000,Email,Product Question,Medium,Agent_12,5.63,5.0,Resolved
TCK-04224,2025-10-04,2025-10-04 12:43:48.000000000,Email,Technical Issue,Medium,Agent_20,12.73,,Closed
TCK-04025,2025-10-04,2025-10-04 08:43:48.000000000,Email,Technical Issue,High,Agent_04,8.73,3.0,Resolved
TCK-00002,2025-10-04,2025-10-04 11:04:48.000000000,Phone,Technical Issue,Medium,Agent_10,11.08,,Resolved
TCK-02325,2025-10-05,2025-10-05 03:28:48.000000000,Email,Technical Issue,Low,Agent_20,3.48,4.0,Resolved
TCK-03594,2025-10-05,2025-10-05 02:36:00.000000000,Social Media,Technical Issue,High,Agent_11,2.6,4.0,Resolved
TCK-00011,2025-10-05,2025-10-05 09:48:36.000000000,Phone,Billing,Low,Agent_14,9.81,3.0,Closed
TCK-03660,2025-10-05,2025-10-05 02:57:36.000000000,Email,Account Access,High,Agent_17,2.96,4.0,Resolved
TCK-01828,2025-10-05,2025-10-05 02:13:12.000000000,Chat,Complaint,High,Agent_12,2.22,4.0,Resolved
TCK-01261,2025-10-05,2025-10-05 02:43:12.000000000,Email,Account Access,Medium,Agent_20,2.72,,Closed
TCK-03008,2025-10-05,2025-10-05 02:03:00.000000000,Email,Product Question,High,Agent_11,2.05,,Resolved
TCK-04199,2025-10-05,2025-10-05 05:08:24.000000000,Phone,Account Access,Medium,Agent_20,5.14,,Resolved
TCK-03744,2025-10-05,2025-10-05 05:12:36.000000000,Phone,Technical Issue,Low,Agent_03,5.21,3.0,Resolved
TCK-04003,2025-10-05,2025-10-05 06:40:12.000000000,Email,Complaint,High,Agent_11,6.67,4.0,Resolved
TCK-01164,2025-10-05,2025-10-05 04:36:36.000000000,Phone,Complaint,Medium,Agent_14,4.61,,Resolved
TCK-03306,2025-10-05,2025-10-05 02:23:24.000000000,Email,Account Access,Medium,Agent_06,2.39,,Resolved
TCK-03093,2025-10-05,2025-10-05 05:16:48.000000000,Email,Complaint,Medium,Agent_06,5.28,4.0,Reopened
TCK-04801,2025-10-06,2025-10-06 10:02:24.000000000,Email,Technical Issue,Low,Agent_14,10.04,3.0,Resolved
TCK-03105,2025-10-06,2025-10-06 08:57:36.000000000,Email,Technical Issue,Low,Agent_01,8.96,3.0,Resolved
TCK-01094,2025-10-06,2025-10-06 06:16:48.000000000,Chat,Billing,Medium,Agent_04,6.28,3.0,Closed
TCK-04536,2025-10-06,2025-10-06 12:52:48.000000000,Email,Account Access,Low,Agent_19,12.88,2.0,Resolved
TCK-04693,2025-10-06,2025-10-06 13:23:24.000000000,Phone,Product Question,Medium,Agent_18,13.39,1.0,Resolved
TCK-04589,2025-10-06,2025-10-06 03:49:12.000000000,Email,Technical Issue,Medium,Agent_02,3.82,5.0,Resolved
TCK-00674,2025-10-06,2025-10-06 03:06:36.000000000,Phone,Refund Request,Medium,Agent_15,3.11,5.0,Resolved
TCK-00167,2025-10-06,2025-10-06 03:58:48.000000000,Email,Technical Issue,Medium,Agent_03,3.98,,Closed
TCK-01631,2025-10-06,2025-10-06 06:00:00.000000000,Email,Technical Issue,Low,Agent_13,6.0,,Resolved
TCK-04383,2025-10-06,2025-10-06 02:15:00.000000000,Phone,Technical Issue,Medium,Agent_10,2.25,4.0,Resolved
TCK-04249,2025-10-06,2025-10-06 04:29:24.000000000,Chat,Billing,Medium,Agent_08,4.49,4.0,Resolved
TCK-01235,2025-10-06,2025-10-06 02:46:12.000000000,Phone,Billing,Low,Agent_05,2.77,,Resolved
TCK-02803,2025-10-06,2025-10-06 02:24:36.000000000,Chat,Technical Issue,Low,Agent_16,2.41,3.0,Resolved
TCK-02743,2025-10-06,2025-10-06 03:56:24.000000000,Email,Billing,Medium,Agent_14,3.94,,Closed
TCK-02136,2025-10-06,2025-10-06 06:18:00.000000000,Chat,Complaint,Low,Agent_01,6.3,4.0,Resolved
TCK-03072,2025-10-06,2025-10-06 05:24:36.000000000,Chat,Complaint,Low,Agent_11,5.41,2.0,Resolved
TCK-02241,2025-10-06,2025-10-06 06:21:36.000000000,Phone,Complaint,Medium,Agent_08,6.36,,Resolved
TCK-04040,2025-10-06,2025-10-06 20:34:11.999999999,Email,Account Access,Low,Agent_12,20.57,,Resolved
TCK-00702,2025-10-06,2025-10-06 08:18:36.000000000,Chat,Product Question,Medium,Agent_19,8.31,,Resolved
TCK-02903,2025-10-06,2025-10-06 05:22:48.000000000,Chat,Technical Issue,Medium,Agent_15,5.38,,Resolved
TCK-04596,2025-10-06,2025-10-06 02:41:24.000000000,Chat,Technical Issue,High,Agent_08,2.69,5.0,Closed
TCK-03866,2025-10-06,2025-10-06 02:28:12.000000000,Chat,Technical Issue,Medium,Agent_15,2.47,,Resolved
TCK-04732,2025-10-06,2025-10-06 02:30:36.000000000,Phone,Billing,High,Agent_02,2.51,,Resolved
TCK-04806,2025-10-07,2025-10-07 03:54:36.000000000,Email,Billing,Medium,Agent_17,3.91,5.0,Resolved
TCK-03542,2025-10-07,2025-10-07 08:38:24.000000000,Email,Account Access,Low,Agent_01,8.64,5.0,Closed
TCK-00383,2025-10-07,2025-10-07 02:27:00.000000000,Email,Refund Request,High,Agent_18,2.45,5.0,Resolved
TCK-04309,2025-10-07,2025-10-07 04:39:36.000000000,Phone,Technical Issue,High,Agent_18,4.66,3.0,Resolved
TCK-04238,2025-10-07,2025-10-07 02:25:48.000000000,Chat,Technical Issue,Medium,Agent_08,2.43,4.0,Resolved
TCK-01782,2025-10-07,2025-10-07 05:10:48.000000000,Phone,Technical Issue,Medium,Agent_17,5.18,,Resolved
TCK-04707,2025-10-07,2025-10-07 09:46:12.000000000,Email,Billing,Medium,Agent_08,9.77,1.0,Resolved
TCK-03147,2025-10-07,2025-10-07 04:09:36.000000000,Email,Technical Issue,Medium,Agent_10,4.16,4.0,Closed
TCK-00449,2025-10-07,2025-10-07 05:19:48.000000000,Phone,Billing,Low,Agent_17,5.33,,Resolved
TCK-04246,2025-10-07,2025-10-07 03:52:12.000000000,Phone,Billing,Urgent,Agent_05,3.87,4.0,Resolved
TCK-04013,2025-10-07,2025-10-07 06:22:48.000000000,Phone,Billing,High,Agent_03,6.38,,Resolved
TCK-00088,2025-10-07,2025-10-07 01:58:48.000000000,Email,Billing,High,Agent_13,1.98,,Closed
TCK-02134,2025-10-07,2025-10-07 04:13:12.000000000,Email,Product Question,Medium,Agent_02,4.22,,Resolved
TCK-02067,2025-10-07,2025-10-07 10:16:12.000000000,Phone,Technical Issue,Medium,Agent_16,10.27,4.0,Resolved
TCK-00617,2025-10-07,2025-10-07 03:19:12.000000000,Chat,Account Access,Low,Agent_01,3.32,4.0,Closed
TCK-04043,2025-10-08,2025-10-08 04:07:12.000000000,Email,Technical Issue,Low,Agent_09,4.12,5.0,Resolved
TCK-02081,2025-10-08,2025-10-08 07:43:48.000000000,Phone,Account Access,Medium,Agent_11,7.73,4.0,Resolved
TCK-04669,2025-10-08,2025-10-08 04:31:48.000000000,Email,Billing,Low,Agent_13,4.53,4.0,Resolved
TCK-03638,2025-10-08,2025-10-08 01:11:24.000000000,Email,Complaint,High,Agent_18,1.19,4.0,Resolved
TCK-03207,2025-10-08,2025-10-08 05:00:00.000000000,Phone,Product Question,Low,Agent_08,5.0,,Resolved
TCK-01108,2025-10-08,2025-10-08 01:41:24.000000000,Phone,Complaint,Low,Agent_08,1.69,4.0,Resolved
TCK-00280,2025-10-08,2025-10-08 06:37:48.000000000,Chat,Technical Issue,Medium,Agent_02,6.63,3.0,Resolved
TCK-00049,2025-10-08,2025-10-08 01:52:12.000000000,Phone,Complaint,Urgent,Agent_05,1.87,4.0,Closed
TCK-02897,2025-10-08,2025-10-08 02:25:48.000000000,Email,Technical Issue,Medium,Agent_17,2.43,,Resolved
TCK-03163,2025-10-08,2025-10-08 02:53:24.000000000,Email,Complaint,Low,Agent_01,2.89,4.0,Resolved
TCK-01735,2025-10-08,2025-10-08 03:17:23.999999999,Chat,Complaint,High,Agent_07,3.29,,Resolved
TCK-00330,2025-10-09,2025-10-09 02:12:36.000000000,Email,Product Question,Medium,Agent_13,2.21,5.0,Resolved
TCK-00824,2025-10-09,2025-10-09 10:14:24.000000000,Email,Technical Issue,Low,Agent_09,10.24,4.0,Resolved
TCK-04934,2025-10-09,2025-10-09 01:39:36.000000000,Phone,Product Question,Low,Agent_16,1.66,5.0,Resolved
TCK-04266,2025-10-09,2025-10-09 04:27:00.000000000,Phone,Billing,Medium,Agent_12,4.45,,Closed
TCK-04258,2025-10-09,2025-10-09 01:52:48.000000000,Phone,Technical Issue,Medium,Agent_09,1.88,,Reopened
TCK-03186,2025-10-09,2025-10-09 09:42:00.000000000,Email,Account Access,Low,Agent_13,9.7,3.0,Closed
TCK-01021,2025-10-09,2025-10-09 04:52:12.000000000,Chat,Billing,Low,Agent_15,4.87,5.0,Closed
TCK-01830,2025-10-09,2025-10-09 01:57:00.000000000,Chat,Billing,High,Agent_18,1.95,,Resolved
TCK-01651,2025-10-09,2025-10-09 02:14:24.000000000,Social Media,Billing,High,Agent_14,2.24,4.0,Resolved
TCK-03587,2025-10-09,2025-10-09 02:12:36.000000000,Social Media,Product Question,Low,Agent_11,2.21,,Reopened
TCK-02882,2025-10-09,2025-10-09 06:38:24.000000000,Email,Billing,Medium,Agent_04,6.64,3.0,Resolved
TCK-03392,2025-10-09,2025-10-09 06:16:48.000000000,Email,Account Access,Medium,Agent_19,6.28,,Resolved
TCK-04389,2025-10-09,2025-10-09 01:01:48.000000000,Social Media,Technical Issue,Medium,Agent_06,1.03,4.0,Resolved
TCK-03117,2025-10-09,2025-10-09 02:51:36.000000000,Email,Refund Request,Medium,Agent_17,2.86,2.0,Reopened
TCK-00871,2025-10-09,2025-10-09 01:49:48.000000000,Email,Product Question,High,Agent_02,1.83,4.0,Resolved
TCK-00133,2025-10-09,2025-10-09 12:01:12.000000000,Chat,Account Access,Low,Agent_17,12.02,,Resolved
TCK-00605,2025-10-09,2025-10-09 01:42:00.000000000,Email,Refund Request,High,Agent_12,1.7,,Closed
TCK-03807,2025-10-09,2025-10-09 04:31:12.000000000,Chat,Product Question,Medium,Agent_12,4.52,,Resolved
TCK-04464,2025-10-09,2025-10-09 05:52:48.000000000,Chat,Billing,Low,Agent_15,5.88,,Resolved
TCK-01018,2025-10-09,2025-10-09 01:03:36.000000000,Phone,Refund Request,High,Agent_12,1.06,,Resolved
TCK-02955,2025-10-09,2025-10-09 03:55:48.000000000,Phone,Technical Issue,Medium,Agent_15,3.93,,Resolved
TCK-02172,2025-10-10,2025-10-10 03:02:24.000000000,Email,Billing,Low,Agent_01,3.04,3.0,Resolved
TCK-02280,2025-10-10,2025-10-10 05:20:24.000000000,Chat,Technical Issue,Medium,Agent_11,5.34,3.0,Closed
TCK-02535,2025-10-10,2025-10-10 00:42:00.000000000,Chat,Complaint,High,Agent_13,0.7,4.0,Resolved
TCK-01785,2025-10-10,2025-10-10 02:26:24.000000000,Email,Billing,High,Agent_13,2.44,5.0,Resolved
TCK-01518,2025-10-10,2025-10-10 05:21:00.000000000,Chat,Account Access,Low,Agent_04,5.35,4.0,Resolved
TCK-00694,2025-10-10,2025-10-10 03:41:24.000000000,Phone,Account Access,Medium,Agent_06,3.69,3.0,Resolved
TCK-03347,2025-10-10,2025-10-10 03:48:36.000000000,Chat,Billing,Medium,Agent_03,3.81,5.0,Resolved
TCK-01299,2025-10-10,2025-10-10 21:10:48.000000000,Phone,Product Question,Low,Agent_01,21.18,2.0,Resolved
TCK-04965,2025-10-10,2025-10-10 00:31:48.000000000,Email,Account Access,High,Agent_20,0.53,,Resolved
TCK-03504,2025-10-10,2025-10-10 01:24:36.000000000,Chat,Product Question,Medium,Agent_02,1.41,5.0,Resolved
TCK-02407,2025-10-10,2025-10-10 03:50:24.000000000,Email,Product Question,Medium,Agent_16,3.84,,Resolved
TCK-02622,2025-10-10,2025-10-10 03:19:48.000000000,Phone,Complaint,High,Agent_18,3.33,5.0,Resolved
TCK-04236,2025-10-10,2025-10-10 04:02:24.000000000,Email,Product Question,Medium,Agent_18,4.04,,Closed
TCK-01238,2025-10-10,2025-10-10 02:43:12.000000000,Email,Billing,Medium,Agent_10,2.72,3.0,Resolved
TCK-03184,2025-10-11,2025-10-11 02:52:48.000000000,Chat,Product Question,High,Agent_08,2.88,,Resolved
TCK-00362,2025-10-11,2025-10-11 03:53:24.000000000,Email,Billing,Medium,Agent_16,3.89,2.0,Resolved
TCK-01874,2025-10-11,2025-10-11 03:27:00.000000000,Phone,Technical Issue,High,Agent_15,3.45,,Closed
TCK-01571,2025-10-11,2025-10-11 03:51:36.000000000,Email,Product Question,Medium,Agent_16,3.86,4.0,Closed
TCK-03183,2025-10-11,2025-10-11 06:09:36.000000000,Email,Billing,Low,Agent_01,6.16,3.0,Resolved
TCK-01429,2025-10-11,2025-10-11 01:22:12.000000000,Chat,Technical Issue,High,Agent_10,1.37,,Closed
TCK-00775,2025-10-11,2025-10-11 04:30:00.000000000,Phone,Product Question,Low,Agent_15,4.5,4.0,Resolved
TCK-00796,2025-10-11,2025-10-11 03:23:24.000000000,Email,Account Access,Low,Agent_08,3.39,,Closed
TCK-04875,2025-10-11,2025-10-11 03:31:48.000000000,Chat,Billing,Medium,Agent_08,3.53,,Resolved
TCK-01202,2025-10-11,2025-10-11 03:05:24.000000000,Phone,Technical Issue,Low,Agent_14,3.09,,Resolved
TCK-03826,2025-10-11,2025-10-11 06:25:12.000000000,Phone,Account Access,Low,Agent_12,6.42,,Resolved
TCK-02961,2025-10-11,2025-10-11 03:04:12.000000000,Email,Refund Request,Low,Agent_01,3.07,4.0,Resolved
TCK-00170,2025-10-12,2025-10-12 01:03:36.000000000,Phone,Technical Issue,Medium,Agent_02,1.06,,Resolved
TCK-01273,2025-10-12,2025-10-12 02:57:00.000000000,Email,Technical Issue,Low,Agent_02,2.95,,Resolved
TCK-00726,2025-10-12,2025-10-12 10:00:00.000000000,Phone,Billing,High,Agent_11,10.0,,Resolved
TCK-02056,2025-10-12,2025-10-12 07:39:36.000000000,Email,Account Access,Low,Agent_17,7.66,2.0,Resolved
TCK-02409,2025-10-12,2025-10-12 03:27:00.000000000,Phone,Product Question,Medium,Agent_06,3.45,5.0,Resolved
TCK-00067,2025-10-12,2025-10-12 11:48:00.000000000,Email,Billing,Low,Agent_17,11.8,3.0,Resolved
TCK-03440,2025-10-12,2025-10-12 05:00:36.000000000,Email,Refund Request,Low,Agent_13,5.01,3.0,Resolved
TCK-00562,2025-10-12,2025-10-12 02:46:12.000000000,Email,Account Access,Medium,Agent_12,2.77,3.0,Resolved
TCK-01401,2025-10-12,2025-10-12 01:45:36.000000000,Email,Technical Issue,High,Agent_20,1.76,3.0,Resolved
TCK-03389,2025-10-12,2025-10-12 02:10:12.000000000,Email,Complaint,Medium,Agent_12,2.17,4.0,Resolved
TCK-01691,2025-10-12,2025-10-12 00:48:36.000000000,Phone,Refund Request,High,Agent_05,0.81,,Resolved
TCK-00010,2025-10-12,2025-10-12 03:34:47.999999999,Phone,Billing,Low,Agent_18,3.58,4.0,Resolved
TCK-00558,2025-10-12,2025-10-12 01:46:48.000000000,Phone,Technical Issue,High,Agent_01,1.78,3.0,Resolved
TCK-02563,2025-10-12,2025-10-12 03:20:24.000000000,Email,Billing,Low,Agent_11,3.34,3.0,Resolved
TCK-00072,2025-10-12,2025-10-12 01:31:12.000000000,Chat,Complaint,High,Agent_02,1.52,4.0,Closed
TCK-01458,2025-10-12,2025-10-12 02:24:36.000000000,Email,Complaint,High,Agent_19,2.41,4.0,Closed
TCK-02818,2025-10-12,2025-10-12 01:37:12.000000000,Phone,Refund Request,Low,Agent_16,1.62,,Closed
TCK-04979,2025-10-12,2025-10-12 06:06:36.000000000,Phone,Technical Issue,Low,Agent_04,6.11,,Resolved
TCK-01686,2025-10-13,2025-10-13 04:09:00.000000000,Chat,Complaint,Low,Agent_01,4.15,3.0,Resolved
TCK-00650,2025-10-13,2025-10-13 07:47:24.000000000,Phone,Technical Issue,Low,Agent_15,7.79,3.0,Resolved
TCK-04032,2025-10-13,2025-10-13 04:07:12.000000000,Email,Complaint,Medium,Agent_18,4.12,,Resolved
TCK-00238,2025-10-13,2025-10-13 07:54:00.000000000,Phone,Billing,Low,Agent_20,7.9,,Resolved
TCK-04185,2025-10-13,2025-10-13 04:43:12.000000000,Phone,Billing,Medium,Agent_01,4.72,,Reopened
TCK-03310,2025-10-13,2025-10-13 15:19:48.000000000,Chat,Technical Issue,Low,Agent_18,15.33,1.0,Resolved
TCK-03034,2025-10-13,2025-10-13 07:07:48.000000000,Email,Billing,Medium,Agent_06,7.13,,Resolved
TCK-03525,2025-10-13,2025-10-13 01:21:00.000000000,Phone,Account Access,High,Agent_20,1.35,3.0,Resolved
TCK-01172,2025-10-13,2025-10-13 03:50:24.000000000,Phone,Technical Issue,Medium,Agent_14,3.84,4.0,Resolved
TCK-00766,2025-10-13,2025-10-13 10:52:12.000000000,Phone,Billing,Medium,Agent_20,10.87,,Resolved
TCK-04913,2025-10-13,2025-10-13 03:54:36.000000000,Phone,Billing,Low,Agent_04,3.91,4.0,Resolved
TCK-02948,2025-10-13,2025-10-13 02:00:36.000000000,Email,Billing,Low,Agent_17,2.01,,Resolved
TCK-03286,2025-10-13,2025-10-13 00:40:12.000000000,Phone,Account Access,High,Agent_06,0.67,4.0,Resolved
TCK-00915,2025-10-14,2025-10-14 06:19:12.000000000,Email,Product Question,High,Agent_14,6.32,3.0,Resolved
TCK-04322,2025-10-14,2025-10-14 06:24:00.000000000,Social Media,Complaint,Medium,Agent_04,6.4,,Resolved
TCK-00120,2025-10-14,2025-10-14 02:03:00.000000000,Email,Technical Issue,Medium,Agent_09,2.05,3.0,Resolved
TCK-03927,2025-10-14,2025-10-14 04:43:12.000000000,Phone,Product Question,Medium,Agent_04,4.72,,Resolved
TCK-01376,2025-10-14,2025-10-14 05:07:48.000000000,Phone,Billing,High,Agent_19,5.13,3.0,Reopened
TCK-00573,2025-10-14,2025-10-14 04:15:36.000000000,Chat,Technical Issue,Medium,Agent_03,4.26,,Closed
TCK-00878,2025-10-14,2025-10-14 03:21:36.000000000,Email,Product Question,Medium,Agent_16,3.36,4.0,Resolved
TCK-00685,2025-10-14,2025-10-14 02:44:24.000000000,Chat,Technical Issue,Medium,Agent_04,2.74,,Resolved
TCK-00436,2025-10-14,2025-10-14 09:00:00.000000000,Email,Product Question,Low,Agent_14,9.0,,Reopened
TCK-04085,2025-10-15,2025-10-15 02:29:24.000000000,Phone,Billing,Medium,Agent_13,2.49,4.0,Resolved
TCK-03283,2025-10-15,2025-10-15 06:35:24.000000000,Chat,Account Access,Medium,Agent_07,6.59,4.0,Resolved
TCK-03015,2025-10-15,2025-10-15 03:01:12.000000000,Chat,Billing,High,Agent_17,3.02,,Resolved
TCK-01969,2025-10-15,2025-10-15 02:51:00.000000000,Email,Refund Request,Low,Agent_16,2.85,4.0,Reopened
TCK-03382,2025-10-15,2025-10-15 10:18:36.000000000,Email,Technical Issue,Low,Agent_16,10.31,2.0,Resolved
TCK-01390,2025-10-15,2025-10-15 02:48:36.000000000,Chat,Technical Issue,Medium,Agent_18,2.81,,Resolved
TCK-02608,2025-10-15,2025-10-16 03:07:48.000000000,Email,Refund Request,Low,Agent_11,27.13,,Resolved
TCK-04573,2025-10-15,2025-10-15 08:06:00.000000000,Chat,Technical Issue,Medium,Agent_13,8.1,4.0,Closed
TCK-02244,2025-10-15,2025-10-15 06:19:48.000000000,Phone,Technical Issue,Low,Agent_02,6.33,,Closed
TCK-03342,2025-10-15,2025-10-15 02:24:36.000000000,Email,Product Question,High,Agent_19,2.41,,Closed
TCK-00066,2025-10-15,2025-10-15 06:52:48.000000000,Email,Technical Issue,Low,Agent_08,6.88,2.0,Resolved
TCK-00209,2025-10-15,2025-10-15 01:18:00.000000000,Email,Account Access,Medium,Agent_02,1.3,5.0,Resolved
TCK-04044,2025-10-15,2025-10-15 03:03:36.000000000,Chat,Billing,Medium,Agent_15,3.06,3.0,Resolved
TCK-00950,2025-10-15,2025-10-15 06:17:23.999999999,Social Media,Technical Issue,Low,Agent_03,6.29,3.0,Resolved
TCK-00173,2025-10-15,2025-10-15 01:28:12.000000000,Chat,Technical Issue,High,Agent_02,1.47,,Closed
TCK-03875,2025-10-16,2025-10-16 06:08:24.000000000,Phone,Complaint,Low,Agent_11,6.14,,Resolved
TCK-02196,2025-10-16,2025-10-16 06:46:12.000000000,Email,Technical Issue,Low,Agent_12,6.77,,Closed
TCK-02769,2025-10-16,2025-10-16 00:57:36.000000000,Email,Technical Issue,High,Agent_01,0.96,4.0,Resolved
TCK-03090,2025-10-16,2025-10-16 02:58:12.000000000,Phone,Product Question,Medium,Agent_08,2.97,4.0,Reopened
TCK-04868,2025-10-16,2025-10-16 03:57:00.000000000,Email,Account Access,Medium,Agent_20,3.95,,Resolved
TCK-01421,2025-10-16,2025-10-16 03:10:12.000000000,Email,Billing,High,Agent_16,3.17,5.0,Resolved
TCK-02685,2025-10-16,2025-10-16 04:27:00.000000000,Email,Product Question,Low,Agent_05,4.45,4.0,Resolved
TCK-02761,2025-10-17,2025-10-17 01:31:12.000000000,Social Media,Product Question,High,Agent_07,1.52,,Resolved
TCK-04476,2025-10-17,2025-10-17 01:43:12.000000000,Chat,Complaint,Low,Agent_06,1.72,4.0,Resolved
TCK-01946,2025-10-17,2025-10-17 02:11:24.000000000,Email,Technical Issue,Medium,Agent_01,2.19,3.0,Resolved
TCK-01093,2025-10-17,2025-10-17 04:21:36.000000000,Phone,Account Access,Medium,Agent_06,4.36,,Resolved
TCK-04059,2025-10-17,2025-10-17 05:30:00.000000000,Social Media,Product Question,Medium,Agent_03,5.5,3.0,Closed
TCK-01940,2025-10-17,2025-10-17 02:31:12.000000000,Chat,Refund Request,Medium,Agent_04,2.52,4.0,Resolved
TCK-03114,2025-10-17,2025-10-17 04:34:11.999999999,Email,Account Access,High,Agent_09,4.57,,Resolved
TCK-01214,2025-10-17,2025-10-17 01:56:24.000000000,Phone,Technical Issue,High,Agent_07,1.94,4.0,Closed
TCK-00599,2025-10-17,2025-10-17 02:11:24.000000000,Email,Technical Issue,Medium,Agent_16,2.19,4.0,Resolved
TCK-01577,2025-10-17,2025-10-17 01:15:36.000000000,Phone,Technical Issue,High,Agent_20,1.26,3.0,Resolved
TCK-00221,2025-10-17,2025-10-17 01:25:12.000000000,Email,Account Access,High,Agent_17,1.42,,Resolved
TCK-01374,2025-10-17,2025-10-17 02:56:24.000000000,Phone,Technical Issue,Medium,Agent_17,2.94,,Resolved
TCK-00519,2025-10-17,2025-10-17 02:24:00.000000000,Email,Billing,Low,Agent_10,2.4,,Resolved
TCK-02631,2025-10-17,2025-10-17 04:28:48.000000000,Phone,Technical Issue,Low,Agent_12,4.48,4.0,Resolved
TCK-04764,2025-10-17,2025-10-17 02:30:36.000000000,Email,Technical Issue,Low,Agent_08,2.51,5.0,Resolved
TCK-03353,2025-10-18,2025-10-18 06:27:36.000000000,Email,Complaint,Low,Agent_14,6.46,,Resolved
TCK-03356,2025-10-18,2025-10-18 05:42:00.000000000,Phone,Account Access,Medium,Agent_13,5.7,3.0,Resolved
TCK-02859,2025-10-18,2025-10-18 03:55:12.000000000,Email,Account Access,Medium,Agent_09,3.92,,Resolved
TCK-01644,2025-10-18,2025-10-18 04:03:36.000000000,Email,Account Access,Medium,Agent_15,4.06,4.0,Resolved
TCK-02217,2025-10-18,2025-10-18 03:35:24.000000000,Phone,Billing,Medium,Agent_07,3.59,3.0,Resolved
TCK-00095,2025-10-18,2025-10-18 02:31:48.000000000,Email,Technical Issue,Low,Agent_02,2.53,4.0,Resolved
TCK-00031,2025-10-18,2025-10-18 03:14:24.000000000,Phone,Complaint,Medium,Agent_04,3.24,3.0,Resolved
TCK-02662,2025-10-18,2025-10-18 01:46:12.000000000,Email,Account Access,High,Agent_06,1.77,,Reopened
TCK-00065,2025-10-18,2025-10-18 04:00:36.000000000,Email,Account Access,Medium,Agent_18,4.01,4.0,Resolved
TCK-03256,2025-10-18,2025-10-18 02:06:36.000000000,Email,Technical Issue,High,Agent_18,2.11,3.0,Resolved
TCK-00444,2025-10-18,2025-10-18 04:03:36.000000000,Phone,Product Question,High,Agent_15,4.06,4.0,Resolved
TCK-03524,2025-10-18,2025-10-18 10:28:12.000000000,Social Media,Technical Issue,Low,Agent_10,10.47,2.0,Resolved
TCK-03443,2025-10-18,2025-10-18 04:02:24.000000000,Phone,Refund Request,Medium,Agent_13,4.04,,Resolved
TCK-04672,2025-10-18,2025-10-18 10:57:00.000000000,Email,Billing,Medium,Agent_04,10.95,,Resolved
TCK-02792,2025-10-18,2025-10-18 03:57:36.000000000,Email,Technical Issue,High,Agent_03,3.96,,Resolved
TCK-02507,2025-10-18,2025-10-18 03:54:36.000000000,Email,Refund Request,Low,Agent_19,3.91,,Closed
TCK-00705,2025-10-18,2025-10-18 05:27:36.000000000,Email,Technical Issue,Medium,Agent_13,5.46,,Closed
TCK-00652,2025-10-18,2025-10-18 04:40:12.000000000,Phone,Product Question,Low,Agent_08,4.67,,Resolved
TCK-00972,2025-10-19,2025-10-19 03:04:48.000000000,Email,Refund Request,High,Agent_16,3.08,4.0,Closed
TCK-01538,2025-10-19,2025-10-19 07:07:12.000000000,Social Media,Refund Request,Medium,Agent_01,7.12,3.0,Resolved
TCK-04231,2025-10-19,2025-10-19 08:09:36.000000000,Email,Complaint,Low,Agent_07,8.16,3.0,Closed
TCK-03712,2025-10-19,2025-10-19 03:12:36.000000000,Phone,Refund Request,High,Agent_10,3.21,,Resolved
TCK-00676,2025-10-19,2025-10-19 05:01:48.000000000,Email,Account Access,Medium,Agent_13,5.03,2.0,Closed
TCK-04427,2025-10-19,2025-10-19 01:06:00.000000000,Phone,Billing,High,Agent_10,1.1,4.0,Resolved
TCK-01696,2025-10-19,2025-10-19 03:32:24.000000000,Email,Product Question,Low,Agent_11,3.54,,Resolved
TCK-01965,2025-10-19,2025-10-19 05:39:00.000000000,Chat,Product Question,Medium,Agent_15,5.65,4.0,Closed
TCK-04268,2025-10-19,2025-10-19 07:48:00.000000000,Phone,Technical Issue,Low,Agent_19,7.8,,Closed
TCK-03441,2025-10-19,2025-10-19 02:13:48.000000000,Email,Technical Issue,High,Agent_18,2.23,3.0,Reopened
TCK-02517,2025-10-19,2025-10-19 03:18:36.000000000,Chat,Complaint,High,Agent_06,3.31,,Resolved
TCK-02166,2025-10-19,2025-10-19 04:38:24.000000000,Email,Billing,High,Agent_04,4.64,4.0,Closed
TCK-04869,2025-10-19,2025-10-19 02:19:48.000000000,Email,Product Question,Medium,Agent_10,2.33,,Resolved
TCK-03345,2025-10-19,2025-10-19 01:43:48.000000000,Phone,Account Access,Medium,Agent_18,1.73,4.0,Resolved
TCK-03531,2025-10-19,2025-10-19 03:54:36.000000000,Email,Billing,Medium,Agent_16,3.91,4.0,Resolved
TCK-02531,2025-10-20,2025-10-20 01:36:36.000000000,Email,Billing,High,Agent_15,1.61,,Closed
TCK-00646,2025-10-20,2025-10-20 02:43:48.000000000,Phone,Product Question,Medium,Agent_16,2.73,5.0,Resolved
TCK-02256,2025-10-20,2025-10-20 03:27:36.000000000,Email,Billing,Low,Agent_18,3.46,,Resolved
TCK-01244,2025-10-20,2025-10-20 08:01:48.000000000,Email,Product Question,Low,Agent_10,8.03,,Resolved
TCK-02862,2025-10-20,2025-10-20 03:20:24.000000000,Phone,Account Access,Low,Agent_18,3.34,3.0,Resolved
TCK-04936,2025-10-20,2025-10-20 02:24:36.000000000,Phone,Complaint,High,Agent_13,2.41,5.0,Resolved
TCK-04935,2025-10-20,2025-10-20 07:43:48.000000000,Social Media,Account Access,Low,Agent_16,7.73,3.0,Closed
TCK-00556,2025-10-20,2025-10-20 03:27:36.000000000,Chat,Technical Issue,High,Agent_08,3.46,,Closed
TCK-02495,2025-10-20,2025-10-20 01:57:36.000000000,Email,Refund Request,Medium,Agent_02,1.96,,Resolved
TCK-02457,2025-10-20,2025-10-20 03:33:36.000000000,Phone,Product Question,Medium,Agent_07,3.56,4.0,Resolved
TCK-01047,2025-10-20,2025-10-20 07:09:00.000000000,Chat,Complaint,Medium,Agent_08,7.15,4.0,Resolved
TCK-00820,2025-10-20,2025-10-20 08:47:24.000000000,Phone,Product Question,Low,Agent_16,8.79,3.0,Closed
TCK-02997,2025-10-20,2025-10-20 01:43:12.000000000,Email,Billing,Medium,Agent_01,1.72,,Resolved
TCK-01220,2025-10-20,2025-10-20 06:07:12.000000000,Email,Account Access,Medium,Agent_11,6.12,,Resolved
TCK-03260,2025-10-20,2025-10-20 02:33:00.000000000,Email,Technical Issue,Medium,Agent_04,2.55,4.0,Resolved
TCK-00812,2025-10-20,2025-10-20 05:21:00.000000000,Email,Account Access,Medium,Agent_09,5.35,3.0,Closed
TCK-03017,2025-10-20,2025-10-20 03:52:48.000000000,Email,Product Question,Medium,Agent_07,3.88,,Closed
TCK-03965,2025-10-20,2025-10-20 01:43:12.000000000,Social Media,Technical Issue,Urgent,Agent_14,1.72,,Resolved
TCK-04485,2025-10-20,2025-10-20 02:08:24.000000000,Chat,Billing,Medium,Agent_17,2.14,5.0,Resolved
TCK-00551,2025-10-20,2025-10-20 03:27:36.000000000,Email,Technical Issue,Medium,Unknown,3.46,,Closed
TCK-02527,2025-10-20,2025-10-20 05:27:00.000000000,Email,Account Access,Low,Agent_15,5.45,4.0,Resolved
TCK-02943,2025-10-20,2025-10-20 01:34:47.999999999,Email,Billing,High,Agent_09,1.58,5.0,Resolved
TCK-02505,2025-10-21,2025-10-21 01:43:48.000000000,Phone,Technical Issue,High,Agent_05,1.73,5.0,Resolved
TCK-00388,2025-10-21,2025-10-21 03:15:00.000000000,Email,Complaint,Medium,Agent_11,3.25,4.0,Resolved
TCK-02053,2025-10-21,2025-10-21 03:11:24.000000000,Email,Technical Issue,Low,Agent_16,3.19,3.0,Resolved
TCK-00432,2025-10-21,2025-10-21 06:40:48.000000000,Chat,Account Access,Low,Agent_20,6.68,,Reopened
TCK-01709,2025-10-21,2025-10-21 08:39:00.000000000,Phone,Product Question,High,Agent_17,8.65,4.0,Closed
TCK-00052,2025-10-21,2025-10-21 03:19:12.000000000,Phone,Refund Request,High,Agent_03,3.32,5.0,Reopened
TCK-01159,2025-10-21,2025-10-21 02:39:00.000000000,Email,Product Question,Medium,Agent_02,2.65,,Resolved
TCK-00511,2025-10-21,2025-10-21 10:36:36.000000000,Chat,Account Access,Low,Agent_02,10.61,,Resolved
TCK-04269,2025-10-21,2025-10-21 04:28:12.000000000,Chat,Product Question,Medium,Agent_04,4.47,,Resolved
TCK-03763,2025-10-21,2025-10-21 04:21:00.000000000,Email,Account Access,Low,Agent_02,4.35,,Resolved
TCK-00063,2025-10-21,2025-10-21 05:19:48.000000000,Email,Billing,Medium,Agent_10,5.33,5.0,Resolved
TCK-03778,2025-10-21,2025-10-21 04:46:48.000000000,Phone,Complaint,Urgent,Agent_13,4.78,4.0,Resolved
TCK-00614,2025-10-21,2025-10-21 02:10:48.000000000,Email,Complaint,Medium,Agent_05,2.18,,Resolved
TCK-04770,2025-10-22,2025-10-22 04:27:36.000000000,Email,Technical Issue,Medium,Agent_11,4.46,4.0,Resolved
TCK-04166,2025-10-22,2025-10-22 03:37:12.000000000,Email,Complaint,High,Agent_20,3.62,4.0,Resolved
TCK-02895,2025-10-22,2025-10-22 03:52:48.000000000,Phone,Technical Issue,Low,Agent_17,3.88,3.0,Closed
TCK-00251,2025-10-22,2025-10-22 02:43:12.000000000,Email,Billing,Medium,Agent_14,2.72,,Closed
TCK-04248,2025-10-22,2025-10-22 09:22:48.000000000,Phone,Product Question,Medium,Agent_04,9.38,2.0,Resolved
TCK-02492,2025-10-22,2025-10-22 04:22:48.000000000,Phone,Account Access,Low,Agent_11,4.38,3.0,Resolved
TCK-04713,2025-10-22,2025-10-22 01:59:24.000000000,Email,Billing,High,Agent_18,1.99,4.0,Resolved
TCK-03673,2025-10-22,2025-10-22 00:26:24.000000000,Email,Product Question,Urgent,Agent_07,0.44,4.0,Resolved
TCK-03729,2025-10-22,2025-10-22 13:48:00.000000000,Phone,Technical Issue,Medium,Agent_04,13.8,2.0,Reopened
TCK-01294,2025-10-22,2025-10-22 02:58:48.000000000,Email,Refund Request,Medium,Agent_20,2.98,4.0,Resolved
TCK-00797,2025-10-23,2025-10-23 03:14:24.000000000,Phone,Complaint,Low,Agent_02,3.24,5.0,Closed
TCK-03828,2025-10-23,2025-10-23 03:10:12.000000000,Phone,Billing,High,Agent_01,3.17,,Resolved
TCK-00961,2025-10-23,2025-10-23 13:17:23.999999999,Email,Billing,Low,Agent_11,13.29,,Resolved
TCK-00296,2025-10-23,2025-10-23 05:28:48.000000000,Phone,Technical Issue,Medium,Agent_10,5.48,,Resolved
TCK-04014,2025-10-23,2025-10-23 04:21:00.000000000,Email,Product Question,High,Agent_04,4.35,5.0,Closed
TCK-02121,2025-10-23,2025-10-23 01:07:48.000000000,Email,Product Question,Medium,Agent_05,1.13,,Resolved
TCK-03793,2025-10-23,2025-10-23 04:50:24.000000000,Social Media,Account Access,High,Agent_01,4.84,,Resolved
TCK-03206,2025-10-23,2025-10-23 04:20:24.000000000,Chat,Refund Request,Low,Agent_20,4.34,4.0,Closed
TCK-00187,2025-10-23,2025-10-23 04:31:12.000000000,Chat,Billing,Low,Agent_08,4.52,4.0,Resolved
TCK-01179,2025-10-23,2025-10-23 14:09:36.000000000,Email,Billing,Low,Agent_13,14.16,1.0,Resolved
TCK-02708,2025-10-23,2025-10-23 01:25:48.000000000,Email,Billing,Medium,Agent_11,1.43,,Closed
TCK-02970,2025-10-24,2025-10-24 00:27:36.000000000,Phone,Account Access,High,Agent_12,0.46,,Resolved
TCK-01534,2025-10-24,2025-10-24 01:58:48.000000000,Email,Product Question,High,Agent_09,1.98,,Resolved
TCK-02644,2025-10-24,2025-10-24 03:46:12.000000000,Email,Account Access,Medium,Agent_09,3.77,4.0,Resolved
TCK-00845,2025-10-24,2025-10-24 01:21:00.000000000,Email,Account Access,Medium,Agent_04,1.35,,Resolved
TCK-03158,2025-10-24,2025-10-24 01:23:24.000000000,Phone,Product Question,Low,Agent_01,1.39,4.0,Resolved
TCK-03468,2025-10-24,2025-10-24 03:52:12.000000000,Email,Refund Request,Medium,Agent_08,3.87,4.0,Closed
TCK-02119,2025-10-24,2025-10-24 07:24:36.000000000,Email,Account Access,Low,Agent_09,7.41,,Resolved
TCK-01386,2025-10-25,2025-10-25 00:33:00.000000000,Phone,Technical Issue,High,Agent_05,0.55,5.0,Resolved
TCK-04352,2025-10-25,2025-10-25 06:57:36.000000000,Phone,Account Access,Medium,Agent_06,6.96,,Resolved
TCK-03168,2025-10-25,2025-10-25 18:44:24.000000000,Email,Complaint,Low,Agent_14,18.74,2.0,Resolved
TCK-03038,2025-10-25,2025-10-25 02:37:12.000000000,Email,Billing,Low,Agent_12,2.62,4.0,Resolved
TCK-04930,2025-10-25,2025-10-25 04:40:12.000000000,Phone,Technical Issue,Low,Agent_13,4.67,4.0,Resolved
TCK-02156,2025-10-25,2025-10-25 04:48:36.000000000,Email,Billing,Low,Agent_07,4.81,5.0,Closed
TCK-03361,2025-10-25,2025-10-25 04:28:48.000000000,Email,Billing,Low,Agent_13,4.48,4.0,Resolved
TCK-00126,2025-10-25,2025-10-25 04:33:36.000000000,Chat,Technical Issue,High,Agent_09,4.56,,Closed
TCK-01925,2025-10-26,2025-10-26 06:48:00.000000000,Email,Product Question,Medium,Agent_11,6.8,,Resolved
TCK-01924,2025-10-26,2025-10-26 03:04:48.000000000,Chat,Technical Issue,Low,Agent_08,3.08,4.0,Resolved
TCK-03415,2025-10-26,2025-10-26 16:24:00.000000000,Email,Technical Issue,Low,Agent_10,16.4,3.0,Resolved
TCK-04334,2025-10-26,2025-10-26 07:51:00.000000000,Email,Complaint,Medium,Agent_10,7.85,4.0,Resolved
TCK-02833,2025-10-26,2025-10-26 01:01:12.000000000,Phone,Account Access,High,Agent_20,1.02,4.0,Closed
TCK-00474,2025-10-26,2025-10-26 02:37:12.000000000,Phone,Complaint,Low,Agent_08,2.62,,Resolved
TCK-00701,2025-10-26,2025-10-26 03:29:24.000000000,Email,Technical Issue,Medium,Agent_03,3.49,4.0,Resolved
TCK-01495,2025-10-26,2025-10-26 00:45:36.000000000,Phone,Refund Request,High,Agent_15,0.76,,Resolved
TCK-01803,2025-10-26,2025-10-26 02:28:48.000000000,Phone,Billing,High,Agent_06,2.48,4.0,Resolved
TCK-02476,2025-10-27,2025-10-27 01:19:12.000000000,Email,Technical Issue,High,Agent_06,1.32,,Resolved
TCK-03324,2025-10-27,2025-10-27 05:36:00.000000000,Phone,Complaint,Low,Agent_12,5.6,,Resolved
TCK-01191,2025-10-27,2025-10-27 01:47:24.000000000,Chat,Product Question,Low,Agent_05,1.79,,Resolved
TCK-00985,2025-10-27,2025-10-27 04:09:00.000000000,Phone,Product Question,Low,Agent_01,4.15,,Closed
TCK-00109,2025-10-27,2025-10-27 10:10:12.000000000,Email,Billing,Low,Agent_16,10.17,4.0,Resolved
TCK-00809,2025-10-27,2025-10-27 04:15:36.000000000,Phone,Complaint,Low,Agent_04,4.26,,Resolved
TCK-00827,2025-10-27,2025-10-27 02:00:00.000000000,Chat,Account Access,High,Agent_01,2.0,,Resolved
TCK-02248,2025-10-27,2025-10-27 05:37:12.000000000,Phone,Product Question,Medium,Agent_06,5.62,3.0,Resolved
TCK-03042,2025-10-27,2025-10-27 02:48:36.000000000,Email,Account Access,High,Agent_12,2.81,4.0,Resolved
TCK-02298,2025-10-27,2025-10-27 05:27:00.000000000,Phone,Billing,High,Agent_12,5.45,,Resolved
TCK-04958,2025-10-27,2025-10-27 03:57:36.000000000,Email,Account Access,Medium,Agent_14,3.96,5.0,Resolved
TCK-02944,2025-10-28,2025-10-28 04:14:24.000000000,Phone,Product Question,Low,Agent_11,4.24,,Resolved
TCK-02905,2025-10-28,2025-10-28 02:37:48.000000000,Chat,Account Access,Medium,Agent_09,2.63,,Resolved
TCK-04316,2025-10-28,2025-10-28 10:14:24.000000000,Email,Complaint,Medium,Agent_12,10.24,3.0,Closed
TCK-04597,2025-10-28,2025-10-28 04:43:48.000000000,Email,Technical Issue,Medium,Agent_09,4.73,,Resolved
TCK-02286,2025-10-28,2025-10-28 05:39:36.000000000,Phone,Complaint,Medium,Agent_11,5.66,3.0,Closed
TCK-02332,2025-10-28,2025-10-28 03:00:36.000000000,Phone,Product Question,Medium,Agent_05,3.01,,Resolved
TCK-01547,2025-10-28,2025-10-28 02:20:24.000000000,Email,Technical Issue,Urgent,Agent_03,2.34,5.0,Resolved
TCK-01224,2025-10-28,2025-10-28 02:33:36.000000000,Phone,Product Question,Medium,Agent_01,2.56,3.0,Resolved
TCK-03129,2025-10-28,2025-10-28 03:52:12.000000000,Email,Technical Issue,Medium,Agent_01,3.87,3.0,Reopened
TCK-04203,2025-10-28,2025-10-28 05:27:36.000000000,Email,Account Access,Medium,Agent_14,5.46,2.0,Closed
TCK-02294,2025-10-28,2025-10-28 02:34:47.999999999,Chat,Billing,Low,Agent_06,2.58,,Resolved
TCK-03850,2025-10-28,2025-10-29 01:42:36.000000000,Phone,Complaint,Low,Agent_03,25.71,,Closed
TCK-03500,2025-10-29,2025-10-29 02:34:47.999999999,Chat,Product Question,Urgent,Agent_01,2.58,,Resolved
TCK-01000,2025-10-29,2025-10-29 02:14:24.000000000,Chat,Billing,Medium,Agent_11,2.24,4.0,Reopened
TCK-02570,2025-10-29,2025-10-29 03:54:36.000000000,Email,Technical Issue,Medium,Agent_09,3.91,,Resolved
TCK-00393,2025-10-29,2025-10-29 03:45:36.000000000,Phone,Technical Issue,Low,Agent_17,3.76,,Resolved
TCK-02041,2025-10-29,2025-10-29 02:57:00.000000000,Social Media,Product Question,Medium,Agent_19,2.95,4.0,Resolved
TCK-00262,2025-10-29,2025-10-29 05:04:12.000000000,Email,Technical Issue,Medium,Agent_02,5.07,4.0,Resolved
TCK-04626,2025-10-29,2025-10-29 01:56:24.000000000,Phone,Billing,High,Agent_13,1.94,5.0,Resolved
TCK-02384,2025-10-29,2025-10-29 05:09:36.000000000,Chat,Account Access,Medium,Agent_10,5.16,,Reopened
TCK-00565,2025-10-29,2025-10-29 02:52:48.000000000,Chat,Billing,Medium,Agent_13,2.88,,Resolved
TCK-01563,2025-10-29,2025-10-29 06:03:36.000000000,Phone,Billing,Low,Agent_13,6.06,3.0,Resolved
TCK-00754,2025-10-29,2025-10-29 05:00:36.000000000,Phone,Product Question,Low,Agent_19,5.01,,Closed
TCK-00484,2025-10-29,2025-10-29 08:55:48.000000000,Phone,Billing,Medium,Agent_11,8.93,,Resolved
TCK-03481,2025-10-29,2025-10-29 01:19:48.000000000,Phone,Complaint,Medium,Agent_11,1.33,4.0,Resolved
TCK-01947,2025-10-29,2025-10-29 02:30:36.000000000,Email,Technical Issue,Low,Agent_02,2.51,,Resolved
TCK-04583,2025-10-29,2025-10-29 00:34:47.999999999,Phone,Technical Issue,High,Agent_14,0.58,4.0,Resolved
TCK-04183,2025-10-29,2025-10-29 03:40:48.000000000,Social Media,Technical Issue,Low,Agent_10,3.68,,Resolved
TCK-01883,2025-10-29,2025-10-29 02:15:36.000000000,Email,Account Access,High,Agent_12,2.26,5.0,Resolved
TCK-04894,2025-10-30,2025-10-30 04:34:11.999999999,Phone,Refund Request,Low,Agent_14,4.57,3.0,Resolved
TCK-04822,2025-10-30,2025-10-30 05:02:24.000000000,Email,Refund Request,Medium,Agent_20,5.04,2.0,Resolved
TCK-04695,2025-10-30,2025-10-30 07:06:00.000000000,Chat,Technical Issue,Low,Agent_07,7.1,3.0,Closed
TCK-04968,2025-10-30,2025-10-30 06:34:11.999999999,Email,Technical Issue,Low,Agent_05,6.57,,Resolved
TCK-01931,2025-10-30,2025-10-30 03:43:48.000000000,Chat,Refund Request,High,Agent_01,3.73,4.0,Resolved
TCK-03483,2025-10-30,2025-10-30 02:04:48.000000000,Phone,Complaint,Low,Agent_18,2.08,4.0,Resolved
TCK-03027,2025-10-30,2025-10-30 08:10:12.000000000,Social Media,Account Access,Medium,Agent_07,8.17,,Resolved
TCK-02366,2025-10-30,2025-10-30 02:28:12.000000000,Chat,Complaint,Medium,Agent_19,2.47,4.0,Resolved
TCK-00294,2025-10-30,2025-10-30 02:00:00.000000000,Email,Technical Issue,Low,Agent_07,2.0,5.0,Resolved
TCK-02782,2025-10-30,2025-10-30 05:06:36.000000000,Phone,Account Access,Low,Agent_02,5.11,4.0,Closed
TCK-02415,2025-10-30,2025-10-30 03:18:00.000000000,Phone,Complaint,High,Agent_20,3.3,4.0,Resolved
TCK-03590,2025-10-30,2025-10-30 00:36:00.000000000,Phone,Technical Issue,High,Agent_09,0.6,3.0,Resolved
TCK-00442,2025-10-30,2025-10-30 07:48:00.000000000,Social Media,Technical Issue,Medium,Agent_04,7.8,4.0,Resolved
TCK-03400,2025-10-30,2025-10-30 01:08:24.000000000,Email,Billing,High,Agent_07,1.14,4.0,Resolved
TCK-00513,2025-10-30,2025-10-30 02:00:36.000000000,Email,Account Access,Low,Agent_05,2.01,4.0,Resolved
TCK-00050,2025-10-31,2025-10-31 01:09:00.000000000,Social Media,Refund Request,Medium,Agent_13,1.15,5.0,Resolved
TCK-00505,2025-10-31,2025-10-31 08:50:24.000000000,Email,Technical Issue,Low,Agent_11,8.84,2.0,Resolved
TCK-03087,2025-10-31,2025-10-31 05:19:48.000000000,Email,Technical Issue,Low,Agent_19,5.33,,Resolved
TCK-03700,2025-10-31,2025-10-31 05:15:36.000000000,Email,Product Question,Medium,Agent_13,5.26,,Resolved
TCK-03341,2025-10-31,2025-10-31 06:06:36.000000000,Phone,Technical Issue,Medium,Agent_01,6.11,,Resolved
TCK-00061,2025-10-31,2025-10-31 02:15:36.000000000,Email,Technical Issue,Low,Agent_08,2.26,,Closed
TCK-03585,2025-10-31,2025-10-31 05:34:11.999999999,Email,Complaint,Medium,Agent_03,5.57,,Resolved
TCK-02206,2025-10-31,2025-10-31 04:31:12.000000000,Email,Complaint,Medium,Agent_01,4.52,3.0,Resolved
TCK-02246,2025-10-31,2025-10-31 01:23:24.000000000,Email,Account Access,High,Agent_15,1.39,4.0,Resolved
TCK-04682,2025-10-31,2025-10-31 01:52:48.000000000,Email,Product Question,Low,Agent_02,1.88,5.0,Resolved
TCK-00348,2025-10-31,2025-10-31 05:44:24.000000000,Phone,Billing,Medium,Agent_12,5.74,4.0,Resolved
TCK-00044,2025-10-31,2025-10-31 02:06:36.000000000,Phone,Technical Issue,High,Agent_04,2.11,5.0,Resolved
TCK-04635,2025-10-31,2025-10-31 02:15:00.000000000,Chat,Product Question,Urgent,Agent_06,2.25,,Closed
TCK-04621,2025-10-31,2025-10-31 03:32:24.000000000,Email,Technical Issue,High,Agent_15,3.54,4.0,Resolved
TCK-03190,2025-11-01,2025-11-01 02:52:48.000000000,Phone,Product Question,Low,Agent_02,2.88,,Resolved
TCK-01057,2025-11-01,2025-11-01 05:20:24.000000000,Chat,Billing,Medium,Agent_05,5.34,,Closed
TCK-04033,2025-11-01,2025-11-01 01:46:48.000000000,Chat,Account Access,High,Agent_07,1.78,4.0,Closed
TCK-00542,2025-11-01,2025-11-01 01:11:24.000000000,Email,Technical Issue,High,Agent_18,1.19,,Resolved
TCK-02823,2025-11-01,2025-11-01 01:48:00.000000000,Chat,Billing,Medium,Agent_02,1.8,3.0,Closed
TCK-01825,2025-11-01,2025-11-01 01:55:48.000000000,Phone,Account Access,Low,Agent_08,1.93,5.0,Resolved
TCK-03150,2025-11-01,2025-11-01 09:12:36.000000000,Chat,Billing,Low,Agent_04,9.21,4.0,Resolved
TCK-04499,2025-11-01,2025-11-01 03:45:00.000000000,Email,Account Access,Medium,Agent_05,3.75,,Closed
TCK-02750,2025-11-01,2025-11-01 07:22:48.000000000,Phone,Technical Issue,Low,Agent_19,7.38,,Resolved
TCK-00571,2025-11-01,2025-11-01 01:46:12.000000000,Chat,Technical Issue,Medium,Agent_10,1.77,4.0,Resolved
TCK-01893,2025-11-01,2025-11-01 02:33:36.000000000,Phone,Technical Issue,Low,Agent_18,2.56,,Resolved
TCK-04656,2025-11-01,2025-11-01 03:57:36.000000000,Email,Technical Issue,Medium,Agent_13,3.96,,Closed
TCK-00776,2025-11-02,2025-11-02 02:45:36.000000000,Social Media,Technical Issue,Low,Agent_14,2.76,4.0,Resolved
TCK-04992,2025-11-02,2025-11-02 04:34:11.999999999,Phone,Technical Issue,Low,Agent_05,4.57,,Closed
TCK-02664,2025-11-02,2025-11-02 02:48:36.000000000,Phone,Billing,Medium,Agent_10,2.81,4.0,Resolved
TCK-03467,2025-11-02,2025-11-02 06:15:00.000000000,Email,Billing,Medium,Agent_14,6.25,4.0,Resolved
TCK-03011,2025-11-02,2025-11-02 03:40:48.000000000,Email,Product Question,Urgent,Agent_12,3.68,4.0,Closed
TCK-00976,2025-11-02,2025-11-02 02:04:48.000000000,Chat,Account Access,Medium,Agent_09,2.08,5.0,Resolved
TCK-04851,2025-11-02,2025-11-02 04:21:00.000000000,Email,Complaint,Medium,Agent_13,4.35,5.0,Resolved
TCK-00828,2025-11-02,2025-11-02 01:14:24.000000000,Phone,Billing,High,Agent_20,1.24,,Resolved
TCK-04807,2025-11-02,2025-11-02 03:55:12.000000000,Social Media,Account Access,High,Agent_10,3.92,3.0,Closed
TCK-03108,2025-11-02,2025-11-02 05:42:00.000000000,Chat,Billing,Medium,Agent_20,5.7,,Resolved
TCK-04443,2025-11-02,2025-11-02 06:33:36.000000000,Phone,Product Question,Low,Agent_17,6.56,,Resolved
TCK-01610,2025-11-02,2025-11-02 02:55:48.000000000,Chat,Account Access,Low,Agent_08,2.93,,Resolved
TCK-04933,2025-11-02,2025-11-02 04:51:00.000000000,Email,Product Question,High,Agent_09,4.85,,Resolved
TCK-04903,2025-11-02,2025-11-02 05:28:12.000000000,Email,Technical Issue,Low,Agent_17,5.47,,Resolved
TCK-01040,2025-11-02,2025-11-02 03:43:48.000000000,Phone,Complaint,Medium,Agent_11,3.73,,Resolved
TCK-02744,2025-11-02,2025-11-02 09:54:00.000000000,Chat,Technical Issue,Low,Agent_13,9.9,2.0,Resolved
TCK-04326,2025-11-02,2025-11-02 04:59:24.000000000,Email,Technical Issue,Low,Agent_12,4.99,,Resolved
TCK-00549,2025-11-02,2025-11-02 14:28:48.000000000,Phone,Billing,Low,Agent_17,14.48,,Closed
TCK-02168,2025-11-03,2025-11-03 08:16:12.000000000,Phone,Complaint,Medium,Agent_14,8.27,4.0,Resolved
TCK-01046,2025-11-03,2025-11-03 11:11:24.000000000,Chat,Technical Issue,Medium,Agent_12,11.19,,Resolved
TCK-00473,2025-11-03,2025-11-03 05:27:00.000000000,Email,Billing,Medium,Agent_10,5.45,3.0,Resolved
TCK-00419,2025-11-03,2025-11-03 09:18:36.000000000,Email,Technical Issue,High,Agent_01,9.31,,Resolved
TCK-01085,2025-11-03,2025-11-03 03:45:36.000000000,Chat,Product Question,Low,Agent_18,3.76,4.0,Resolved
TCK-01619,2025-11-03,2025-11-03 00:50:24.000000000,Phone,Technical Issue,Low,Agent_02,0.84,,Resolved
TCK-03191,2025-11-03,2025-11-03 02:16:48.000000000,Chat,Complaint,Urgent,Agent_09,2.28,4.0,Resolved
TCK-01921,2025-11-03,2025-11-03 07:33:36.000000000,Email,Account Access,Low,Agent_11,7.56,4.0,Resolved
TCK-02411,2025-11-03,2025-11-03 01:36:36.000000000,Chat,Billing,Low,Agent_07,1.61,,Resolved
TCK-01929,2025-11-03,2025-11-03 01:37:48.000000000,Phone,Technical Issue,Medium,Agent_20,1.63,5.0,Resolved
TCK-00923,2025-11-03,2025-11-03 01:42:00.000000000,Email,Technical Issue,Medium,Agent_10,1.7,3.0,Closed
TCK-02417,2025-11-03,2025-11-03 07:59:24.000000000,Email,Technical Issue,Medium,Agent_09,7.99,,Resolved
TCK-04508,2025-11-04,2025-11-04 04:49:12.000000000,Email,Technical Issue,Low,Agent_13,4.82,,Resolved
TCK-03419,2025-11-04,2025-11-04 02:47:24.000000000,Phone,Technical Issue,Medium,Agent_13,2.79,5.0,Resolved
TCK-02128,2025-11-04,2025-11-04 01:35:24.000000000,Email,Account Access,High,Agent_20,1.59,,Closed
TCK-02786,2025-11-04,2025-11-04 04:16:48.000000000,Phone,Account Access,Medium,Agent_20,4.28,3.0,Resolved
TCK-03532,2025-11-04,2025-11-04 06:04:48.000000000,Phone,Technical Issue,Medium,Agent_18,6.08,3.0,Resolved
TCK-00984,2025-11-04,2025-11-04 02:28:12.000000000,Phone,Account Access,Low,Agent_18,2.47,4.0,Resolved
TCK-00053,2025-11-04,2025-11-04 01:25:48.000000000,Chat,Billing,Medium,Agent_11,1.43,,Resolved
TCK-01053,2025-11-04,2025-11-04 01:01:12.000000000,Email,Complaint,Urgent,Agent_10,1.02,4.0,Resolved
TCK-01460,2025-11-04,2025-11-04 02:34:11.999999999,Phone,Account Access,High,Agent_06,2.57,4.0,Resolved
TCK-04068,2025-11-04,2025-11-04 01:47:24.000000000,Social Media,Technical Issue,Urgent,Agent_04,1.79,5.0,Resolved
TCK-04601,2025-11-04,2025-11-04 04:00:00.000000000,Email,Technical Issue,Low,Agent_03,4.0,,Resolved
TCK-03962,2025-11-04,2025-11-04 01:18:36.000000000,Phone,Account Access,High,Agent_19,1.31,4.0,Resolved
TCK-01086,2025-11-04,2025-11-04 02:24:36.000000000,Email,Technical Issue,Medium,Agent_18,2.41,4.0,Resolved
TCK-00550,2025-11-04,2025-11-04 09:15:36.000000000,Email,Refund Request,Medium,Agent_14,9.26,3.0,Resolved
TCK-01844,2025-11-05,2025-11-05 04:04:48.000000000,Social Media,Account Access,Medium,Agent_05,4.08,,Resolved
TCK-04240,2025-11-05,2025-11-05 02:39:00.000000000,Email,Account Access,High,Agent_14,2.65,3.0,Resolved
TCK-04745,2025-11-05,2025-11-05 07:33:36.000000000,Phone,Product Question,Medium,Agent_20,7.56,4.0,Resolved
TCK-00825,2025-11-05,2025-11-05 07:41:24.000000000,Phone,Complaint,Low,Agent_02,7.69,4.0,Resolved
TCK-01996,2025-11-05,2025-11-05 02:36:36.000000000,Email,Refund Request,Medium,Agent_20,2.61,,Resolved
TCK-04971,2025-11-05,2025-11-05 04:12:00.000000000,Chat,Billing,Medium,Agent_11,4.2,4.0,Closed
TCK-04817,2025-11-05,2025-11-05 06:00:36.000000000,Phone,Billing,High,Agent_20,6.01,,Reopened
TCK-02399,2025-11-05,2025-11-05 02:31:12.000000000,Chat,Billing,High,Agent_06,2.52,4.0,Resolved
TCK-01559,2025-11-05,2025-11-05 03:01:48.000000000,Email,Billing,Medium,Agent_02,3.03,4.0,Resolved
TCK-03589,2025-11-05,2025-11-05 03:04:12.000000000,Email,Technical Issue,High,Agent_02,3.07,5.0,Closed
TCK-01104,2025-11-05,2025-11-05 01:17:23.999999999,Chat,Product Question,Urgent,Agent_20,1.29,,Resolved
TCK-04879,2025-11-05,2025-11-05 03:33:00.000000000,Social Media,Billing,High,Agent_15,3.55,4.0,Closed
TCK-00683,2025-11-05,2025-11-05 04:47:24.000000000,Chat,Technical Issue,Medium,Agent_15,4.79,,Resolved
TCK-03958,2025-11-05,2025-11-05 06:18:36.000000000,Email,Complaint,Medium,Agent_05,6.31,,Resolved
TCK-00735,2025-11-05,2025-11-05 03:09:36.000000000,Email,Product Question,Medium,Agent_11,3.16,,Resolved
TCK-01804,2025-11-05,2025-11-05 07:16:48.000000000,Email,Product Question,Low,Agent_01,7.28,,Resolved
TCK-00321,2025-11-05,2025-11-05 20:20:24.000000000,Chat,Complaint,Medium,Agent_04,20.34,2.0,Reopened
TCK-01617,2025-11-06,2025-11-06 06:49:48.000000000,Phone,Technical Issue,Medium,Agent_12,6.83,4.0,Resolved
TCK-02109,2025-11-06,2025-11-06 03:03:00.000000000,Email,Refund Request,Medium,Agent_01,3.05,5.0,Resolved
TCK-00437,2025-11-06,2025-11-06 06:25:48.000000000,Email,Technical Issue,Low,Agent_20,6.43,3.0,Resolved
TCK-03896,2025-11-06,2025-11-06 02:18:00.000000000,Email,Product Question,Medium,Agent_20,2.3,,Resolved
TCK-04722,2025-11-06,2025-11-06 07:42:00.000000000,Email,Technical Issue,Medium,Agent_03,7.7,4.0,Resolved
TCK-03766,2025-11-06,2025-11-06 01:55:12.000000000,Phone,Technical Issue,Medium,Agent_16,1.92,4.0,Resolved
TCK-00610,2025-11-06,2025-11-06 02:03:00.000000000,Chat,Technical Issue,Low,Agent_11,2.05,,Closed
TCK-03116,2025-11-06,2025-11-06 01:57:00.000000000,Phone,Billing,High,Unknown,1.95,4.0,Resolved
TCK-01823,2025-11-06,2025-11-06 07:19:12.000000000,Phone,Complaint,Medium,Agent_01,7.32,,Resolved
TCK-02581,2025-11-06,2025-11-06 03:27:36.000000000,Phone,Refund Request,Medium,Agent_10,3.46,4.0,Resolved
TCK-01123,2025-11-06,2025-11-06 04:08:24.000000000,Chat,Billing,Medium,Agent_15,4.14,5.0,Resolved
TCK-04017,2025-11-06,2025-11-06 03:08:24.000000000,Email,Technical Issue,Medium,Agent_17,3.14,5.0,Resolved
TCK-03294,2025-11-06,2025-11-06 00:53:24.000000000,Phone,Product Question,Urgent,Agent_17,0.89,3.0,Closed
TCK-03276,2025-11-06,2025-11-06 10:33:36.000000000,Phone,Account Access,Medium,Agent_16,10.56,,Resolved
TCK-01508,2025-11-07,2025-11-07 10:49:48.000000000,Phone,Complaint,Medium,Agent_08,10.83,3.0,Resolved
TCK-04857,2025-11-07,2025-11-07 03:12:00.000000000,Email,Billing,High,Agent_01,3.2,,Resolved
TCK-01856,2025-11-07,2025-11-07 01:10:48.000000000,Email,Technical Issue,Medium,Unknown,1.18,4.0,Closed
TCK-03738,2025-11-07,2025-11-07 04:30:36.000000000,Email,Technical Issue,Low,Agent_07,4.51,,Resolved
TCK-04799,2025-11-07,2025-11-07 06:08:24.000000000,Phone,Technical Issue,Medium,Agent_19,6.14,3.0,Resolved
TCK-00842,2025-11-07,2025-11-07 12:51:36.000000000,Email,Complaint,Low,Agent_11,12.86,4.0,Closed
TCK-02615,2025-11-07,2025-11-07 07:19:48.000000000,Chat,Account Access,Medium,Agent_17,7.33,,Resolved
TCK-04279,2025-11-07,2025-11-07 01:58:48.000000000,Phone,Billing,Medium,Agent_08,1.98,3.0,Resolved
TCK-04287,2025-11-07,2025-11-07 09:07:48.000000000,Phone,Account Access,Medium,Agent_18,9.13,4.0,Resolved
TCK-03292,2025-11-07,2025-11-07 02:27:36.000000000,Email,Account Access,Medium,Agent_10,2.46,,Resolved
TCK-01118,2025-11-07,2025-11-07 03:37:12.000000000,Email,Technical Issue,Low,Agent_05,3.62,4.0,Resolved
TCK-01816,2025-11-07,2025-11-07 08:27:00.000000000,Email,Complaint,Low,Agent_19,8.45,3.0,Resolved
TCK-00257,2025-11-07,2025-11-07 03:10:48.000000000,Phone,Technical Issue,Low,Agent_01,3.18,,Closed
TCK-00816,2025-11-07,2025-11-07 05:58:12.000000000,Email,Product Question,Medium,Agent_19,5.97,5.0,Closed
TCK-00520,2025-11-07,2025-11-07 01:51:36.000000000,Phone,Complaint,Urgent,Agent_07,1.86,5.0,Resolved
TCK-04741,2025-11-07,2025-11-07 00:32:24.000000000,Chat,Technical Issue,Medium,Agent_05,0.54,4.0,Closed
TCK-03670,2025-11-07,2025-11-07 06:25:12.000000000,Phone,Technical Issue,Low,Agent_20,6.42,2.0,Resolved
TCK-01110,2025-11-07,2025-11-07 02:19:12.000000000,Email,Complaint,Medium,Agent_10,2.32,4.0,Resolved
TCK-02279,2025-11-07,2025-11-07 00:58:48.000000000,Chat,Billing,High,Agent_05,0.98,,Resolved
TCK-02633,2025-11-07,2025-11-07 02:48:00.000000000,Phone,Billing,High,Agent_01,2.8,,Resolved
TCK-00740,2025-11-07,2025-11-07 01:14:24.000000000,Email,Account Access,High,Agent_08,1.24,,Closed
TCK-02879,2025-11-07,2025-11-07 01:09:36.000000000,Phone,Complaint,Urgent,Agent_10,1.16,,Resolved
TCK-00967,2025-11-07,2025-11-07 09:51:00.000000000,Phone,Refund Request,Low,Agent_16,9.85,3.0,Closed
TCK-04435,2025-11-07,2025-11-07 06:47:24.000000000,Phone,Complaint,Medium,Agent_16,6.79,4.0,Closed
TCK-01425,2025-11-07,2025-11-07 07:42:36.000000000,Email,Product Question,Low,Agent_01,7.71,3.0,Resolved
TCK-03926,2025-11-07,2025-11-07 07:07:48.000000000,Email,Billing,Medium,Agent_20,7.13,3.0,Resolved
TCK-03878,2025-11-07,2025-11-07 02:39:00.000000000,Email,Product Question,Medium,Agent_15,2.65,5.0,Resolved
TCK-02600,2025-11-08,2025-11-08 04:22:48.000000000,Phone,Technical Issue,Medium,Agent_16,4.38,,Resolved
TCK-04664,2025-11-08,2025-11-08 06:56:24.000000000,Email,Account Access,Low,Agent_18,6.94,3.0,Resolved
TCK-01512,2025-11-08,2025-11-08 02:48:36.000000000,Email,Complaint,Medium,Agent_06,2.81,5.0,Reopened
TCK-04144,2025-11-08,2025-11-08 01:40:48.000000000,Chat,Technical Issue,Medium,Agent_20,1.68,,Reopened
TCK-02337,2025-11-08,2025-11-08 01:22:48.000000000,Phone,Product Question,Medium,Agent_20,1.38,,Reopened
TCK-00603,2025-11-08,2025-11-08 02:57:36.000000000,Email,Product Question,Medium,Agent_18,2.96,4.0,Resolved
TCK-02472,2025-11-08,2025-11-08 11:17:23.999999999,Chat,Technical Issue,Low,Agent_13,11.29,2.0,Resolved
TCK-04027,2025-11-08,2025-11-08 04:30:36.000000000,Email,Account Access,Low,Agent_02,4.51,,Resolved
TCK-01361,2025-11-08,2025-11-08 03:03:36.000000000,Phone,Product Question,Medium,Agent_10,3.06,3.0,Resolved
TCK-02110,2025-11-08,2025-11-08 02:13:12.000000000,Email,Product Question,Medium,Agent_12,2.22,,Resolved
TCK-00795,2025-11-08,2025-11-08 05:43:48.000000000,Email,Technical Issue,Low,Agent_05,5.73,,Closed
TCK-00106,2025-11-08,2025-11-08 01:46:12.000000000,Email,Billing,Medium,Agent_12,1.77,,Resolved
TCK-01270,2025-11-08,2025-11-08 06:35:24.000000000,Phone,Complaint,Medium,Agent_10,6.59,4.0,Resolved
TCK-01087,2025-11-08,2025-11-08 09:28:48.000000000,Email,Technical Issue,Low,Agent_17,9.48,2.0,Resolved
TCK-01274,2025-11-08,2025-11-08 06:12:36.000000000,Email,Product Question,Medium,Agent_15,6.21,3.0,Closed
TCK-03538,2025-11-09,2025-11-09 04:19:48.000000000,Phone,Technical Issue,Medium,Agent_06,4.33,3.0,Resolved
TCK-02113,2025-11-09,2025-11-09 01:30:00.000000000,Email,Technical Issue,High,Agent_06,1.5,,Resolved
TCK-02632,2025-11-09,2025-11-09 05:56:24.000000000,Email,Complaint,Urgent,Agent_15,5.94,4.0,Resolved
TCK-02954,2025-11-09,2025-11-09 04:27:00.000000000,Email,Complaint,High,Agent_10,4.45,,Resolved
TCK-00192,2025-11-09,2025-11-09 02:57:00.000000000,Email,Product Question,Low,Agent_14,2.95,3.0,Resolved
TCK-01307,2025-11-09,2025-11-09 02:24:00.000000000,Email,Product Question,Low,Agent_16,2.4,,Resolved
TCK-00085,2025-11-09,2025-11-09 02:57:36.000000000,Email,Complaint,Low,Agent_02,2.96,4.0,Resolved
TCK-01520,2025-11-09,2025-11-09 07:59:24.000000000,Chat,Billing,Low,Agent_06,7.99,3.0,Resolved
TCK-04931,2025-11-09,2025-11-09 01:30:00.000000000,Email,Technical Issue,Low,Agent_15,1.5,5.0,Resolved
TCK-00111,2025-11-09,2025-11-09 01:47:24.000000000,Email,Account Access,Low,Agent_01,1.79,,Closed
TCK-04108,2025-11-09,2025-11-09 03:34:11.999999999,Phone,Refund Request,Medium,Agent_12,3.57,5.0,Resolved
TCK-01002,2025-11-09,2025-11-09 02:10:48.000000000,Chat,Technical Issue,High,Agent_18,2.18,,Closed
TCK-04272,2025-11-09,2025-11-09 05:57:00.000000000,Email,Account Access,Medium,Agent_14,5.95,4.0,Resolved
TCK-03692,2025-11-10,2025-11-10 03:14:24.000000000,Phone,Product Question,Medium,Agent_18,3.24,3.0,Resolved
TCK-01666,2025-11-10,2025-11-10 05:12:00.000000000,Chat,Refund Request,Low,Agent_12,5.2,,Reopened
TCK-04411,2025-11-10,2025-11-10 02:27:36.000000000,Email,Product Question,High,Agent_19,2.46,5.0,Resolved
TCK-03339,2025-11-10,2025-11-10 05:37:48.000000000,Phone,Product Question,Medium,Agent_12,5.63,2.0,Closed
TCK-00570,2025-11-10,2025-11-10 07:56:24.000000000,Chat,Billing,High,Agent_04,7.94,,Resolved
TCK-03299,2025-11-10,2025-11-10 02:42:36.000000000,Email,Technical Issue,Low,Agent_12,2.71,3.0,Resolved
TCK-04102,2025-11-10,2025-11-10 07:55:12.000000000,Email,Technical Issue,Medium,Agent_20,7.92,,Resolved
TCK-03945,2025-11-10,2025-11-10 08:51:36.000000000,Phone,Complaint,Low,Agent_20,8.86,,Closed
TCK-01207,2025-11-10,2025-11-10 01:01:12.000000000,Social Media,Refund Request,Medium,Agent_01,1.02,4.0,Resolved
TCK-01252,2025-11-10,2025-11-10 01:45:36.000000000,Social Media,Refund Request,Medium,Agent_06,1.76,3.0,Resolved
TCK-03922,2025-11-10,2025-11-10 02:39:00.000000000,Chat,Technical Issue,High,Agent_16,2.65,3.0,Resolved
TCK-00628,2025-11-11,2025-11-11 15:31:12.000000000,Phone,Technical Issue,Low,Agent_03,15.52,2.0,Closed
TCK-02442,2025-11-11,2025-11-11 10:01:12.000000000,Email,Technical Issue,Low,Agent_16,10.02,2.0,Resolved
TCK-02829,2025-11-11,2025-11-11 03:31:48.000000000,Phone,Technical Issue,Medium,Agent_01,3.53,,Resolved
TCK-02058,2025-11-11,2025-11-11 08:19:48.000000000,Email,Product Question,Low,Agent_07,8.33,3.0,Resolved
TCK-04518,2025-11-11,2025-11-11 05:04:48.000000000,Phone,Account Access,Low,Agent_02,5.08,4.0,Resolved
TCK-01549,2025-11-11,2025-11-11 02:04:48.000000000,Chat,Product Question,Medium,Agent_10,2.08,4.0,Closed
TCK-01695,2025-11-11,2025-11-11 05:41:24.000000000,Phone,Billing,Low,Agent_08,5.69,4.0,Resolved
TCK-03224,2025-11-11,2025-11-11 02:20:24.000000000,Chat,Complaint,Medium,Agent_17,2.34,4.0,Resolved
TCK-02292,2025-11-11,2025-11-11 02:28:12.000000000,Phone,Technical Issue,Low,Agent_11,2.47,,Closed
TCK-01446,2025-11-11,2025-11-11 01:45:36.000000000,Email,Billing,Urgent,Agent_10,1.76,3.0,Resolved
TCK-02807,2025-11-11,2025-11-11 04:18:00.000000000,Phone,Technical Issue,Low,Agent_14,4.3,,Resolved
TCK-01379,2025-11-11,2025-11-11 01:27:36.000000000,Email,Technical Issue,Medium,Agent_05,1.46,4.0,Resolved
TCK-04293,2025-11-11,2025-11-11 01:14:24.000000000,Email,Refund Request,High,Agent_10,1.24,4.0,Resolved
TCK-02158,2025-11-11,2025-11-11 03:01:48.000000000,Email,Product Question,Medium,Agent_03,3.03,,Closed
TCK-04654,2025-11-11,2025-11-11 10:55:48.000000000,Phone,Account Access,Low,Agent_17,10.93,3.0,Resolved
TCK-04109,2025-11-11,2025-11-11 01:10:48.000000000,Email,Technical Issue,Low,Agent_20,1.18,,Resolved
TCK-03067,2025-11-11,2025-11-11 12:49:48.000000000,Phone,Account Access,Low,Agent_01,12.83,,Closed
TCK-01481,2025-11-12,2025-11-12 07:18:00.000000000,Phone,Complaint,Medium,Agent_12,7.3,3.0,Closed
TCK-01694,2025-11-12,2025-11-12 07:00:36.000000000,Email,Billing,Low,Agent_20,7.01,2.0,Resolved
TCK-04904,2025-11-12,2025-11-12 03:51:00.000000000,Phone,Billing,Low,Agent_17,3.85,5.0,Resolved
TCK-04709,2025-11-12,2025-11-12 06:35:24.000000000,Email,Complaint,High,Agent_01,6.59,3.0,Resolved
TCK-02561,2025-11-12,2025-11-12 01:28:48.000000000,Email,Account Access,Medium,Agent_01,1.48,4.0,Resolved
TCK-00387,2025-11-12,2025-11-12 04:00:00.000000000,Social Media,Account Access,High,Agent_17,4.0,4.0,Resolved
TCK-00789,2025-11-12,2025-11-12 07:06:36.000000000,Phone,Technical Issue,Low,Agent_02,7.11,,Closed
TCK-03833,2025-11-12,2025-11-12 07:33:36.000000000,Chat,Billing,Low,Agent_12,7.56,,Resolved
TCK-03841,2025-11-12,2025-11-12 05:10:12.000000000,Email,Complaint,Low,Agent_19,5.17,,Closed
TCK-01240,2025-11-12,2025-11-12 01:34:47.999999999,Email,Billing,Medium,Agent_07,1.58,3.0,Resolved
TCK-03416,2025-11-12,2025-11-12 07:43:12.000000000,Phone,Billing,Low,Agent_08,7.72,4.0,Resolved
TCK-02866,2025-11-12,2025-11-12 13:34:11.999999999,Chat,Technical Issue,Medium,Agent_19,13.57,2.0,Closed
TCK-01469,2025-11-12,2025-11-12 02:52:12.000000000,Social Media,Billing,High,Agent_18,2.87,,Resolved
TCK-02863,2025-11-12,2025-11-12 04:19:12.000000000,Chat,Billing,High,Agent_04,4.32,4.0,Reopened
TCK-03430,2025-11-13,2025-11-13 02:01:48.000000000,Phone,Technical Issue,High,Agent_20,2.03,4.0,Resolved
TCK-02778,2025-11-13,2025-11-13 03:40:48.000000000,Email,Technical Issue,Low,Agent_04,3.68,,Closed
TCK-03080,2025-11-13,2025-11-13 04:04:48.000000000,Phone,Complaint,Medium,Agent_07,4.08,,Resolved
TCK-04634,2025-11-13,2025-11-13 03:32:24.000000000,Phone,Account Access,Medium,Agent_19,3.54,4.0,Resolved
TCK-01174,2025-11-13,2025-11-13 08:55:48.000000000,Phone,Billing,Low,Agent_03,8.93,3.0,Resolved
TCK-02518,2025-11-13,2025-11-13 04:36:00.000000000,Email,Account Access,Low,Agent_01,4.6,3.0,Resolved
TCK-01285,2025-11-13,2025-11-13 02:10:48.000000000,Email,Product Question,Medium,Agent_10,2.18,,Resolved
TCK-03300,2025-11-13,2025-11-13 06:09:00.000000000,Email,Technical Issue,Medium,Agent_11,6.15,3.0,Closed
TCK-00452,2025-11-13,2025-11-13 02:15:36.000000000,Phone,Billing,Medium,Agent_13,2.26,,Closed
TCK-00464,2025-11-13,2025-11-13 06:19:12.000000000,Phone,Refund Request,Medium,Agent_07,6.32,3.0,Resolved
TCK-03423,2025-11-13,2025-11-13 12:52:48.000000000,Email,Technical Issue,Low,Agent_01,12.88,2.0,Resolved
TCK-02065,2025-11-14,2025-11-14 05:07:48.000000000,Phone,Complaint,High,Agent_11,5.13,,Resolved
TCK-04500,2025-11-14,2025-11-14 03:25:12.000000000,Phone,Technical Issue,Medium,Agent_01,3.42,4.0,Closed
TCK-00983,2025-11-14,2025-11-14 00:49:12.000000000,Email,Billing,Medium,Agent_05,0.82,5.0,Reopened
TCK-02839,2025-11-14,2025-11-14 05:18:00.000000000,Email,Product Question,Medium,Agent_11,5.3,,Resolved
TCK-04439,2025-11-14,2025-11-14 01:42:36.000000000,Email,Product Question,High,Agent_06,1.71,,Resolved
TCK-04510,2025-11-14,2025-11-14 05:24:36.000000000,Chat,Account Access,High,Agent_01,5.41,3.0,Resolved
TCK-04714,2025-11-15,2025-11-15 02:42:00.000000000,Email,Billing,Medium,Agent_20,2.7,,Resolved
TCK-04386,2025-11-15,2025-11-15 05:34:11.999999999,Chat,Product Question,Low,Agent_13,5.57,3.0,Resolved
TCK-04882,2025-11-15,2025-11-15 03:01:12.000000000,Email,Product Question,High,Agent_14,3.02,4.0,Resolved
TCK-04569,2025-11-15,2025-11-15 03:25:48.000000000,Email,Billing,Medium,Agent_15,3.43,5.0,Resolved
TCK-03801,2025-11-15,2025-11-15 00:55:12.000000000,Email,Technical Issue,High,Agent_08,0.92,4.0,Resolved
TCK-04777,2025-11-15,2025-11-15 05:59:24.000000000,Phone,Refund Request,Medium,Agent_19,5.99,,Resolved
TCK-00881,2025-11-15,2025-11-15 06:10:48.000000000,Email,Account Access,Low,Agent_04,6.18,,Resolved
TCK-04985,2025-11-15,2025-11-15 08:21:00.000000000,Phone,Account Access,Low,Agent_14,8.35,,Closed
TCK-03865,2025-11-15,2025-11-15 02:03:00.000000000,Email,Technical Issue,Medium,Agent_13,2.05,,Resolved
TCK-02350,2025-11-15,2025-11-15 03:34:11.999999999,Phone,Refund Request,Low,Agent_10,3.57,,Resolved
TCK-02757,2025-11-15,2025-11-15 04:39:00.000000000,Phone,Product Question,Low,Agent_18,4.65,3.0,Resolved
TCK-02716,2025-11-15,2025-11-15 03:55:12.000000000,Phone,Technical Issue,High,Agent_02,3.92,4.0,Resolved
TCK-03120,2025-11-15,2025-11-15 02:49:48.000000000,Phone,Technical Issue,Medium,Agent_08,2.83,4.0,Resolved
TCK-01618,2025-11-15,2025-11-15 02:26:24.000000000,Chat,Account Access,Urgent,Agent_06,2.44,,Closed
TCK-03378,2025-11-16,2025-11-16 03:10:48.000000000,Chat,Product Question,Low,Agent_07,3.18,5.0,Closed
TCK-01858,2025-11-16,2025-11-16 04:37:12.000000000,Email,Billing,Medium,Agent_09,4.62,3.0,Resolved
TCK-01368,2025-11-16,2025-11-16 05:07:12.000000000,Chat,Account Access,High,Unknown,5.12,,Reopened
TCK-03318,2025-11-16,2025-11-16 09:22:48.000000000,Phone,Product Question,High,Agent_16,9.38,,Closed
TCK-01784,2025-11-16,2025-11-16 01:45:00.000000000,Email,Account Access,Low,Agent_13,1.75,,Resolved
TCK-02670,2025-11-16,2025-11-16 01:31:48.000000000,Phone,Technical Issue,Low,Agent_16,1.53,4.0,Resolved
TCK-01205,2025-11-16,2025-11-16 04:23:24.000000000,Chat,Account Access,High,Agent_02,4.39,4.0,Resolved
TCK-00356,2025-11-16,2025-11-16 02:40:48.000000000,Email,Billing,Medium,Agent_16,2.68,,Closed
TCK-00518,2025-11-16,2025-11-16 03:35:24.000000000,Email,Technical Issue,Medium,Agent_02,3.59,4.0,Resolved
TCK-01903,2025-11-16,2025-11-16 03:18:00.000000000,Phone,Account Access,Medium,Agent_08,3.3,5.0,Resolved
TCK-02102,2025-11-16,2025-11-16 05:15:36.000000000,Chat,Product Question,Medium,Agent_16,5.26,3.0,Resolved
TCK-04432,2025-11-16,2025-11-16 01:56:24.000000000,Social Media,Technical Issue,High,Agent_12,1.94,,Resolved
TCK-02346,2025-11-16,2025-11-16 08:48:36.000000000,Email,Technical Issue,Low,Agent_14,8.81,5.0,Resolved
TCK-02187,2025-11-17,2025-11-17 02:19:12.000000000,Email,Product Question,Low,Agent_15,2.32,,Resolved
TCK-04825,2025-11-17,2025-11-17 06:34:47.999999999,Email,Complaint,Low,Agent_02,6.58,3.0,Resolved
TCK-01161,2025-11-17,2025-11-17 07:43:48.000000000,Phone,Billing,Low,Agent_02,7.73,4.0,Resolved
TCK-02264,2025-11-17,2025-11-17 02:20:24.000000000,Phone,Technical Issue,High,Agent_16,2.34,5.0,Closed
TCK-02612,2025-11-17,2025-11-17 02:59:24.000000000,Email,Billing,Low,Agent_11,2.99,3.0,Resolved
TCK-00772,2025-11-17,2025-11-17 03:00:36.000000000,Phone,Refund Request,Medium,Agent_01,3.01,,Resolved
TCK-01961,2025-11-17,2025-11-17 04:43:48.000000000,Phone,Refund Request,High,Agent_07,4.73,,Resolved
TCK-01853,2025-11-17,2025-11-17 02:58:12.000000000,Phone,Product Question,High,Agent_04,2.97,,Resolved
TCK-02638,2025-11-17,2025-11-17 05:34:47.999999999,Phone,Product Question,Medium,Agent_02,5.58,,Resolved
TCK-01676,2025-11-17,2025-11-17 03:05:24.000000000,Phone,Billing,High,Agent_05,3.09,,Resolved
TCK-00741,2025-11-17,2025-11-17 07:12:36.000000000,Email,Technical Issue,Medium,Agent_15,7.21,3.0,Closed
TCK-04290,2025-11-17,2025-11-17 03:00:00.000000000,Chat,Complaint,Medium,Agent_05,3.0,,Resolved
TCK-01331,2025-11-18,2025-11-18 04:42:36.000000000,Email,Technical Issue,Medium,Agent_10,4.71,,Resolved
TCK-01752,2025-11-18,2025-11-18 02:21:00.000000000,Phone,Product Question,High,Agent_17,2.35,3.0,Resolved
TCK-02611,2025-11-18,2025-11-18 02:46:12.000000000,Email,Complaint,High,Agent_14,2.77,4.0,Resolved
TCK-01101,2025-11-18,2025-11-18 04:58:12.000000000,Phone,Refund Request,Medium,Agent_18,4.97,4.0,Closed
TCK-00477,2025-11-18,2025-11-18 02:00:36.000000000,Phone,Billing,High,Agent_20,2.01,4.0,Closed
TCK-03541,2025-11-18,2025-11-18 03:30:36.000000000,Phone,Technical Issue,Medium,Agent_05,3.51,,Resolved
TCK-03539,2025-11-18,2025-11-18 02:39:00.000000000,Chat,Refund Request,High,Agent_07,2.65,4.0,Closed
TCK-04099,2025-11-18,2025-11-18 05:09:36.000000000,Email,Technical Issue,Medium,Agent_12,5.16,,Resolved
TCK-01594,2025-11-18,2025-11-18 23:10:12.000000000,Phone,Technical Issue,Low,Agent_01,23.17,2.0,Resolved
TCK-01673,2025-11-18,2025-11-18 03:40:48.000000000,Phone,Account Access,Medium,Agent_09,3.68,,Resolved
TCK-03508,2025-11-18,2025-11-18 01:48:00.000000000,Email,Complaint,Urgent,Agent_05,1.8,,Closed
TCK-04981,2025-11-18,2025-11-18 02:53:24.000000000,Phone,Product Question,Medium,Agent_09,2.89,5.0,Resolved
TCK-02661,2025-11-18,2025-11-18 04:28:12.000000000,Phone,Complaint,Medium,Agent_03,4.47,4.0,Resolved
TCK-03199,2025-11-19,2025-11-19 02:25:48.000000000,Email,Billing,Medium,Agent_19,2.43,4.0,Closed
TCK-01775,2025-11-19,2025-11-19 02:18:36.000000000,Chat,Billing,Medium,Agent_19,2.31,5.0,Resolved
TCK-02717,2025-11-19,2025-11-19 02:26:24.000000000,Email,Complaint,Medium,Agent_01,2.44,4.0,Resolved
TCK-03388,2025-11-19,2025-11-19 04:42:00.000000000,Phone,Billing,Low,Agent_10,4.7,,Resolved
TCK-02200,2025-11-19,2025-11-19 02:25:48.000000000,Email,Billing,Low,Agent_17,2.43,,Reopened
TCK-00864,2025-11-19,2025-11-19 02:22:12.000000000,Phone,Technical Issue,Low,Agent_16,2.37,,Resolved
TCK-04950,2025-11-19,2025-11-19 07:04:48.000000000,Phone,Technical Issue,Low,Agent_18,7.08,4.0,Resolved
TCK-03006,2025-11-19,2025-11-19 03:48:36.000000000,Chat,Technical Issue,Medium,Agent_14,3.81,,Resolved
TCK-00964,2025-11-20,2025-11-20 07:11:24.000000000,Phone,Account Access,Low,Agent_16,7.19,,Closed
TCK-03434,2025-11-20,2025-11-21 04:47:24.000000000,Email,Product Question,Low,Agent_14,28.79,1.0,Resolved
TCK-00335,2025-11-20,2025-11-20 03:22:48.000000000,Chat,Technical Issue,High,Agent_12,3.38,3.0,Resolved
TCK-04688,2025-11-20,2025-11-20 03:50:24.000000000,Email,Technical Issue,Low,Agent_20,3.84,,Resolved
TCK-01335,2025-11-20,2025-11-20 03:15:36.000000000,Phone,Account Access,Low,Agent_02,3.26,5.0,Resolved
TCK-02051,2025-11-20,2025-11-20 01:14:24.000000000,Email,Billing,Urgent,Agent_01,1.24,5.0,Closed
TCK-01284,2025-11-20,2025-11-20 04:03:36.000000000,Email,Technical Issue,Medium,Agent_15,4.06,,Resolved
TCK-01712,2025-11-20,2025-11-20 02:12:00.000000000,Email,Product Question,Low,Agent_11,2.2,3.0,Reopened
TCK-04673,2025-11-20,2025-11-20 08:15:00.000000000,Phone,Billing,Low,Agent_12,8.25,,Resolved
TCK-03972,2025-11-20,2025-11-20 06:12:36.000000000,Phone,Billing,Low,Agent_11,6.21,,Reopened
TCK-01566,2025-11-21,2025-11-21 01:25:12.000000000,Chat,Billing,Low,Agent_05,1.42,,Resolved
TCK-04677,2025-11-21,2025-11-21 05:24:00.000000000,Email,Billing,Medium,Agent_15,5.4,,Closed
TCK-04534,2025-11-21,2025-11-21 04:29:24.000000000,Email,Technical Issue,Low,Agent_08,4.49,,Closed
TCK-00525,2025-11-21,2025-11-21 03:19:12.000000000,Phone,Refund Request,Urgent,Agent_17,3.32,,Resolved
TCK-04661,2025-11-21,2025-11-21 03:43:12.000000000,Email,Technical Issue,Medium,Agent_13,3.72,3.0,Resolved
TCK-03122,2025-11-21,2025-11-21 03:42:00.000000000,Chat,Complaint,Medium,Agent_12,3.7,,Resolved
TCK-01652,2025-11-21,2025-11-21 02:24:00.000000000,Phone,Product Question,Low,Agent_06,2.4,4.0,Resolved
TCK-04429,2025-11-21,2025-11-21 05:15:00.000000000,Phone,Account Access,Low,Agent_13,5.25,3.0,Closed
TCK-03466,2025-11-21,2025-11-21 06:35:24.000000000,Email,Technical Issue,Low,Agent_12,6.59,,Closed
TCK-02458,2025-11-21,2025-11-21 04:21:36.000000000,Email,Complaint,Medium,Agent_03,4.36,4.0,Resolved
TCK-03086,2025-11-21,2025-11-21 03:02:24.000000000,Phone,Billing,Medium,Agent_10,3.04,5.0,Resolved
TCK-02412,2025-11-21,2025-11-21 09:26:24.000000000,Phone,Product Question,Low,Agent_15,9.44,,Resolved
TCK-01872,2025-11-21,2025-11-21 05:27:00.000000000,Chat,Complaint,Medium,Agent_19,5.45,5.0,Resolved
TCK-01349,2025-11-22,2025-11-22 04:26:24.000000000,Phone,Technical Issue,Low,Agent_09,4.44,3.0,Resolved
TCK-04823,2025-11-22,2025-11-22 07:02:24.000000000,Chat,Billing,Low,Agent_05,7.04,,Closed
TCK-02260,2025-11-22,2025-11-22 03:50:24.000000000,Phone,Complaint,Low,Agent_04,3.84,,Closed
TCK-00349,2025-11-22,2025-11-22 04:14:24.000000000,Chat,Account Access,Low,Agent_16,4.24,,Resolved
TCK-02002,2025-11-22,2025-11-22 05:27:36.000000000,Email,Account Access,Low,Agent_08,5.46,5.0,Resolved
TCK-03780,2025-11-22,2025-11-22 01:03:00.000000000,Social Media,Account Access,Medium,Agent_18,1.05,,Resolved
TCK-02431,2025-11-22,2025-11-22 01:58:12.000000000,Email,Billing,High,Agent_10,1.97,4.0,Closed
TCK-04768,2025-11-22,2025-11-22 03:36:00.000000000,Email,Product Question,Medium,Agent_05,3.6,4.0,Resolved
TCK-03755,2025-11-22,2025-11-22 06:47:24.000000000,Email,Billing,Low,Agent_01,6.79,,Closed
TCK-00318,2025-11-22,2025-11-22 06:19:12.000000000,Email,Product Question,Low,Agent_13,6.32,,Closed
TCK-00008,2025-11-22,2025-11-22 04:01:48.000000000,Chat,Product Question,Low,Agent_09,4.03,4.0,Resolved
TCK-00322,2025-11-22,2025-11-22 03:25:48.000000000,Email,Technical Issue,Medium,Agent_19,3.43,5.0,Reopened
TCK-04366,2025-11-23,2025-11-23 06:07:48.000000000,Social Media,Technical Issue,Low,Agent_13,6.13,4.0,Resolved
TCK-02021,2025-11-23,2025-11-23 13:05:24.000000000,Email,Refund Request,High,Agent_01,13.09,,Resolved
TCK-04294,2025-11-23,2025-11-23 04:06:36.000000000,Email,Refund Request,Medium,Agent_19,4.11,4.0,Closed
TCK-01264,2025-11-23,2025-11-23 12:01:48.000000000,Email,Technical Issue,Low,Agent_03,12.03,3.0,Resolved
TCK-00324,2025-11-23,2025-11-23 17:12:36.000000000,Email,Account Access,Low,Agent_09,17.21,2.0,Closed
TCK-02406,2025-11-23,2025-11-23 12:45:36.000000000,Email,Refund Request,Medium,Agent_17,12.76,4.0,Resolved
TCK-02990,2025-11-23,2025-11-23 22:41:24.000000000,Phone,Product Question,Low,Agent_04,22.69,,Resolved
TCK-04242,2025-11-23,2025-11-23 01:16:48.000000000,Phone,Technical Issue,High,Agent_06,1.28,5.0,Resolved
TCK-00539,2025-11-23,2025-11-23 06:04:48.000000000,Email,Product Question,Medium,Agent_04,6.08,4.0,Resolved
TCK-01344,2025-11-24,2025-11-24 03:11:24.000000000,Email,Account Access,Medium,Agent_03,3.19,4.0,Resolved
TCK-01431,2025-11-24,2025-11-24 04:10:12.000000000,Email,Technical Issue,High,Agent_12,4.17,,Resolved
TCK-03203,2025-11-24,2025-11-24 01:34:47.999999999,Email,Billing,High,Agent_13,1.58,,Resolved
TCK-04580,2025-11-24,2025-11-24 00:33:00.000000000,Email,Account Access,Urgent,Agent_10,0.55,,Resolved
TCK-04393,2025-11-24,2025-11-24 07:57:36.000000000,Phone,Refund Request,Medium,Agent_14,7.96,,Resolved
TCK-01517,2025-11-24,2025-11-24 02:13:12.000000000,Email,Complaint,High,Agent_16,2.22,,Closed
TCK-04525,2025-11-24,2025-11-24 04:27:36.000000000,Social Media,Billing,Medium,Agent_02,4.46,,Resolved
TCK-00700,2025-11-24,2025-11-24 07:05:24.000000000,Email,Complaint,Medium,Agent_16,7.09,,Resolved
TCK-01592,2025-11-24,2025-11-24 02:39:00.000000000,Chat,Technical Issue,Medium,Agent_14,2.65,,Closed
TCK-02938,2025-11-24,2025-11-24 05:07:12.000000000,Phone,Billing,Low,Agent_11,5.12,4.0,Resolved
TCK-00055,2025-11-24,2025-11-24 03:52:48.000000000,Phone,Billing,Medium,Agent_04,3.88,3.0,Resolved
TCK-00264,2025-11-24,2025-11-24 06:40:12.000000000,Email,Technical Issue,Medium,Agent_15,6.67,4.0,Closed
TCK-04410,2025-11-24,2025-11-24 02:36:00.000000000,Social Media,Complaint,Low,Agent_05,2.6,,Resolved
TCK-03791,2025-11-24,2025-11-24 01:22:12.000000000,Email,Technical Issue,Medium,Agent_12,1.37,,Closed
TCK-01838,2025-11-24,2025-11-24 01:53:24.000000000,Email,Account Access,Urgent,Agent_05,1.89,5.0,Resolved
TCK-00788,2025-11-24,2025-11-24 19:01:48.000000000,Email,Product Question,Low,Agent_20,19.03,,Resolved
TCK-04557,2025-11-25,2025-11-25 03:30:00.000000000,Email,Technical Issue,Low,Agent_08,3.5,,Reopened
TCK-04810,2025-11-25,2025-11-25 05:15:36.000000000,Email,Account Access,Low,Agent_01,5.26,3.0,Resolved
TCK-04941,2025-11-25,2025-11-25 02:52:12.000000000,Phone,Complaint,High,Agent_04,2.87,,Resolved
TCK-04150,2025-11-25,2025-11-25 06:37:48.000000000,Chat,Product Question,Medium,Agent_12,6.63,,Closed
TCK-03069,2025-11-25,2025-11-25 07:30:36.000000000,Phone,Billing,Low,Agent_10,7.51,3.0,Resolved
TCK-04893,2025-11-25,2025-11-25 05:29:24.000000000,Email,Complaint,Low,Agent_15,5.49,5.0,Closed
TCK-02798,2025-11-25,2025-11-25 02:53:24.000000000,Chat,Account Access,Low,Agent_01,2.89,,Resolved
TCK-00139,2025-11-25,2025-11-25 03:19:12.000000000,Email,Billing,High,Agent_03,3.32,4.0,Resolved
TCK-02899,2025-11-26,2025-11-26 05:00:00.000000000,Email,Billing,Low,Agent_04,5.0,4.0,Resolved
TCK-01786,2025-11-26,2025-11-26 05:25:12.000000000,Email,Technical Issue,Medium,Agent_20,5.42,4.0,Reopened
TCK-01388,2025-11-26,2025-11-26 02:42:36.000000000,Chat,Complaint,Medium,Agent_05,2.71,,Resolved
TCK-00997,2025-11-26,2025-11-26 07:46:12.000000000,Phone,Refund Request,Low,Agent_09,7.77,,Resolved
TCK-02738,2025-11-26,2025-11-26 09:36:36.000000000,Email,Technical Issue,Low,Agent_14,9.61,2.0,Closed
TCK-01275,2025-11-26,2025-11-26 05:40:12.000000000,Phone,Account Access,Low,Agent_05,5.67,,Closed
TCK-01166,2025-11-26,2025-11-26 01:47:24.000000000,Email,Billing,Low,Agent_04,1.79,4.0,Closed
TCK-03786,2025-11-26,2025-11-26 05:22:48.000000000,Email,Account Access,High,Agent_09,5.38,4.0,Resolved
TCK-04041,2025-11-26,2025-11-26 01:34:47.999999999,Phone,Complaint,High,Agent_18,1.58,,Resolved
TCK-03478,2025-11-26,2025-11-26 06:19:12.000000000,Chat,Product Question,Low,Agent_19,6.32,3.0,Resolved
TCK-00180,2025-11-26,2025-11-26 03:01:48.000000000,Chat,Account Access,Medium,Agent_09,3.03,,Resolved
TCK-02949,2025-11-26,2025-11-26 08:21:36.000000000,Phone,Technical Issue,Low,Agent_20,8.36,3.0,Resolved
TCK-00552,2025-11-26,2025-11-26 08:07:48.000000000,Social Media,Account Access,Low,Agent_11,8.13,,Resolved
TCK-01692,2025-11-26,2025-11-26 02:12:00.000000000,Email,Technical Issue,Medium,Agent_08,2.2,,Closed
TCK-00305,2025-11-27,2025-11-27 05:30:00.000000000,Social Media,Refund Request,Medium,Unknown,5.5,,Resolved
TCK-04167,2025-11-27,2025-11-27 00:52:12.000000000,Chat,Billing,Urgent,Agent_09,0.87,5.0,Resolved
TCK-03870,2025-11-27,2025-11-27 01:34:47.999999999,Email,Technical Issue,Medium,Agent_12,1.58,,Resolved
TCK-02247,2025-11-27,2025-11-27 17:57:36.000000000,Phone,Technical Issue,Low,Agent_14,17.96,2.0,Resolved
TCK-00027,2025-11-27,2025-11-27 01:03:36.000000000,Social Media,Account Access,High,Agent_11,1.06,4.0,Reopened
TCK-03710,2025-11-27,2025-11-27 00:59:24.000000000,Email,Product Question,High,Agent_09,0.99,4.0,Resolved
TCK-03664,2025-11-27,2025-11-27 04:54:36.000000000,Phone,Complaint,Low,Agent_01,4.91,4.0,Resolved
TCK-00803,2025-11-28,2025-11-28 01:32:24.000000000,Phone,Billing,High,Agent_02,1.54,5.0,Resolved
TCK-04783,2025-11-28,2025-11-28 04:40:48.000000000,Chat,Complaint,Medium,Agent_20,4.68,5.0,Resolved
TCK-01068,2025-11-28,2025-11-28 01:38:24.000000000,Phone,Technical Issue,High,Agent_01,1.64,4.0,Closed
TCK-02028,2025-11-28,2025-11-28 02:52:12.000000000,Email,Product Question,Low,Agent_18,2.87,4.0,Resolved
TCK-01247,2025-11-28,2025-11-28 02:05:24.000000000,Phone,Product Question,Medium,Agent_07,2.09,,Closed
TCK-03088,2025-11-28,2025-11-28 03:12:36.000000000,Phone,Refund Request,Medium,Agent_20,3.21,,Resolved
TCK-01529,2025-11-28,2025-11-28 06:22:12.000000000,Email,Refund Request,Medium,Agent_17,6.37,,Resolved
TCK-01114,2025-11-28,2025-11-28 04:22:12.000000000,Email,Account Access,Low,Agent_09,4.37,3.0,Resolved
TCK-01350,2025-11-28,2025-11-28 02:05:24.000000000,Phone,Account Access,High,Agent_06,2.09,,Resolved
TCK-03258,2025-11-28,2025-11-28 01:58:48.000000000,Phone,Technical Issue,Urgent,Agent_08,1.98,4.0,Closed
TCK-00162,2025-11-28,2025-11-28 13:30:36.000000000,Chat,Product Question,Low,Agent_11,13.51,,Resolved
TCK-04474,2025-11-29,2025-11-29 04:18:36.000000000,Phone,Technical Issue,Medium,Agent_03,4.31,3.0,Closed
TCK-04475,2025-11-29,2025-11-29 02:18:00.000000000,Chat,Billing,Low,Agent_06,2.3,,Resolved
TCK-02653,2025-11-29,2025-11-29 03:28:12.000000000,Chat,Complaint,Medium,Agent_10,3.47,4.0,Resolved
TCK-03550,2025-11-29,2025-11-29 06:15:00.000000000,Email,Technical Issue,Low,Agent_04,6.25,3.0,Resolved
TCK-02074,2025-11-29,2025-11-29 05:12:36.000000000,Email,Account Access,High,Agent_13,5.21,,Resolved
TCK-00800,2025-11-29,2025-11-29 06:27:36.000000000,Email,Technical Issue,Low,Agent_07,6.46,4.0,Reopened
TCK-02745,2025-11-29,2025-11-29 01:15:36.000000000,Email,Technical Issue,Low,Agent_08,1.26,,Resolved
TCK-04113,2025-11-29,2025-11-29 02:18:36.000000000,Chat,Technical Issue,Low,Agent_05,2.31,,Resolved
TCK-03055,2025-11-29,2025-11-29 03:29:24.000000000,Email,Complaint,Medium,Agent_01,3.49,3.0,Resolved
TCK-03162,2025-11-30,2025-11-30 04:03:00.000000000,Email,Complaint,Medium,Agent_02,4.05,,Closed
TCK-02124,2025-11-30,2025-11-30 07:45:00.000000000,Email,Billing,Medium,Agent_16,7.75,3.0,Closed
TCK-04997,2025-11-30,2025-11-30 01:19:12.000000000,Chat,Account Access,Medium,Agent_06,1.32,,Resolved
TCK-04209,2025-11-30,2025-11-30 01:37:12.000000000,Chat,Product Question,High,Agent_10,1.62,,Resolved
TCK-03344,2025-11-30,2025-11-30 01:52:12.000000000,Phone,Technical Issue,Urgent,Agent_11,1.87,4.0,Closed
TCK-02061,2025-11-30,2025-11-30 08:58:48.000000000,Phone,Product Question,High,Agent_04,8.98,3.0,Resolved
TCK-01467,2025-11-30,2025-11-30 03:27:00.000000000,Email,Technical Issue,Low,Agent_14,3.45,4.0,Resolved
TCK-02854,2025-11-30,2025-11-30 12:55:48.000000000,Phone,Technical Issue,Low,Agent_14,12.93,,Closed
TCK-02593,2025-11-30,2025-11-30 01:46:12.000000000,Chat,Technical Issue,Urgent,Agent_18,1.77,5.0,Resolved
TCK-02073,2025-11-30,2025-11-30 05:26:24.000000000,Phone,Complaint,High,Agent_13,5.44,4.0,Resolved
TCK-01668,2025-11-30,2025-11-30 05:35:24.000000000,Email,Account Access,Medium,Agent_09,5.59,4.0,Closed
TCK-00903,2025-11-30,2025-11-30 01:36:00.000000000,Phone,Product Question,Urgent,Agent_04,1.6,,Resolved
TCK-00284,2025-12-01,2025-12-01 03:13:12.000000000,Phone,Technical Issue,Low,Agent_05,3.22,4.0,Resolved
TCK-01314,2025-12-01,2025-12-01 00:34:47.999999999,Phone,Account Access,High,Agent_01,0.58,3.0,Closed
TCK-00113,2025-12-01,2025-12-01 01:49:48.000000000,Chat,Complaint,Urgent,Agent_17,1.83,,Resolved
TCK-02265,2025-12-01,2025-12-01 08:56:24.000000000,Social Media,Account Access,Low,Agent_07,8.94,,Closed
TCK-00489,2025-12-01,2025-12-01 06:01:48.000000000,Email,Complaint,High,Agent_12,6.03,,Resolved
TCK-04295,2025-12-01,2025-12-01 02:17:23.999999999,Phone,Technical Issue,High,Agent_11,2.29,3.0,Resolved
TCK-03290,2025-12-01,2025-12-01 04:57:00.000000000,Chat,Refund Request,Low,Agent_14,4.95,4.0,Resolved
TCK-00602,2025-12-01,2025-12-01 02:58:12.000000000,Email,Account Access,Medium,Agent_14,2.97,5.0,Resolved
TCK-01130,2025-12-01,2025-12-01 02:09:00.000000000,Chat,Account Access,Medium,Agent_20,2.15,4.0,Resolved
TCK-02491,2025-12-01,2025-12-01 02:34:11.999999999,Email,Product Question,Low,Agent_01,2.57,4.0,Resolved
TCK-02756,2025-12-01,2025-12-01 02:36:36.000000000,Chat,Billing,High,Agent_18,2.61,4.0,Resolved
TCK-01911,2025-12-01,2025-12-01 04:41:24.000000000,Email,Technical Issue,Low,Agent_09,4.69,,Resolved
TCK-01908,2025-12-01,2025-12-01 03:22:48.000000000,Email,Technical Issue,Low,Agent_11,3.38,,Closed
TCK-02343,2025-12-02,2025-12-02 01:57:36.000000000,Email,Billing,Low,Agent_13,1.96,,Resolved
TCK-04600,2025-12-02,2025-12-02 01:42:00.000000000,Phone,Technical Issue,High,Agent_19,1.7,5.0,Resolved
TCK-01665,2025-12-02,2025-12-02 00:58:48.000000000,Chat,Product Question,High,Agent_04,0.98,3.0,Resolved
TCK-00929,2025-12-02,2025-12-02 06:03:00.000000000,Email,Billing,High,Agent_13,6.05,4.0,Resolved
TCK-03362,2025-12-02,2025-12-02 06:02:24.000000000,Email,Complaint,Medium,Agent_15,6.04,4.0,Closed
TCK-04919,2025-12-02,2025-12-02 07:45:36.000000000,Email,Account Access,Low,Agent_01,7.76,3.0,Closed
TCK-04691,2025-12-02,2025-12-02 04:54:00.000000000,Phone,Product Question,High,Agent_17,4.9,3.0,Resolved
TCK-01041,2025-12-02,2025-12-02 05:49:48.000000000,Phone,Technical Issue,Low,Agent_19,5.83,5.0,Resolved
TCK-00764,2025-12-02,2025-12-02 02:59:24.000000000,Email,Account Access,Low,Agent_10,2.99,3.0,Resolved
TCK-01063,2025-12-02,2025-12-02 01:58:48.000000000,Email,Account Access,Medium,Agent_18,1.98,5.0,Resolved
TCK-03709,2025-12-02,2025-12-02 07:43:12.000000000,Phone,Product Question,Low,Agent_10,7.72,3.0,Resolved
TCK-01490,2025-12-02,2025-12-02 02:33:36.000000000,Phone,Billing,Medium,Agent_09,2.56,5.0,Resolved
TCK-00675,2025-12-02,2025-12-02 01:28:48.000000000,Phone,Complaint,Medium,Agent_05,1.48,5.0,Resolved
TCK-03405,2025-12-02,2025-12-02 04:19:48.000000000,Phone,Technical Issue,Medium,Agent_18,4.33,4.0,Resolved
TCK-04789,2025-12-02,2025-12-02 01:06:00.000000000,Email,Product Question,High,Agent_14,1.1,,Resolved
TCK-00629,2025-12-02,2025-12-02 04:40:48.000000000,Chat,Complaint,Medium,Agent_02,4.68,4.0,Reopened
TCK-01524,2025-12-02,2025-12-02 06:08:24.000000000,Chat,Account Access,High,Agent_07,6.14,5.0,Resolved
TCK-01974,2025-12-03,2025-12-03 01:52:48.000000000,Email,Account Access,High,Agent_16,1.88,5.0,Resolved
TCK-03761,2025-12-03,2025-12-03 02:09:36.000000000,Chat,Billing,Urgent,Agent_14,2.16,4.0,Resolved
TCK-02921,2025-12-03,2025-12-03 01:52:48.000000000,Email,Technical Issue,Low,Agent_07,1.88,5.0,Closed
TCK-03805,2025-12-03,2025-12-03 05:43:48.000000000,Phone,Billing,Low,Agent_17,5.73,3.0,Resolved
TCK-01932,2025-12-03,2025-12-03 01:33:36.000000000,Social Media,Technical Issue,High,Agent_07,1.56,5.0,Resolved
TCK-03480,2025-12-03,2025-12-03 02:09:36.000000000,Chat,Complaint,Medium,Agent_05,2.16,4.0,Resolved
TCK-00693,2025-12-03,2025-12-03 02:33:00.000000000,Chat,Product Question,Medium,Agent_13,2.55,4.0,Closed
TCK-02791,2025-12-03,2025-12-03 02:57:36.000000000,Email,Billing,Medium,Agent_07,2.96,5.0,Resolved
TCK-00490,2025-12-03,2025-12-03 02:01:12.000000000,Chat,Account Access,Medium,Agent_03,2.02,4.0,Resolved
TCK-00966,2025-12-03,2025-12-03 02:16:12.000000000,Phone,Complaint,High,Agent_20,2.27,3.0,Resolved
TCK-03161,2025-12-03,2025-12-03 07:21:36.000000000,Chat,Technical Issue,Medium,Agent_02,7.36,3.0,Resolved
TCK-02585,2025-12-03,2025-12-03 06:25:12.000000000,Chat,Product Question,Medium,Agent_06,6.42,3.0,Resolved
TCK-00021,2025-12-03,2025-12-03 05:19:12.000000000,Phone,Refund Request,Low,Agent_15,5.32,4.0,Resolved
TCK-04391,2025-12-03,2025-12-03 03:45:36.000000000,Phone,Complaint,Medium,Agent_13,3.76,5.0,Reopened
TCK-04829,2025-12-03,2025-12-03 12:19:12.000000000,Email,Refund Request,Low,Agent_09,12.32,3.0,Resolved
TCK-04390,2025-12-03,2025-12-03 02:00:36.000000000,Email,Account Access,Medium,Agent_03,2.01,3.0,Resolved
TCK-03618,2025-12-03,2025-12-03 04:01:48.000000000,Email,Complaint,Low,Agent_05,4.03,4.0,Resolved
TCK-00537,2025-12-04,2025-12-04 02:02:24.000000000,Phone,Account Access,Low,Agent_10,2.04,3.0,Closed
TCK-04939,2025-12-04,2025-12-04 01:34:11.999999999,Email,Product Question,Medium,Agent_12,1.57,4.0,Resolved
TCK-01950,2025-12-04,2025-12-04 01:39:00.000000000,Email,Technical Issue,High,Agent_07,1.65,3.0,Closed
TCK-03852,2025-12-04,2025-12-04 08:53:24.000000000,Email,Technical Issue,Medium,Agent_12,8.89,3.0,Closed
TCK-00412,2025-12-04,2025-12-04 10:48:36.000000000,Email,Account Access,Medium,Agent_14,10.81,,Resolved
TCK-03565,2025-12-04,2025-12-04 03:36:00.000000000,Email,Technical Issue,High,Agent_09,3.6,,Resolved
TCK-01583,2025-12-04,2025-12-04 02:21:36.000000000,Phone,Technical Issue,High,Agent_04,2.36,5.0,Resolved
TCK-01027,2025-12-04,2025-12-04 01:02:24.000000000,Phone,Product Question,Urgent,Agent_20,1.04,,Resolved
TCK-02584,2025-12-04,2025-12-04 04:00:00.000000000,Phone,Complaint,Low,Agent_16,4.0,4.0,Closed
TCK-04948,2025-12-04,2025-12-04 14:12:00.000000000,Email,Billing,Medium,Agent_05,14.2,3.0,Resolved
TCK-02126,2025-12-04,2025-12-04 00:31:12.000000000,Social Media,Technical Issue,High,Agent_05,0.52,5.0,Resolved
TCK-02493,2025-12-04,2025-12-04 03:28:12.000000000,Email,Billing,High,Agent_09,3.47,,Resolved
TCK-01222,2025-12-04,2025-12-04 02:46:12.000000000,Email,Product Question,Medium,Agent_12,2.77,4.0,Reopened
TCK-03236,2025-12-04,2025-12-04 02:25:12.000000000,Phone,Technical Issue,Low,Agent_17,2.42,4.0,Resolved
TCK-01639,2025-12-04,2025-12-04 02:36:00.000000000,Phone,Technical Issue,Medium,Agent_08,2.6,4.0,Closed
TCK-03860,2025-12-04,2025-12-04 01:43:12.000000000,Phone,Technical Issue,Low,Agent_20,1.72,4.0,Resolved
TCK-00224,2025-12-04,2025-12-04 02:46:12.000000000,Chat,Complaint,Medium,Agent_17,2.77,4.0,Resolved
TCK-00546,2025-12-04,2025-12-04 03:48:36.000000000,Email,Billing,Low,Agent_06,3.81,4.0,Resolved
TCK-00487,2025-12-04,2025-12-04 03:33:00.000000000,Phone,Account Access,Medium,Agent_13,3.55,,Closed
TCK-03455,2025-12-05,2025-12-05 08:32:24.000000000,Social Media,Account Access,Medium,Agent_02,8.54,3.0,Resolved
TCK-04192,2025-12-05,2025-12-05 03:07:12.000000000,Chat,Billing,Medium,Agent_06,3.12,3.0,Resolved
TCK-04811,2025-12-05,2025-12-05 02:10:48.000000000,Email,Technical Issue,Medium,Agent_05,2.18,5.0,Resolved
TCK-00459,2025-12-05,2025-12-05 09:03:00.000000000,Phone,Complaint,Low,Agent_07,9.05,,Resolved
TCK-02530,2025-12-05,2025-12-05 01:15:36.000000000,Social Media,Product Question,Urgent,Agent_06,1.26,5.0,Resolved
TCK-04228,2025-12-05,2025-12-05 04:57:00.000000000,Phone,Billing,High,Agent_04,4.95,3.0,Resolved
TCK-01142,2025-12-05,2025-12-05 01:52:48.000000000,Chat,Technical Issue,Medium,Agent_16,1.88,5.0,Resolved
TCK-00398,2025-12-05,2025-12-05 01:35:24.000000000,Chat,Billing,High,Agent_05,1.59,5.0,Resolved
TCK-00822,2025-12-05,2025-12-05 13:47:24.000000000,Chat,Account Access,Low,Agent_09,13.79,2.0,Closed
TCK-03932,2025-12-05,2025-12-05 02:42:00.000000000,Email,Refund Request,Medium,Agent_18,2.7,5.0,Resolved
TCK-02572,2025-12-05,2025-12-05 04:52:48.000000000,Chat,Billing,Medium,Agent_11,4.88,,Closed
TCK-04255,2025-12-05,2025-12-05 05:24:00.000000000,Phone,Technical Issue,Medium,Agent_12,5.4,3.0,Resolved
TCK-03602,2025-12-05,2025-12-05 01:07:12.000000000,Email,Account Access,Urgent,Agent_05,1.12,5.0,Reopened
TCK-04329,2025-12-05,2025-12-05 03:03:36.000000000,Email,Billing,Low,Agent_20,3.06,,Resolved
TCK-03903,2025-12-05,2025-12-05 04:10:12.000000000,Phone,Product Question,Medium,Agent_04,4.17,4.0,Resolved
TCK-00381,2025-12-05,2025-12-05 15:26:24.000000000,Email,Technical Issue,Low,Agent_04,15.44,,Resolved
TCK-04503,2025-12-05,2025-12-05 06:19:12.000000000,Email,Technical Issue,Low,Agent_08,6.32,4.0,Closed
TCK-03273,2025-12-06,2025-12-06 02:45:36.000000000,Email,Account Access,High,Agent_16,2.76,3.0,Closed
TCK-01711,2025-12-06,2025-12-06 01:07:48.000000000,Social Media,Billing,High,Agent_07,1.13,5.0,Resolved
TCK-02822,2025-12-06,2025-12-06 01:45:36.000000000,Email,Refund Request,Urgent,Agent_18,1.76,4.0,Closed
TCK-04252,2025-12-06,2025-12-06 03:14:24.000000000,Phone,Account Access,High,Agent_14,3.24,,Closed
TCK-04048,2025-12-06,2025-12-06 02:55:12.000000000,Phone,Product Question,Medium,Agent_12,2.92,,Closed
TCK-02963,2025-12-06,2025-12-06 03:15:00.000000000,Email,Product Question,Medium,Agent_13,3.25,4.0,Closed
TCK-03856,2025-12-06,2025-12-06 01:06:36.000000000,Email,Billing,High,Agent_06,1.11,,Resolved
TCK-03074,2025-12-06,2025-12-06 06:16:48.000000000,Email,Technical Issue,Medium,Agent_12,6.28,,Closed
TCK-04340,2025-12-06,2025-12-06 01:43:12.000000000,Email,Account Access,High,Agent_09,1.72,,Closed
TCK-02635,2025-12-06,2025-12-06 03:15:00.000000000,Email,Technical Issue,Medium,Agent_01,3.25,5.0,Closed
TCK-02453,2025-12-06,2025-12-06 14:19:48.000000000,Email,Refund Request,Medium,Agent_04,14.33,2.0,Resolved
TCK-04396,2025-12-06,2025-12-06 01:16:12.000000000,Chat,Complaint,Medium,Unknown,1.27,5.0,Resolved
TCK-04092,2025-12-06,2025-12-06 07:07:48.000000000,Email,Account Access,Low,Agent_12,7.13,4.0,Reopened
TCK-02373,2025-12-06,2025-12-06 07:42:00.000000000,Email,Billing,Low,Agent_03,7.7,3.0,Closed
TCK-03603,2025-12-06,2025-12-06 06:09:36.000000000,Phone,Product Question,Low,Agent_16,6.16,4.0,Resolved
TCK-04800,2025-12-06,2025-12-06 03:23:24.000000000,Email,Complaint,Urgent,Agent_19,3.39,4.0,Resolved
TCK-01476,2025-12-06,2025-12-06 02:14:24.000000000,Email,Refund Request,Low,Agent_11,2.24,,Reopened
TCK-00682,2025-12-06,2025-12-06 03:51:36.000000000,Chat,Refund Request,Low,Agent_18,3.86,4.0,Resolved
TCK-00653,2025-12-06,2025-12-06 01:13:12.000000000,Phone,Account Access,High,Agent_04,1.22,4.0,Resolved
TCK-02460,2025-12-06,2025-12-06 04:15:00.000000000,Chat,Billing,Medium,Agent_08,4.25,4.0,Resolved
TCK-02693,2025-12-06,2025-12-06 02:48:36.000000000,Social Media,Billing,Medium,Agent_06,2.81,3.0,Resolved
TCK-01103,2025-12-06,2025-12-06 00:48:00.000000000,Phone,Billing,High,Agent_14,0.8,5.0,Resolved
TCK-01233,2025-12-07,2025-12-07 01:45:00.000000000,Phone,Product Question,High,Agent_08,1.75,,Resolved
TCK-04780,2025-12-07,2025-12-07 11:52:12.000000000,Phone,Billing,Low,Agent_07,11.87,,Resolved
TCK-02532,2025-12-07,2025-12-07 05:19:12.000000000,Email,Billing,High,Agent_04,5.32,4.0,Resolved
TCK-04233,2025-12-07,2025-12-07 01:49:12.000000000,Chat,Account Access,Low,Agent_13,1.82,4.0,Resolved
TCK-01937,2025-12-07,2025-12-08 07:36:00.000000000,Email,Technical Issue,Low,Agent_17,31.6,,Resolved
TCK-03694,2025-12-07,2025-12-07 03:42:36.000000000,Phone,Billing,Low,Agent_05,3.71,,Resolved
TCK-01493,2025-12-07,2025-12-07 01:42:00.000000000,Chat,Complaint,High,Agent_16,1.7,,Resolved
TCK-02847,2025-12-07,2025-12-07 02:16:48.000000000,Email,Product Question,High,Agent_09,2.28,,Resolved
TCK-00430,2025-12-07,2025-12-07 01:11:24.000000000,Chat,Complaint,High,Agent_19,1.19,,Closed
TCK-00451,2025-12-07,2025-12-07 02:49:12.000000000,Phone,Account Access,Low,Agent_02,2.82,,Resolved
TCK-02188,2025-12-07,2025-12-07 08:12:36.000000000,Email,Refund Request,Low,Agent_18,8.21,,Closed
TCK-04949,2025-12-07,2025-12-07 01:32:24.000000000,Chat,Technical Issue,High,Agent_12,1.54,,Reopened
TCK-00714,2025-12-08,2025-12-08 03:01:48.000000000,Email,Account Access,Medium,Agent_02,3.03,,Resolved
TCK-00724,2025-12-08,2025-12-08 05:17:23.999999999,Email,Technical Issue,Low,Agent_07,5.29,,Reopened
TCK-02418,2025-12-08,2025-12-08 04:25:48.000000000,Phone,Technical Issue,Low,Agent_10,4.43,,Closed
TCK-02108,2025-12-08,2025-12-08 08:00:00.000000000,Email,Technical Issue,Medium,Agent_14,8.0,2.0,Reopened
TCK-01403,2025-12-08,2025-12-08 03:05:24.000000000,Email,Billing,Medium,Agent_17,3.09,3.0,Resolved
TCK-02838,2025-12-08,2025-12-08 04:50:24.000000000,Email,Product Question,Low,Agent_06,4.84,4.0,Resolved
TCK-02609,2025-12-08,2025-12-08 06:27:00.000000000,Chat,Billing,Low,Agent_19,6.45,5.0,Resolved
TCK-02129,2025-12-08,2025-12-08 02:12:36.000000000,Email,Technical Issue,High,Agent_05,2.21,,Resolved
TCK-02655,2025-12-08,2025-12-08 02:07:48.000000000,Email,Technical Issue,Low,Agent_01,2.13,,Closed
TCK-00342,2025-12-08,2025-12-08 03:12:00.000000000,Phone,Billing,High,Agent_01,3.2,3.0,Closed
TCK-02591,2025-12-08,2025-12-08 01:22:12.000000000,Email,Technical Issue,Low,Agent_12,1.37,5.0,Resolved
TCK-00308,2025-12-08,2025-12-08 04:15:36.000000000,Email,Billing,Low,Agent_06,4.26,4.0,Resolved
TCK-00640,2025-12-08,2025-12-08 04:30:36.000000000,Email,Technical Issue,Low,Agent_15,4.51,3.0,Resolved
TCK-02742,2025-12-08,2025-12-08 01:22:48.000000000,Phone,Refund Request,High,Agent_02,1.38,5.0,Resolved
TCK-03399,2025-12-08,2025-12-08 06:34:11.999999999,Chat,Complaint,Low,Agent_07,6.57,3.0,Resolved
TCK-04168,2025-12-08,2025-12-08 05:14:24.000000000,Chat,Technical Issue,Low,Agent_12,5.24,,Resolved
TCK-00369,2025-12-08,2025-12-08 02:51:36.000000000,Email,Product Question,High,Agent_02,2.86,,Resolved
TCK-01726,2025-12-08,2025-12-08 01:44:24.000000000,Email,Account Access,Medium,Agent_07,1.74,,Resolved
TCK-02751,2025-12-08,2025-12-08 02:04:12.000000000,Social Media,Product Question,Low,Agent_08,2.07,4.0,Resolved
TCK-02913,2025-12-08,2025-12-08 02:41:24.000000000,Phone,Technical Issue,High,Agent_14,2.69,4.0,Resolved
TCK-02902,2025-12-08,2025-12-08 13:33:36.000000000,Phone,Billing,Low,Agent_09,13.56,,Resolved
TCK-02249,2025-12-08,2025-12-08 15:13:48.000000000,Email,Product Question,Low,Agent_03,15.23,,Resolved
TCK-04437,2025-12-09,2025-12-09 11:22:12.000000000,Email,Product Question,Low,Agent_19,11.37,3.0,Resolved
TCK-03881,2025-12-09,2025-12-09 05:38:24.000000000,Email,Product Question,High,Agent_01,5.64,,Resolved
TCK-03312,2025-12-09,2025-12-09 04:22:48.000000000,Email,Billing,Low,Agent_05,4.38,,Resolved
TCK-03703,2025-12-09,2025-12-09 06:37:12.000000000,Phone,Billing,Medium,Agent_10,6.62,3.0,Closed
TCK-03513,2025-12-09,2025-12-09 03:10:48.000000000,Email,Refund Request,Low,Agent_17,3.18,3.0,Resolved
TCK-00141,2025-12-09,2025-12-09 01:48:00.000000000,Chat,Technical Issue,Urgent,Agent_12,1.8,4.0,Resolved
TCK-03132,2025-12-09,2025-12-09 01:51:36.000000000,Email,Technical Issue,High,Agent_07,1.86,4.0,Resolved
TCK-04364,2025-12-09,2025-12-09 11:56:24.000000000,Chat,Refund Request,Low,Agent_14,11.94,2.0,Resolved
TCK-00279,2025-12-09,2025-12-09 03:39:36.000000000,Phone,Technical Issue,Medium,Agent_05,3.66,4.0,Resolved
TCK-02193,2025-12-09,2025-12-09 01:52:48.000000000,Phone,Complaint,High,Agent_07,1.88,,Resolved
TCK-00246,2025-12-09,2025-12-09 02:22:48.000000000,Chat,Billing,Low,Agent_11,2.38,,Closed
TCK-04976,2025-12-09,2025-12-09 02:11:24.000000000,Phone,Complaint,Low,Agent_12,2.19,4.0,Resolved
TCK-01649,2025-12-09,2025-12-09 03:06:36.000000000,Phone,Billing,Medium,Agent_09,3.11,5.0,Closed
TCK-01407,2025-12-09,2025-12-09 14:04:48.000000000,Phone,Product Question,Medium,Agent_12,14.08,,Resolved
TCK-01834,2025-12-10,2025-12-10 03:00:36.000000000,Email,Product Question,Low,Agent_04,3.01,3.0,Closed
TCK-01870,2025-12-10,2025-12-10 06:39:36.000000000,Phone,Billing,Low,Agent_19,6.66,4.0,Resolved
TCK-02673,2025-12-10,2025-12-10 04:10:48.000000000,Email,Technical Issue,Low,Agent_13,4.18,,Resolved
TCK-00896,2025-12-10,2025-12-10 06:25:12.000000000,Email,Complaint,Low,Agent_12,6.42,3.0,Closed
TCK-00041,2025-12-10,2025-12-10 07:31:12.000000000,Phone,Complaint,Low,Agent_18,7.52,2.0,Resolved
TCK-02057,2025-12-10,2025-12-10 01:46:12.000000000,Chat,Billing,Medium,Agent_14,1.77,,Resolved
TCK-01797,2025-12-10,2025-12-10 04:15:00.000000000,Chat,Complaint,Medium,Agent_08,4.25,5.0,Resolved
TCK-04974,2025-12-10,2025-12-10 06:25:48.000000000,Email,Complaint,Low,Agent_13,6.43,,Closed
TCK-04034,2025-12-10,2025-12-10 01:00:36.000000000,Email,Billing,Urgent,Agent_16,1.01,5.0,Closed
TCK-04341,2025-12-10,2025-12-10 02:24:36.000000000,Email,Refund Request,High,Agent_06,2.41,,Resolved
TCK-01069,2025-12-10,2025-12-10 03:59:24.000000000,Chat,Technical Issue,Medium,Agent_11,3.99,3.0,Resolved
TCK-03648,2025-12-10,2025-12-10 03:48:00.000000000,Phone,Complaint,High,Agent_18,3.8,,Resolved
TCK-03665,2025-12-11,2025-12-11 15:46:48.000000000,Email,Billing,Low,Agent_18,15.78,,Closed
TCK-04925,2025-12-11,2025-12-11 09:08:24.000000000,Email,Technical Issue,High,Agent_14,9.14,,Resolved
TCK-01641,2025-12-11,2025-12-11 04:35:24.000000000,Phone,Technical Issue,Medium,Agent_02,4.59,5.0,Resolved
TCK-03270,2025-12-11,2025-12-11 03:29:24.000000000,Phone,Billing,High,Agent_20,3.49,4.0,Resolved
TCK-04197,2025-12-11,2025-12-11 02:02:24.000000000,Phone,Technical Issue,Medium,Agent_05,2.04,,Resolved
TCK-02788,2025-12-11,2025-12-11 02:12:00.000000000,Email,Billing,High,Agent_16,2.2,3.0,Resolved
TCK-04683,2025-12-11,2025-12-11 02:14:24.000000000,Email,Account Access,Medium,Agent_06,2.24,5.0,Resolved
TCK-03422,2025-12-11,2025-12-11 04:17:23.999999999,Phone,Refund Request,Medium,Agent_15,4.29,3.0,Resolved
TCK-03916,2025-12-11,2025-12-11 04:13:12.000000000,Email,Account Access,Medium,Agent_11,4.22,,Resolved
TCK-04920,2025-12-11,2025-12-11 03:17:23.999999999,Chat,Technical Issue,High,Agent_07,3.29,5.0,Resolved
TCK-02014,2025-12-12,2025-12-12 02:49:12.000000000,Phone,Technical Issue,Low,Agent_03,2.82,,Resolved
TCK-00886,2025-12-12,2025-12-12 07:44:24.000000000,Chat,Complaint,Medium,Agent_08,7.74,4.0,Resolved
TCK-04871,2025-12-12,2025-12-12 04:07:48.000000000,Email,Technical Issue,Medium,Agent_03,4.13,,Resolved
TCK-03921,2025-12-12,2025-12-12 22:57:00.000000000,Phone,Technical Issue,Low,Agent_13,22.95,1.0,Resolved
TCK-00909,2025-12-12,2025-12-12 01:49:12.000000000,Chat,Refund Request,Low,Agent_17,1.82,5.0,Resolved
TCK-02181,2025-12-12,2025-12-12 01:06:36.000000000,Social Media,Billing,Urgent,Agent_18,1.11,4.0,Resolved
TCK-02357,2025-12-12,2025-12-12 01:07:12.000000000,Email,Complaint,High,Agent_13,1.12,5.0,Resolved
TCK-02878,2025-12-12,2025-12-12 08:13:12.000000000,Email,Technical Issue,Low,Agent_14,8.22,3.0,Reopened
TCK-02580,2025-12-12,2025-12-12 03:09:00.000000000,Chat,Technical Issue,Low,Agent_12,3.15,,Resolved
TCK-04082,2025-12-12,2025-12-12 01:09:00.000000000,Email,Billing,Low,Agent_02,1.15,,Resolved
TCK-02704,2025-12-12,2025-12-12 03:11:24.000000000,Email,Product Question,Medium,Agent_01,3.19,5.0,Closed
TCK-00654,2025-12-12,2025-12-12 04:08:24.000000000,Social Media,Account Access,Medium,Agent_19,4.14,,Resolved
TCK-04398,2025-12-12,2025-12-12 04:51:36.000000000,Phone,Product Question,Low,Agent_20,4.86,5.0,Resolved
TCK-00343,2025-12-12,2025-12-12 07:18:36.000000000,Email,Billing,Low,Agent_07,7.31,,Resolved
TCK-04966,2025-12-13,2025-12-13 11:13:48.000000000,Chat,Product Question,Low,Agent_01,11.23,4.0,Resolved
TCK-00925,2025-12-13,2025-12-13 05:49:48.000000000,Chat,Complaint,Medium,Agent_19,5.83,3.0,Resolved
TCK-01687,2025-12-13,2025-12-13 02:43:12.000000000,Email,Account Access,High,Agent_09,2.72,4.0,Resolved
TCK-00723,2025-12-13,2025-12-13 01:29:24.000000000,Chat,Refund Request,Urgent,Agent_11,1.49,,Resolved
TCK-02868,2025-12-13,2025-12-13 02:19:48.000000000,Email,Account Access,Low,Unknown,2.33,,Resolved
TCK-04428,2025-12-13,2025-12-13 06:12:00.000000000,Phone,Technical Issue,Medium,Agent_20,6.2,,Reopened
TCK-00600,2025-12-13,2025-12-13 03:12:00.000000000,Email,Product Question,Medium,Agent_08,3.2,,Closed
TCK-03401,2025-12-13,2025-12-13 03:09:00.000000000,Phone,Account Access,Low,Agent_14,3.15,,Resolved
TCK-04562,2025-12-13,2025-12-13 02:04:12.000000000,Chat,Complaint,Medium,Agent_11,2.07,,Resolved
TCK-00531,2025-12-13,2025-12-13 06:37:48.000000000,Chat,Technical Issue,Low,Agent_14,6.63,4.0,Resolved
TCK-01381,2025-12-13,2025-12-13 06:24:00.000000000,Email,Billing,Low,Agent_01,6.4,,Resolved
TCK-02488,2025-12-13,2025-12-13 00:56:24.000000000,Phone,Refund Request,Urgent,Agent_07,0.94,2.0,Closed
TCK-03146,2025-12-13,2025-12-13 04:13:48.000000000,Phone,Account Access,High,Agent_02,4.23,,Reopened
TCK-01988,2025-12-13,2025-12-13 00:43:48.000000000,Email,Billing,Low,Agent_05,0.73,,Resolved
TCK-04647,2025-12-13,2025-12-13 08:22:12.000000000,Phone,Technical Issue,Low,Agent_01,8.37,3.0,Resolved
TCK-03535,2025-12-14,2025-12-14 04:05:24.000000000,Email,Technical Issue,Medium,Agent_08,4.09,,Resolved
TCK-04603,2025-12-14,2025-12-14 05:55:12.000000000,Social Media,Billing,Medium,Agent_11,5.92,,Resolved
TCK-02347,2025-12-14,2025-12-14 03:36:36.000000000,Email,Billing,Medium,Agent_15,3.61,4.0,Resolved
TCK-01792,2025-12-14,2025-12-14 06:30:00.000000000,Chat,Account Access,Low,Agent_11,6.5,,Resolved
TCK-01229,2025-12-14,2025-12-14 11:19:48.000000000,Email,Product Question,Low,Agent_14,11.33,,Closed
TCK-01255,2025-12-14,2025-12-14 03:45:36.000000000,Chat,Product Question,High,Agent_20,3.76,5.0,Closed
TCK-04159,2025-12-14,2025-12-14 01:22:48.000000000,Email,Account Access,High,Agent_05,1.38,,Closed
TCK-00736,2025-12-14,2025-12-14 06:03:00.000000000,Chat,Technical Issue,Low,Agent_15,6.05,3.0,Resolved
TCK-00631,2025-12-14,2025-12-14 18:48:00.000000000,Email,Account Access,Medium,Agent_20,18.8,,Resolved
TCK-03966,2025-12-14,2025-12-14 08:25:12.000000000,Chat,Account Access,High,Agent_12,8.42,4.0,Resolved
TCK-00300,2025-12-14,2025-12-14 06:52:48.000000000,Chat,Technical Issue,Medium,Agent_14,6.88,,Resolved
TCK-03862,2025-12-14,2025-12-14 12:02:24.000000000,Chat,Billing,Low,Agent_17,12.04,,Resolved
TCK-02082,2025-12-14,2025-12-14 05:22:12.000000000,Chat,Billing,High,Agent_09,5.37,3.0,Resolved
TCK-03800,2025-12-14,2025-12-14 03:02:24.000000000,Phone,Technical Issue,Low,Agent_18,3.04,5.0,Resolved
TCK-01894,2025-12-14,2025-12-14 01:11:24.000000000,Email,Refund Request,High,Agent_06,1.19,,Closed
TCK-01890,2025-12-14,2025-12-14 02:13:12.000000000,Email,Account Access,Medium,Agent_16,2.22,4.0,Resolved
TCK-02125,2025-12-15,2025-12-15 07:01:48.000000000,Email,Complaint,Low,Agent_04,7.03,,Closed
TCK-00253,2025-12-15,2025-12-15 02:33:00.000000000,Chat,Billing,Medium,Agent_09,2.55,,Resolved
TCK-00408,2025-12-15,2025-12-15 05:03:36.000000000,Phone,Technical Issue,Low,Agent_07,5.06,,Closed
TCK-02996,2025-12-15,2025-12-15 10:28:12.000000000,Social Media,Billing,Low,Agent_07,10.47,2.0,Resolved
TCK-02349,2025-12-15,2025-12-15 02:48:36.000000000,Email,Billing,Medium,Agent_11,2.81,5.0,Resolved
TCK-01400,2025-12-15,2025-12-15 00:24:00.000000000,Email,Product Question,Urgent,Agent_05,0.4,4.0,Resolved
TCK-01744,2025-12-15,2025-12-15 02:18:36.000000000,Chat,Complaint,Low,Agent_05,2.31,3.0,Reopened
TCK-04559,2025-12-15,2025-12-15 02:21:36.000000000,Email,Billing,High,Agent_20,2.36,5.0,Resolved
TCK-04832,2025-12-16,2025-12-16 04:25:48.000000000,Email,Account Access,Medium,Agent_20,4.43,,Reopened
TCK-02503,2025-12-16,2025-12-16 02:23:24.000000000,Chat,Technical Issue,High,Agent_18,2.39,,Resolved
TCK-00234,2025-12-16,2025-12-16 09:47:24.000000000,Email,Complaint,Low,Agent_04,9.79,2.0,Closed
TCK-01014,2025-12-16,2025-12-16 02:07:12.000000000,Email,Refund Request,High,Agent_12,2.12,4.0,Resolved
TCK-03448,2025-12-16,2025-12-16 05:07:48.000000000,Email,Refund Request,Low,Agent_16,5.13,5.0,Resolved
TCK-01043,2025-12-16,2025-12-16 02:57:00.000000000,Chat,Complaint,High,Agent_15,2.95,2.0,Resolved
TCK-02730,2025-12-16,2025-12-16 05:44:24.000000000,Chat,Refund Request,Low,Agent_07,5.74,3.0,Closed
TCK-00644,2025-12-16,2025-12-16 03:58:48.000000000,Phone,Technical Issue,Low,Agent_09,3.98,4.0,Resolved
TCK-00711,2025-12-17,2025-12-17 04:22:48.000000000,Email,Technical Issue,Medium,Agent_14,4.38,3.0,Resolved
TCK-01183,2025-12-17,2025-12-17 03:22:48.000000000,Phone,Technical Issue,Low,Agent_08,3.38,5.0,Resolved
TCK-04897,2025-12-17,2025-12-17 05:26:24.000000000,Email,Complaint,Low,Agent_19,5.44,,Resolved
TCK-02964,2025-12-17,2025-12-17 07:55:48.000000000,Email,Account Access,Low,Agent_20,7.93,3.0,Resolved
TCK-04942,2025-12-17,2025-12-17 06:10:48.000000000,Phone,Technical Issue,Low,Agent_11,6.18,3.0,Closed
TCK-00643,2025-12-17,2025-12-17 00:46:12.000000000,Email,Technical Issue,High,Unknown,0.77,5.0,Resolved
TCK-00609,2025-12-17,2025-12-17 05:25:12.000000000,Phone,Account Access,Medium,Agent_03,5.42,,Closed
TCK-02691,2025-12-17,2025-12-17 04:50:24.000000000,Phone,Billing,High,Agent_05,4.84,5.0,Resolved
TCK-03595,2025-12-17,2025-12-17 03:59:24.000000000,Email,Product Question,Low,Agent_18,3.99,,Resolved
TCK-03605,2025-12-17,2025-12-17 10:03:00.000000000,Email,Refund Request,Medium,Agent_10,10.05,3.0,Resolved
TCK-00155,2025-12-17,2025-12-17 03:19:48.000000000,Phone,Technical Issue,Low,Agent_17,3.33,4.0,Resolved
TCK-03171,2025-12-17,2025-12-17 04:57:00.000000000,Phone,Complaint,Low,Agent_14,4.95,,Closed
TCK-02077,2025-12-17,2025-12-17 03:49:12.000000000,Email,Billing,Low,Agent_05,3.82,3.0,Resolved
TCK-01408,2025-12-17,2025-12-17 05:26:24.000000000,Chat,Refund Request,Low,Agent_18,5.44,5.0,Resolved
TCK-04055,2025-12-17,2025-12-17 00:52:48.000000000,Email,Complaint,High,Agent_11,0.88,5.0,Resolved
TCK-01660,2025-12-17,2025-12-17 05:28:12.000000000,Chat,Billing,Low,Agent_07,5.47,,Resolved
TCK-03358,2025-12-17,2025-12-17 03:24:36.000000000,Email,Technical Issue,Urgent,Agent_15,3.41,,Resolved
TCK-03713,2025-12-17,2025-12-17 05:14:24.000000000,Chat,Billing,Low,Agent_02,5.24,,Resolved
TCK-03799,2025-12-17,2025-12-17 04:55:48.000000000,Phone,Product Question,Medium,Agent_06,4.93,3.0,Resolved
TCK-01770,2025-12-17,2025-12-17 04:24:36.000000000,Phone,Billing,Medium,Agent_05,4.41,4.0,Closed
TCK-01336,2025-12-17,2025-12-17 06:21:00.000000000,Email,Billing,Medium,Agent_12,6.35,4.0,Resolved
TCK-00475,2025-12-17,2025-12-17 01:00:00.000000000,Phone,Billing,High,Agent_10,1.0,5.0,Resolved
TCK-01899,2025-12-17,2025-12-17 00:55:48.000000000,Email,Account Access,Medium,Agent_10,0.93,,Resolved
TCK-03343,2025-12-17,2025-12-17 03:25:12.000000000,Phone,Technical Issue,Medium,Agent_20,3.42,,Resolved
TCK-00411,2025-12-17,2025-12-17 06:13:48.000000000,Phone,Technical Issue,Medium,Agent_11,6.23,3.0,Resolved
TCK-00463,2025-12-18,2025-12-18 07:24:00.000000000,Email,Refund Request,Medium,Agent_20,7.4,3.0,Resolved
TCK-00813,2025-12-18,2025-12-18 02:55:48.000000000,Email,Billing,Medium,Agent_05,2.93,,Resolved
TCK-01337,2025-12-18,2025-12-18 02:58:12.000000000,Chat,Complaint,High,Agent_01,2.97,4.0,Resolved
TCK-01329,2025-12-18,2025-12-18 08:30:36.000000000,Email,Product Question,High,Agent_01,8.51,,Resolved
TCK-00160,2025-12-18,2025-12-18 05:11:24.000000000,Email,Refund Request,Medium,Agent_10,5.19,3.0,Resolved
TCK-01170,2025-12-18,2025-12-18 02:11:24.000000000,Email,Complaint,Low,Agent_05,2.19,,Resolved
TCK-02323,2025-12-18,2025-12-18 07:24:36.000000000,Email,Billing,Low,Agent_17,7.41,5.0,Resolved
TCK-03624,2025-12-18,2025-12-18 01:15:36.000000000,Phone,Billing,Urgent,Agent_13,1.26,3.0,Resolved
TCK-02630,2025-12-18,2025-12-18 03:07:12.000000000,Email,Product Question,High,Agent_04,3.12,,Resolved
TCK-00959,2025-12-18,2025-12-18 01:49:48.000000000,Chat,Technical Issue,High,Agent_08,1.83,5.0,Resolved
TCK-02637,2025-12-18,2025-12-18 05:41:24.000000000,Email,Technical Issue,Low,Agent_07,5.69,4.0,Resolved
TCK-02473,2025-12-18,2025-12-18 03:49:48.000000000,Phone,Technical Issue,Low,Agent_07,3.83,3.0,Resolved
TCK-02774,2025-12-18,2025-12-18 03:10:48.000000000,Phone,Technical Issue,Medium,Agent_02,3.18,4.0,Resolved
TCK-00297,2025-12-18,2025-12-18 01:51:00.000000000,Email,Account Access,Urgent,Agent_06,1.85,4.0,Resolved
TCK-02103,2025-12-18,2025-12-18 01:44:24.000000000,Phone,Refund Request,Urgent,Agent_06,1.74,5.0,Resolved
TCK-01203,2025-12-18,2025-12-18 06:19:48.000000000,Chat,Product Question,Medium,Agent_17,6.33,4.0,Resolved
TCK-04470,2025-12-19,2025-12-19 02:51:36.000000000,Email,Product Question,Medium,Agent_09,2.86,4.0,Resolved
TCK-03649,2025-12-19,2025-12-19 06:43:12.000000000,Email,Product Question,Low,Agent_13,6.72,4.0,Resolved
TCK-02628,2025-12-19,2025-12-19 05:31:12.000000000,Phone,Billing,Urgent,Agent_11,5.52,3.0,Resolved
TCK-02797,2025-12-19,2025-12-19 01:38:24.000000000,Email,Technical Issue,Medium,Agent_15,1.64,,Resolved
TCK-04317,2025-12-19,2025-12-19 03:55:12.000000000,Email,Account Access,Medium,Agent_05,3.92,4.0,Closed
TCK-04947,2025-12-19,2025-12-19 05:02:24.000000000,Email,Technical Issue,Low,Agent_03,5.04,4.0,Resolved
TCK-00426,2025-12-19,2025-12-19 02:23:24.000000000,Email,Technical Issue,Medium,Agent_16,2.39,4.0,Resolved
TCK-00569,2025-12-19,2025-12-19 02:48:36.000000000,Phone,Technical Issue,High,Agent_08,2.81,5.0,Resolved
TCK-03174,2025-12-19,2025-12-19 01:54:00.000000000,Chat,Technical Issue,High,Agent_14,1.9,4.0,Resolved
TCK-02559,2025-12-20,2025-12-20 05:48:00.000000000,Email,Product Question,Medium,Agent_19,5.8,5.0,Resolved
TCK-02766,2025-12-20,2025-12-20 03:25:48.000000000,Email,Billing,Low,Agent_06,3.43,4.0,Closed
TCK-00377,2025-12-20,2025-12-20 09:54:00.000000000,Social Media,Account Access,Low,Agent_06,9.9,3.0,Resolved
TCK-04320,2025-12-20,2025-12-20 01:03:00.000000000,Chat,Billing,High,Agent_06,1.05,4.0,Resolved
TCK-03904,2025-12-20,2025-12-20 06:42:00.000000000,Chat,Billing,Medium,Agent_16,6.7,4.0,Closed
TCK-01186,2025-12-20,2025-12-20 04:08:24.000000000,Email,Technical Issue,High,Agent_14,4.14,4.0,Resolved
TCK-00168,2025-12-20,2025-12-20 01:46:12.000000000,Phone,Product Question,Low,Agent_03,1.77,5.0,Resolved
TCK-02539,2025-12-20,2025-12-20 11:37:12.000000000,Phone,Product Question,High,Agent_11,11.62,,Closed
TCK-00315,2025-12-20,2025-12-20 05:10:12.000000000,Phone,Account Access,Low,Agent_04,5.17,,Resolved
TCK-04324,2025-12-20,2025-12-20 04:09:36.000000000,Email,Account Access,Medium,Agent_18,4.16,,Reopened
TCK-04721,2025-12-20,2025-12-20 04:06:36.000000000,Phone,Product Question,Low,Agent_16,4.11,5.0,Closed
TCK-00024,2025-12-20,2025-12-20 09:43:12.000000000,Email,Refund Request,Medium,Agent_16,9.72,3.0,Reopened
TCK-00821,2025-12-20,2025-12-20 08:08:24.000000000,Email,Billing,Low,Agent_04,8.14,4.0,Closed
TCK-03243,2025-12-20,2025-12-20 03:34:11.999999999,Phone,Technical Issue,Medium,Agent_11,3.57,,Resolved
TCK-01527,2025-12-20,2025-12-20 04:03:36.000000000,Email,Technical Issue,Urgent,Agent_11,4.06,,Resolved
TCK-00757,2025-12-20,2025-12-20 12:51:00.000000000,Phone,Technical Issue,Medium,Agent_04,12.85,4.0,Resolved
TCK-03623,2025-12-20,2025-12-20 07:18:36.000000000,Email,Product Question,Low,Agent_17,7.31,4.0,Resolved
TCK-03872,2025-12-21,2025-12-21 03:35:24.000000000,Phone,Technical Issue,High,Agent_18,3.59,,Resolved
TCK-00919,2025-12-21,2025-12-21 08:34:11.999999999,Email,Refund Request,Low,Agent_11,8.57,2.0,Resolved
TCK-04542,2025-12-21,2025-12-21 10:03:00.000000000,Email,Product Question,Low,Agent_03,10.05,,Resolved
TCK-00364,2025-12-21,2025-12-21 03:04:48.000000000,Email,Product Question,High,Agent_20,3.08,4.0,Resolved
TCK-03471,2025-12-21,2025-12-21 03:57:00.000000000,Email,Account Access,Low,Agent_18,3.95,,Resolved
TCK-03476,2025-12-21,2025-12-21 23:09:36.000000000,Email,Complaint,Medium,Agent_11,23.16,1.0,Resolved
TCK-03868,2025-12-21,2025-12-21 14:03:00.000000000,Email,Product Question,Medium,Agent_04,14.05,2.0,Resolved
TCK-04285,2025-12-21,2025-12-21 04:54:36.000000000,Chat,Product Question,Low,Agent_19,4.91,4.0,Resolved
TCK-02571,2025-12-21,2025-12-21 02:13:48.000000000,Email,Product Question,Low,Agent_01,2.23,,Resolved
TCK-01915,2025-12-21,2025-12-21 02:59:24.000000000,Phone,Product Question,Low,Agent_01,2.99,4.0,Closed
TCK-01193,2025-12-21,2025-12-21 01:49:12.000000000,Social Media,Product Question,Urgent,Agent_11,1.82,,Resolved
TCK-00006,2025-12-21,2025-12-21 02:43:12.000000000,Email,Technical Issue,Low,Agent_13,2.72,4.0,Resolved
TCK-04096,2025-12-21,2025-12-21 02:30:00.000000000,Email,Billing,High,Agent_04,2.5,3.0,Resolved
TCK-02800,2025-12-21,2025-12-21 09:42:36.000000000,Email,Technical Issue,Low,Agent_09,9.71,3.0,Closed
TCK-02549,2025-12-21,2025-12-21 04:52:48.000000000,Email,Technical Issue,Low,Agent_07,4.88,3.0,Closed
TCK-04753,2025-12-21,2025-12-21 09:03:36.000000000,Email,Technical Issue,Medium,Agent_03,9.06,3.0,Resolved
TCK-02502,2025-12-21,2025-12-21 05:51:36.000000000,Chat,Technical Issue,High,Agent_10,5.86,,Resolved
TCK-03909,2025-12-21,2025-12-21 02:11:24.000000000,Phone,Billing,Low,Agent_14,2.19,,Resolved
TCK-04097,2025-12-22,2025-12-22 07:01:12.000000000,Email,Technical Issue,Medium,Agent_01,7.02,4.0,Resolved
TCK-02710,2025-12-22,2025-12-22 02:22:12.000000000,Email,Technical Issue,High,Agent_02,2.37,5.0,Resolved
TCK-00907,2025-12-22,2025-12-22 00:35:24.000000000,Email,Product Question,Urgent,Agent_10,0.59,5.0,Resolved
TCK-02923,2025-12-22,2025-12-22 02:33:00.000000000,Chat,Refund Request,Medium,Agent_10,2.55,4.0,Closed
TCK-03315,2025-12-22,2025-12-22 03:37:12.000000000,Phone,Technical Issue,Low,Agent_19,3.62,4.0,Resolved
TCK-04784,2025-12-22,2025-12-22 03:05:24.000000000,Phone,Technical Issue,Medium,Agent_09,3.09,,Resolved
TCK-00285,2025-12-22,2025-12-22 01:18:36.000000000,Email,Technical Issue,Medium,Agent_12,1.31,4.0,Resolved
TCK-00401,2025-12-22,2025-12-22 03:47:24.000000000,Social Media,Product Question,Medium,Agent_14,3.79,,Resolved
TCK-02784,2025-12-23,2025-12-23 03:24:00.000000000,Email,Account Access,Low,Agent_07,3.4,3.0,Resolved
TCK-01435,2025-12-23,2025-12-23 02:22:12.000000000,Email,Technical Issue,Urgent,Agent_13,2.37,3.0,Resolved
TCK-04881,2025-12-23,2025-12-23 01:18:36.000000000,Phone,Product Question,High,Agent_14,1.31,,Resolved
TCK-02840,2025-12-23,2025-12-23 08:46:12.000000000,Chat,Product Question,Low,Agent_20,8.77,3.0,Resolved
TCK-04114,2025-12-23,2025-12-23 05:42:36.000000000,Phone,Billing,Low,Agent_15,5.71,,Resolved
TCK-03645,2025-12-23,2025-12-23 04:19:48.000000000,Chat,Complaint,Low,Agent_05,4.33,,Resolved
TCK-04074,2025-12-23,2025-12-23 06:52:12.000000000,Chat,Product Question,Low,Agent_01,6.87,5.0,Resolved
TCK-02092,2025-12-23,2025-12-23 02:19:48.000000000,Email,Product Question,Low,Agent_13,2.33,5.0,Resolved
TCK-02348,2025-12-23,2025-12-23 07:45:00.000000000,Email,Product Question,Low,Agent_10,7.75,,Resolved
TCK-03749,2025-12-23,2025-12-23 03:54:36.000000000,Email,Billing,High,Agent_14,3.91,4.0,Resolved
TCK-02230,2025-12-23,2025-12-23 00:24:00.000000000,Email,Billing,High,Agent_18,0.4,,Closed
TCK-01609,2025-12-23,2025-12-23 01:19:12.000000000,Chat,Technical Issue,High,Agent_08,1.32,,Resolved
TCK-04795,2025-12-23,2025-12-23 08:00:36.000000000,Email,Product Question,Medium,Agent_07,8.01,,Closed
TCK-01757,2025-12-23,2025-12-23 07:13:12.000000000,Email,Complaint,Medium,Agent_08,7.22,3.0,Resolved
TCK-01210,2025-12-23,2025-12-23 02:47:24.000000000,Chat,Technical Issue,High,Agent_11,2.79,,Resolved
TCK-02832,2025-12-23,2025-12-23 04:13:12.000000000,Chat,Technical Issue,Medium,Agent_14,4.22,,Resolved
TCK-04037,2025-12-24,2025-12-24 05:48:36.000000000,Chat,Technical Issue,Low,Agent_03,5.81,,Resolved
TCK-00554,2025-12-24,2025-12-24 09:07:12.000000000,Phone,Technical Issue,Low,Agent_19,9.12,,Resolved
TCK-03159,2025-12-24,2025-12-24 01:58:48.000000000,Chat,Billing,Medium,Agent_16,1.98,4.0,Resolved
TCK-00854,2025-12-24,2025-12-24 01:53:24.000000000,Email,Technical Issue,Medium,Agent_07,1.89,4.0,Resolved
TCK-02190,2025-12-24,2025-12-24 11:39:36.000000000,Email,Account Access,Medium,Agent_12,11.66,2.0,Resolved
TCK-02130,2025-12-24,2025-12-24 02:07:12.000000000,Phone,Technical Issue,Medium,Agent_09,2.12,5.0,Resolved
TCK-02496,2025-12-24,2025-12-24 01:03:36.000000000,Email,Billing,High,Agent_18,1.06,,Resolved
TCK-04213,2025-12-24,2025-12-24 01:45:00.000000000,Chat,Refund Request,Medium,Agent_02,1.75,,Closed
TCK-01341,2025-12-24,2025-12-24 03:39:00.000000000,Phone,Technical Issue,Medium,Agent_20,3.65,,Resolved
TCK-02587,2025-12-24,2025-12-24 05:30:36.000000000,Email,Technical Issue,Medium,Agent_01,5.51,4.0,Resolved
TCK-04277,2025-12-24,2025-12-24 07:01:12.000000000,Chat,Technical Issue,Medium,Agent_07,7.02,3.0,Resolved
TCK-00874,2025-12-24,2025-12-24 05:16:12.000000000,Email,Product Question,Low,Agent_14,5.27,,Resolved
TCK-03386,2025-12-24,2025-12-24 02:34:47.999999999,Chat,Billing,Low,Agent_20,2.58,,Closed
TCK-00811,2025-12-24,2025-12-24 04:46:48.000000000,Chat,Billing,Low,Agent_19,4.78,4.0,Resolved
TCK-01706,2025-12-24,2025-12-24 02:00:00.000000000,Chat,Complaint,Urgent,Agent_20,2.0,4.0,Resolved
TCK-04050,2025-12-25,2025-12-25 03:21:00.000000000,Chat,Account Access,Low,Agent_04,3.35,5.0,Closed
TCK-00101,2025-12-25,2025-12-25 04:40:48.000000000,Chat,Technical Issue,Medium,Agent_19,4.68,2.0,Closed
TCK-02515,2025-12-25,2025-12-25 01:07:48.000000000,Phone,Refund Request,High,Agent_20,1.13,,Resolved
TCK-01158,2025-12-25,2025-12-25 01:36:00.000000000,Phone,Product Question,Low,Agent_16,1.6,4.0,Resolved
TCK-02650,2025-12-25,2025-12-25 10:31:48.000000000,Email,Billing,Medium,Agent_07,10.53,,Closed
TCK-02934,2025-12-25,2025-12-25 03:34:11.999999999,Email,Billing,Low,Agent_02,3.57,4.0,Closed
TCK-01636,2025-12-25,2025-12-25 06:34:11.999999999,Email,Complaint,High,Agent_14,6.57,,Resolved
TCK-01667,2025-12-25,2025-12-25 03:12:36.000000000,Email,Product Question,Low,Agent_14,3.21,4.0,Reopened
TCK-03230,2025-12-25,2025-12-25 02:55:48.000000000,Social Media,Billing,Medium,Agent_05,2.93,,Resolved
TCK-04049,2025-12-25,2025-12-25 00:48:00.000000000,Phone,Technical Issue,High,Agent_03,0.8,5.0,Resolved
TCK-01790,2025-12-25,2025-12-25 06:09:36.000000000,Phone,Account Access,Medium,Agent_01,6.16,4.0,Resolved
TCK-03706,2025-12-26,2025-12-26 04:49:48.000000000,Email,Technical Issue,Medium,Agent_16,4.83,3.0,Resolved
TCK-03708,2025-12-26,2025-12-26 02:53:24.000000000,Email,Product Question,High,Agent_14,2.89,,Closed
TCK-03745,2025-12-26,2025-12-26 02:25:48.000000000,Phone,Billing,Urgent,Agent_09,2.43,,Resolved
TCK-01995,2025-12-26,2025-12-26 06:52:48.000000000,Email,Billing,Medium,Agent_01,6.88,,Resolved
TCK-04923,2025-12-26,2025-12-26 02:23:24.000000000,Phone,Technical Issue,Medium,Agent_20,2.39,3.0,Resolved
TCK-03739,2025-12-26,2025-12-26 01:21:00.000000000,Phone,Technical Issue,High,Agent_02,1.35,4.0,Closed
TCK-01530,2025-12-26,2025-12-26 01:16:48.000000000,Phone,Technical Issue,Low,Agent_16,1.28,,Resolved
TCK-01788,2025-12-26,2025-12-26 00:32:24.000000000,Email,Refund Request,Urgent,Agent_01,0.54,,Resolved
TCK-03321,2025-12-26,2025-12-26 04:09:00.000000000,Email,Product Question,Medium,Agent_14,4.15,,Resolved
TCK-04612,2025-12-26,2025-12-26 07:23:24.000000000,Phone,Billing,Low,Agent_12,7.39,4.0,Resolved
TCK-01353,2025-12-26,2025-12-26 03:09:00.000000000,Email,Billing,High,Agent_04,3.15,,Resolved
TCK-04083,2025-12-26,2025-12-26 02:23:24.000000000,Email,Technical Issue,Low,Agent_15,2.39,,Resolved
TCK-03553,2025-12-26,2025-12-26 04:30:00.000000000,Email,Complaint,Medium,Agent_15,4.5,5.0,Resolved
TCK-01206,2025-12-26,2025-12-26 02:46:48.000000000,Chat,Refund Request,Urgent,Agent_11,2.78,3.0,Reopened
TCK-00515,2025-12-26,2025-12-26 01:27:36.000000000,Social Media,Billing,Low,Agent_05,1.46,4.0,Resolved
TCK-03179,2025-12-26,2025-12-26 01:57:00.000000000,Chat,Complaint,Medium,Agent_05,1.95,,Closed
TCK-03364,2025-12-26,2025-12-26 01:58:48.000000000,Social Media,Complaint,High,Agent_11,1.98,4.0,Resolved
TCK-01163,2025-12-26,2025-12-26 06:19:48.000000000,Email,Product Question,Low,Agent_19,6.33,4.0,Resolved
TCK-01188,2025-12-26,2025-12-26 04:33:36.000000000,Phone,Billing,Medium,Agent_07,4.56,5.0,Resolved
TCK-01417,2025-12-26,2025-12-26 02:25:48.000000000,Email,Technical Issue,High,Agent_20,2.43,3.0,Resolved
TCK-03331,2025-12-27,2025-12-27 04:37:48.000000000,Social Media,Technical Issue,Low,Agent_06,4.63,,Resolved
TCK-02339,2025-12-27,2025-12-27 02:59:24.000000000,Email,Account Access,Low,Agent_03,2.99,4.0,Closed
TCK-01707,2025-12-27,2025-12-27 04:12:36.000000000,Phone,Refund Request,Low,Agent_13,4.21,4.0,Reopened
TCK-04561,2025-12-27,2025-12-27 04:22:48.000000000,Chat,Complaint,High,Agent_06,4.38,4.0,Resolved
TCK-04062,2025-12-27,2025-12-27 01:56:24.000000000,Phone,Product Question,High,Agent_15,1.94,4.0,Reopened
TCK-03372,2025-12-27,2025-12-27 01:27:36.000000000,Phone,Technical Issue,Medium,Agent_16,1.46,4.0,Resolved
TCK-01922,2025-12-27,2025-12-27 01:45:36.000000000,Email,Refund Request,Medium,Agent_13,1.76,4.0,Resolved
TCK-04484,2025-12-27,2025-12-27 01:27:00.000000000,Phone,Refund Request,Urgent,Agent_12,1.45,4.0,Resolved
TCK-01999,2025-12-27,2025-12-27 06:35:24.000000000,Chat,Technical Issue,Low,Agent_13,6.59,4.0,Resolved
TCK-03938,2025-12-27,2025-12-27 05:01:12.000000000,Phone,Billing,High,Agent_03,5.02,,Resolved
TCK-04734,2025-12-27,2025-12-27 05:30:36.000000000,Phone,Billing,Low,Agent_07,5.51,,Closed
TCK-02613,2025-12-27,2025-12-27 05:30:36.000000000,Email,Technical Issue,High,Agent_17,5.51,,Resolved
TCK-00732,2025-12-27,2025-12-27 02:34:47.999999999,Phone,Billing,Low,Agent_10,2.58,4.0,Resolved
TCK-04095,2025-12-27,2025-12-27 03:40:12.000000000,Social Media,Complaint,Medium,Agent_10,3.67,5.0,Resolved
TCK-02715,2025-12-28,2025-12-28 03:13:48.000000000,Phone,Product Question,Low,Agent_05,3.23,4.0,Resolved
TCK-00307,2025-12-28,2025-12-28 05:29:24.000000000,Phone,Product Question,High,Agent_20,5.49,4.0,Resolved
TCK-02336,2025-12-28,2025-12-28 04:33:36.000000000,Chat,Billing,Medium,Agent_15,4.56,,Resolved
TCK-04953,2025-12-28,2025-12-28 05:36:36.000000000,Email,Technical Issue,Medium,Agent_03,5.61,,Resolved
TCK-04226,2025-12-28,2025-12-28 09:31:48.000000000,Email,Complaint,Medium,Agent_10,9.53,,Resolved
TCK-00225,2025-12-28,2025-12-28 04:03:36.000000000,Email,Product Question,High,Agent_11,4.06,2.0,Resolved
TCK-01048,2025-12-28,2025-12-28 07:52:48.000000000,Phone,Technical Issue,Low,Agent_06,7.88,4.0,Resolved
TCK-04653,2025-12-28,2025-12-28 01:13:12.000000000,Phone,Technical Issue,Medium,Agent_14,1.22,5.0,Resolved
TCK-03494,2025-12-28,2025-12-28 02:01:48.000000000,Phone,Technical Issue,Low,Agent_20,2.03,3.0,Resolved
TCK-02763,2025-12-28,2025-12-28 03:52:12.000000000,Social Media,Technical Issue,High,Agent_15,3.87,,Resolved
TCK-01580,2025-12-28,2025-12-28 01:44:24.000000000,Chat,Refund Request,Medium,Agent_05,1.74,5.0,Resolved
TCK-03686,2025-12-28,2025-12-28 02:37:48.000000000,Phone,Billing,Medium,Agent_13,2.63,4.0,Resolved
TCK-03109,2025-12-28,2025-12-28 00:58:48.000000000,Email,Complaint,Medium,Agent_16,0.98,4.0,Resolved
TCK-04678,2025-12-28,2025-12-28 04:36:00.000000000,Chat,Technical Issue,Low,Agent_19,4.6,,Closed
TCK-01042,2025-12-28,2025-12-28 04:02:24.000000000,Phone,Technical Issue,Low,Agent_02,4.04,5.0,Resolved
TCK-04752,2025-12-28,2025-12-28 07:15:00.000000000,Chat,Billing,Medium,Agent_17,7.25,4.0,Closed
TCK-04481,2025-12-28,2025-12-28 07:07:48.000000000,Phone,Account Access,Medium,Agent_12,7.13,4.0,Closed
TCK-02728,2025-12-29,2025-12-29 04:39:00.000000000,Email,Technical Issue,Low,Agent_12,4.65,,Resolved
TCK-00105,2025-12-29,2025-12-29 03:17:23.999999999,Phone,Technical Issue,High,Agent_11,3.29,4.0,Closed
TCK-03198,2025-12-29,2025-12-29 01:16:48.000000000,Social Media,Product Question,High,Agent_14,1.28,,Closed
TCK-02006,2025-12-29,2025-12-29 04:25:48.000000000,Phone,Account Access,Medium,Agent_19,4.43,,Closed
TCK-04256,2025-12-29,2025-12-29 02:09:00.000000000,Email,Billing,High,Agent_07,2.15,,Resolved
TCK-01586,2025-12-29,2025-12-29 03:55:12.000000000,Email,Product Question,Low,Agent_12,3.92,4.0,Resolved
TCK-02220,2025-12-29,2025-12-29 02:43:12.000000000,Phone,Product Question,High,Agent_17,2.72,5.0,Resolved
TCK-03239,2025-12-29,2025-12-29 04:14:24.000000000,Email,Refund Request,Medium,Agent_17,4.24,4.0,Resolved
TCK-01958,2025-12-29,2025-12-29 03:19:12.000000000,Email,Product Question,High,Agent_19,3.32,4.0,Resolved
TCK-00316,2025-12-29,2025-12-29 18:35:24.000000000,Phone,Technical Issue,Low,Agent_12,18.59,,Resolved
TCK-02577,2025-12-29,2025-12-29 01:50:24.000000000,Phone,Billing,Medium,Agent_16,1.84,3.0,Resolved
TCK-04176,2025-12-29,2025-12-29 09:18:36.000000000,Email,Complaint,Medium,Agent_19,9.31,4.0,Resolved
TCK-03684,2025-12-29,2025-12-29 08:28:48.000000000,Email,Billing,Medium,Agent_20,8.48,,Resolved
TCK-00651,2025-12-30,2025-12-30 00:52:12.000000000,Social Media,Refund Request,Urgent,Agent_14,0.87,5.0,Resolved
TCK-01382,2025-12-30,2025-12-30 02:22:48.000000000,Chat,Complaint,Medium,Agent_04,2.38,4.0,Resolved
TCK-02133,2025-12-30,2025-12-30 04:34:47.999999999,Email,Billing,Medium,Agent_04,4.58,,Closed
TCK-00121,2025-12-30,2025-12-30 02:13:48.000000000,Phone,Billing,Medium,Agent_02,2.23,3.0,Resolved
TCK-04999,2025-12-30,2025-12-30 09:13:12.000000000,Email,Billing,Medium,Agent_01,9.22,,Resolved
TCK-04582,2025-12-30,2025-12-30 09:25:12.000000000,Email,Technical Issue,Medium,Agent_08,9.42,,Closed
TCK-02916,2025-12-30,2025-12-30 01:33:36.000000000,Email,Refund Request,Medium,Agent_18,1.56,3.0,Reopened
TCK-00471,2025-12-30,2025-12-30 20:22:12.000000000,Chat,Account Access,Medium,Agent_07,20.37,1.0,Resolved
TCK-03135,2025-12-30,2025-12-30 01:55:48.000000000,Email,Technical Issue,Low,Agent_10,1.93,,Resolved
TCK-00770,2025-12-30,2025-12-30 02:10:12.000000000,Email,Technical Issue,Urgent,Agent_16,2.17,3.0,Resolved
TCK-02480,2025-12-30,2025-12-30 02:07:12.000000000,Phone,Technical Issue,High,Agent_05,2.12,5.0,Resolved
TCK-01016,2025-12-30,2025-12-30 10:49:12.000000000,Chat,Technical Issue,Medium,Agent_04,10.82,3.0,Resolved
TCK-01077,2025-12-30,2025-12-30 05:22:48.000000000,Chat,Product Question,Low,Agent_12,5.38,4.0,Resolved
TCK-03118,2025-12-30,2025-12-30 05:57:36.000000000,Phone,Complaint,Low,Agent_02,5.96,4.0,Closed
TCK-01519,2025-12-30,2025-12-30 02:36:00.000000000,Email,Technical Issue,High,Agent_10,2.6,,Resolved
TCK-03581,2025-12-30,2025-12-30 08:34:11.999999999,Phone,Complaint,Medium,Agent_20,8.57,5.0,Resolved
TCK-03167,2025-12-31,2025-12-31 07:09:00.000000000,Email,Complaint,High,Agent_02,7.15,3.0,Resolved
TCK-01296,2025-12-31,2025-12-31 02:40:12.000000000,Email,Technical Issue,Urgent,Agent_15,2.67,5.0,Resolved
TCK-00361,2025-12-31,2025-12-31 05:14:24.000000000,Email,Technical Issue,Low,Agent_01,5.24,3.0,Closed
TCK-04842,2025-12-31,2025-12-31 03:43:48.000000000,Chat,Account Access,Low,Agent_20,3.73,2.0,Resolved
TCK-00780,2025-12-31,2025-12-31 04:52:48.000000000,Email,Technical Issue,Medium,Agent_19,4.88,,Resolved
TCK-01129,2025-12-31,2025-12-31 07:10:48.000000000,Email,Technical Issue,Low,Agent_02,7.18,,Resolved
TCK-02222,2025-12-31,2025-12-31 04:55:48.000000000,Email,Technical Issue,Medium,Agent_05,4.93,,Resolved
TCK-02178,2025-12-31,2025-12-31 01:34:47.999999999,Phone,Technical Issue,High,Agent_20,1.58,4.0,Resolved
TCK-04463,2025-12-31,2025-12-31 05:18:00.000000000,Email,Technical Issue,Low,Agent_20,5.3,3.0,Resolved
TCK-03609,2025-12-31,2025-12-31 04:11:24.000000000,Phone,Billing,Medium,Agent_05,4.19,4.0,Closed
TCK-03672,2025-12-31,2025-12-31 03:23:24.000000000,Email,Billing,Low,Agent_01,3.39,4.0,Resolved
TCK-04382,2025-12-31,2025-12-31 08:42:36.000000000,Phone,Technical Issue,Low,Agent_08,8.71,,Resolved
TCK-01306,2025-12-31,2025-12-31 02:31:12.000000000,Phone,Complaint,Medium,Agent_19,2.52,4.0,Resolved
TCK-03082,2025-12-31,2025-12-31 11:39:00.000000000,Email,Product Question,Low,Agent_09,11.65,2.0,Resolved
